date,open,high,low,close,volume
2016-01-04T14:30,45.81999969482422,45.86000061035156,45.31999969482422,45.52000045776367,938112
2016-01-04T16:30,45.5099983215332,45.72999954223633,45.38999938964844,45.619998931884766,747676
2016-01-04T18:30,45.619998931884766,46,45.52000045776367,46,1429008
2016-01-05T14:30,45.97999954223633,46.09000015258789,45.34000015258789,45.869998931884766,989166
2016-01-05T16:30,45.869998931884766,46.150001525878906,45.849998474121094,46.119998931884766,519777
2016-01-05T18:30,46.130001068115234,46.41999816894531,46.06999969482422,46.33000183105469,986932
2016-01-06T14:30,45.939998626708984,46.45000076293945,45.779998779296875,46.349998474121094,703222
2016-01-06T16:30,46.349998474121094,46.470001220703125,46.15999984741211,46.40999984741211,410307
2016-01-06T18:30,46.41999816894531,46.630001068115234,46.27000045776367,46.439998626708984,1061612
2016-01-07T14:30,45.900001525878906,46.36000061035156,45.869998931884766,46.150001525878906,813823
2016-01-07T16:30,46.15999984741211,46.220001220703125,45.869998931884766,45.95000076293945,491210
2016-01-07T18:30,45.939998626708984,46.189998626708984,45.79999923706055,46.0099983215332,1349927
2016-01-08T14:30,45.939998626708984,46.2599983215332,45.84000015258789,46.04999923706055,631537
2016-01-08T16:30,46.04999923706055,46.310001373291016,45.869998931884766,46.25,487677
2016-01-08T18:30,46.25,46.27000045776367,45.810001373291016,45.880001068115234,820479
2016-01-11T14:30,46.029998779296875,46.439998626708984,46,46.41999816894531,675040
2016-01-11T16:30,46.41999816894531,46.459999084472656,46.2400016784668,46.38999938964844,517150
2016-01-11T18:30,46.380001068115234,46.54999923706055,46.16999816894531,46.38999938964844,1498739
2016-01-12T14:30,46.59000015258789,46.68000030517578,45.709999084472656,46.06999969482422,890584
2016-01-12T16:30,46.06999969482422,46.06999969482422,45.61000061035156,45.630001068115234,717420
2016-01-12T18:30,45.630001068115234,46.150001525878906,45.619998931884766,46.040000915527344,1179848
2016-01-13T14:30,46.099998474121094,46.5099983215332,46.04999923706055,46.5,640717
2016-01-13T16:30,46.4900016784668,46.650001525878906,46.400001525878906,46.5,475616
2016-01-13T18:30,46.5099983215332,46.7400016784668,46.11000061035156,46.31999969482422,1294037
2016-01-14T14:30,46.34000015258789,46.959999084472656,45.970001220703125,46.79999923706055,1063628
2016-01-14T16:30,46.79999923706055,46.810001373291016,46.41999816894531,46.68000030517578,480813
2016-01-14T18:30,46.68000030517578,47.04999923706055,46.599998474121094,46.7400016784668,1560315
2016-01-15T14:30,46.18000030517578,46.61000061035156,46.029998779296875,46.36000061035156,1476673
2016-01-15T16:30,46.36000061035156,46.45000076293945,46.040000915527344,46.040000915527344,992749
2016-01-15T18:30,46.029998779296875,46.709999084472656,45.880001068115234,46.560001373291016,1759283
2016-01-19T14:30,46.81999969482422,47.27000045776367,46.56999969482422,46.95000076293945,761355
2016-01-19T16:30,46.959999084472656,47.130001068115234,46.84000015258789,46.959999084472656,613487
2016-01-19T18:30,46.95000076293945,47.38999938964844,46.880001068115234,47.2599983215332,1502926
2016-01-20T14:30,46.93000030517578,47.150001525878906,46.2400016784668,46.279998779296875,1118382
2016-01-20T16:30,46.27000045776367,46.349998474121094,45.63999938964844,45.91999816894531,815637
2016-01-20T18:30,45.93000030517578,46.41999816894531,45.7599983215332,46.13999938964844,1438844
2016-01-21T14:30,46.41999816894531,46.599998474121094,45.7599983215332,45.97999954223633,1140576
2016-01-21T16:30,46,46.02000045776367,45.4900016784668,45.52000045776367,1199550
2016-01-21T18:30,45.529998779296875,46.08000183105469,45.45000076293945,45.91999816894531,1761499
2016-01-22T14:30,46.2400016784668,46.27000045776367,45.84000015258789,46.2400016784668,1204608
2016-01-22T16:30,46.2400016784668,46.439998626708984,46.15999984741211,46.369998931884766,595346
2016-01-22T18:30,46.380001068115234,46.66999816894531,46.380001068115234,46.630001068115234,1137025
2016-01-25T14:30,46.63999938964844,46.66999816894531,46.20000076293945,46.5,673985
2016-01-25T16:30,46.5099983215332,46.70000076293945,46.459999084472656,46.599998474121094,433610
2016-01-25T18:30,46.599998474121094,46.630001068115234,46.209999084472656,46.400001525878906,1085255
2016-01-26T14:30,46.5099983215332,47.290000915527344,46.41999816894531,46.650001525878906,892219
2016-01-26T16:30,46.65999984741211,46.84000015258789,46.5099983215332,46.5099983215332,550324
2016-01-26T18:30,46.5099983215332,46.65999984741211,46.349998474121094,46.65999984741211,955558
2016-01-27T14:30,46.5099983215332,46.84000015258789,46.290000915527344,46.84000015258789,669837
2016-01-27T16:30,46.84000015258789,47.09000015258789,46.81999969482422,47,358466
2016-01-27T18:30,47.0099983215332,47.040000915527344,46.400001525878906,46.779998779296875,901498
2016-01-28T14:30,46.619998931884766,47.27000045776367,46.400001525878906,47.16999816894531,697008
2016-01-28T16:30,47.150001525878906,47.54999923706055,47,47.54999923706055,444955
2016-01-28T18:30,47.540000915527344,47.779998779296875,47.40999984741211,47.459999084472656,940872
2016-01-29T14:30,47.79999923706055,48.36000061035156,47.7599983215332,48.29999923706055,1148523
2016-01-29T16:30,48.29999923706055,48.56999969482422,48.16999816894531,48.470001220703125,948894
2016-01-29T18:30,48.47999954223633,48.720001220703125,48.33000183105469,48.630001068115234,1792438
2016-02-01T14:30,48.650001525878906,49.97999954223633,48.459999084472656,49.869998931884766,2566779
2016-02-01T16:30,49.869998931884766,50.18000030517578,49.7599983215332,49.9900016784668,1501826
2016-02-01T18:30,49.9900016784668,50.150001525878906,49.560001373291016,49.7400016784668,1956751
2016-02-02T14:30,49.15999984741211,49.599998474121094,49.119998931884766,49.43000030517578,1491207
2016-02-02T16:30,49.43000030517578,49.58000183105469,49.369998931884766,49.4900016784668,928789
2016-02-02T18:30,49.4900016784668,49.70000076293945,49.34000015258789,49.58000183105469,1971825
2016-02-03T14:30,49.63999938964844,50.59000015258789,49.59000015258789,50.52000045776367,1597635
2016-02-03T16:30,50.529998779296875,50.560001373291016,50.13999938964844,50.400001525878906,1012125
2016-02-03T18:30,50.400001525878906,50.849998474121094,50.220001220703125,50.7400016784668,2103952
2016-02-04T14:30,50.54999923706055,51.04999923706055,50.310001373291016,50.720001220703125,2143936
2016-02-04T16:30,50.72999954223633,50.97999954223633,50.59000015258789,50.959999084472656,814994
2016-02-04T18:30,50.959999084472656,51.04999923706055,50.689998626708984,50.75,1421754
2016-02-05T14:30,50.5,50.970001220703125,49.970001220703125,50.900001525878906,1461094
2016-02-05T16:30,50.90999984741211,50.970001220703125,50.59000015258789,50.93000030517578,550691
2016-02-05T18:30,50.91999816894531,51.18000030517578,50.88999938964844,51.04999923706055,1233545
2016-02-08T14:30,51.20000076293945,51.7400016784668,51.040000915527344,51.04999923706055,2062787
2016-02-08T16:30,51.04999923706055,51.36000061035156,50.779998779296875,51.31999969482422,788514
2016-02-08T18:30,51.31999969482422,51.40999984741211,50.88999938964844,51.15999984741211,1891497
2016-02-09T14:30,50.869998931884766,51.560001373291016,50.540000915527344,51.04999923706055,1350290
2016-02-09T16:30,51.04999923706055,51.18000030517578,50.790000915527344,51.04999923706055,733516
2016-02-09T18:30,51.060001373291016,51.209999084472656,50.95000076293945,50.97999954223633,1431226
2016-02-10T14:30,50.66999816894531,50.9900016784668,49.869998931884766,50.2599983215332,1584862
2016-02-10T16:30,50.25,51.0099983215332,50.220001220703125,50.88999938964844,667847
2016-02-10T18:30,50.900001525878906,51.290000915527344,50.869998931884766,51,1638280
2016-02-11T14:30,50.7599983215332,51.119998931884766,50.27000045776367,50.709999084472656,1331596
2016-02-11T16:30,50.709999084472656,50.709999084472656,50.29999923706055,50.599998474121094,870524
2016-02-11T18:30,50.59000015258789,50.59000015258789,50.119998931884766,50.13999938964844,1652783
2016-02-12T14:30,50.470001220703125,50.470001220703125,49.68000030517578,49.869998931884766,1116586
2016-02-12T16:30,49.86000061035156,49.959999084472656,49.29999923706055,49.939998626708984,1041393
2016-02-12T18:30,49.939998626708984,49.9900016784668,49.58000183105469,49.7599983215332,1878724
2016-02-16T14:30,49.75,49.849998474121094,49.2599983215332,49.81999969482422,1303631
2016-02-16T16:30,49.84000015258789,49.939998626708984,49.650001525878906,49.65999984741211,611946
2016-02-16T18:30,49.66999816894531,49.810001373291016,49.40999984741211,49.790000915527344,1236408
2016-02-17T14:30,49.959999084472656,49.9900016784668,49.13999938964844,49.380001068115234,1320751
2016-02-17T16:30,49.380001068115234,49.4900016784668,49.29999923706055,49.36000061035156,955032
2016-02-17T18:30,49.36000061035156,49.470001220703125,49.22999954223633,49.29999923706055,2255106
2016-02-18T14:30,48.9900016784668,49.68000030517578,48.7599983215332,49.34000015258789,2256794
2016-02-18T16:30,49.34000015258789,49.90999984741211,49.31999969482422,49.810001373291016,1558150
2016-02-18T18:30,49.810001373291016,50.04999923706055,49.52000045776367,49.7400016784668,2480653
2016-02-19T14:30,49.56999969482422,49.56999969482422,48.45000076293945,48.720001220703125,2542086
2016-02-19T16:30,48.720001220703125,48.939998626708984,48.66999816894531,48.77000045776367,959924
2016-02-19T18:30,48.77000045776367,48.810001373291016,48.43000030517578,48.63999938964844,2376744
2016-02-22T14:30,48.7400016784668,49.08000183105469,48.47999954223633,48.810001373291016,1154493
2016-02-22T16:30,48.810001373291016,49.099998474121094,48.79999923706055,48.810001373291016,968914
2016-02-22T18:30,48.81999969482422,48.97999954223633,48.790000915527344,48.869998931884766,1560953
2016-02-23T14:30,48.72999954223633,49.06999969482422,48.459999084472656,48.959999084472656,1059430
2016-02-23T16:30,48.939998626708984,48.97999954223633,48.75,48.900001525878906,892556
2016-02-23T18:30,48.90999984741211,48.97999954223633,48.70000076293945,48.84000015258789,1974146
2016-02-24T14:30,48.959999084472656,49.25,48.540000915527344,48.68000030517578,1247004
2016-02-24T16:30,48.68000030517578,48.83000183105469,48.529998779296875,48.689998626708984,905379
2016-02-24T18:30,48.689998626708984,49.099998474121094,48.65999984741211,48.91999816894531,1495975
2016-02-25T14:30,49.06999969482422,49.369998931884766,48.86000061035156,49.34000015258789,607691
2016-02-25T16:30,49.34000015258789,49.439998626708984,49.220001220703125,49.349998474121094,670328
2016-02-25T18:30,49.34000015258789,49.90999984741211,49.279998779296875,49.900001525878906,2017098
2016-02-26T14:30,49.63999938964844,49.81999969482422,48.7599983215332,48.810001373291016,1412460
2016-02-26T16:30,48.810001373291016,48.849998474121094,48.36000061035156,48.369998931884766,1092021
2016-02-26T18:30,48.369998931884766,48.54999923706055,48.279998779296875,48.29999923706055,1520927
2016-02-29T14:30,48.279998779296875,48.709999084472656,48.16999816894531,48.70000076293945,928740
2016-02-29T16:30,48.70000076293945,48.900001525878906,48.65999984741211,48.77000045776367,488819
2016-02-29T18:30,48.7599983215332,48.93000030517578,48.470001220703125,48.470001220703125,1140463
2016-03-01T14:30,48.7400016784668,48.779998779296875,47.970001220703125,48.130001068115234,1369833
2016-03-01T16:30,48.130001068115234,48.189998626708984,47.630001068115234,47.709999084472656,1221773
2016-03-01T18:30,47.709999084472656,48.25,47.459999084472656,47.83000183105469,3289266
2016-03-02T14:30,47.869998931884766,48.16999816894531,47.31999969482422,47.939998626708984,6527092
2016-03-02T16:30,47.939998626708984,48.22999954223633,47.810001373291016,48.18000030517578,1657391
2016-03-02T18:30,48.16999816894531,48.189998626708984,47.939998626708984,48.08000183105469,2592808
2016-03-03T14:30,48.08000183105469,48.2599983215332,47.619998931884766,48.20000076293945,1380001
2016-03-03T16:30,48.189998626708984,48.2599983215332,47.88999938964844,48.08000183105469,686302
2016-03-03T18:30,48.08000183105469,48.58000183105469,48.04999923706055,48.529998779296875,1756613
2016-03-04T14:30,48.29999923706055,48.91999816894531,48.09000015258789,48.77000045776367,1400635
2016-03-04T16:30,48.77000045776367,49.119998931884766,48.720001220703125,49.09000015258789,628055
2016-03-04T18:30,49.09000015258789,49.31999969482422,48.9900016784668,49.04999923706055,1506691
2016-03-07T14:30,48.959999084472656,49.52000045776367,48.849998474121094,49.47999954223633,789844
2016-03-07T16:30,49.4900016784668,49.66999816894531,49.349998474121094,49.619998931884766,791208
2016-03-07T18:30,49.619998931884766,49.790000915527344,49.59000015258789,49.790000915527344,1712846
2016-03-08T14:30,49.81999969482422,50.459999084472656,49.54999923706055,50.2400016784668,1414913
2016-03-08T16:30,50.2400016784668,50.34000015258789,50.150001525878906,50.16999816894531,597109
2016-03-08T18:30,50.16999816894531,50.470001220703125,50.15999984741211,50.439998626708984,2313281
2016-03-09T14:30,50.27000045776367,50.810001373291016,50.06999969482422,50.40999984741211,1353276
2016-03-09T16:30,50.41999816894531,50.709999084472656,50.27000045776367,50.54999923706055,1224083
2016-03-09T18:30,50.540000915527344,50.63999938964844,50.290000915527344,50.59000015258789,2120240
2016-03-10T14:30,50.599998474121094,50.84000015258789,50.33000183105469,50.41999816894531,1074187
2016-03-10T16:30,50.43000030517578,50.630001068115234,50.15999984741211,50.529998779296875,1525302
2016-03-10T18:30,50.529998779296875,50.720001220703125,50.2599983215332,50.45000076293945,1735551
2016-03-11T14:30,50.81999969482422,51.02000045776367,50.61000061035156,50.959999084472656,998458
2016-03-11T16:30,50.959999084472656,51.0099983215332,50.650001525878906,50.66999816894531,429003
2016-03-11T18:30,50.68000030517578,50.869998931884766,50.599998474121094,50.75,1182398
2016-03-14T13:30,50.900001525878906,50.95000076293945,50.40999984741211,50.58000183105469,1044436
2016-03-14T15:30,50.58000183105469,50.779998779296875,50.540000915527344,50.59000015258789,617907
2016-03-14T17:30,50.59000015258789,50.81999969482422,50.58000183105469,50.75,952842
2016-03-15T13:30,50.599998474121094,51.09000015258789,50.560001373291016,50.75,1081644
2016-03-15T15:30,50.75,50.970001220703125,50.599998474121094,50.880001068115234,750532
2016-03-15T17:30,50.88999938964844,51.029998779296875,50.79999923706055,50.95000076293945,1095577
2016-03-16T13:30,51.04999923706055,51.060001373291016,50.31999969482422,50.52000045776367,697542
2016-03-16T15:30,50.52000045776367,50.599998474121094,50.380001068115234,50.41999816894531,504247
2016-03-16T17:30,50.43000030517578,51.630001068115234,50.40999984741211,51.540000915527344,2029577
2016-03-17T13:30,51.61000061035156,51.900001525878906,51.369998931884766,51.88999938964844,755800
2016-03-17T15:30,51.88999938964844,52.209999084472656,51.79999923706055,52.20000076293945,760031
2016-03-17T17:30,52.20000076293945,52.369998931884766,52.119998931884766,52.209999084472656,1830797
2016-03-18T13:30,52.400001525878906,52.4900016784668,51.88999938964844,52,3122684
2016-03-18T15:30,52.0099983215332,52.13999938964844,51.88999938964844,52.02000045776367,581514
2016-03-18T17:30,52.02000045776367,52.119998931884766,51.849998474121094,51.939998626708984,1664251
2016-03-21T13:30,51.61000061035156,52.02000045776367,51.279998779296875,51.9900016784668,849173
2016-03-21T15:30,51.9900016784668,52.189998626708984,51.88999938964844,52.060001373291016,404006
2016-03-21T17:30,52.060001373291016,52.130001068115234,51.84000015258789,51.900001525878906,746943
2016-03-22T13:30,51.849998474121094,52.099998474121094,51.66999816894531,51.86000061035156,634935
2016-03-22T15:30,51.86000061035156,51.91999816894531,51.720001220703125,51.86000061035156,406373
2016-03-22T17:30,51.86000061035156,51.880001068115234,51.470001220703125,51.5099983215332,1380753
2016-03-23T13:30,51.47999954223633,51.9900016784668,51.20000076293945,51.90999984741211,744918
2016-03-23T15:30,51.90999984741211,52.09000015258789,51.84000015258789,51.95000076293945,498505
2016-03-23T17:30,51.95000076293945,52.22999954223633,51.939998626708984,52.099998474121094,1106842
2016-03-24T13:30,51.93000030517578,52.29999923706055,51.810001373291016,51.810001373291016,780307
2016-03-24T15:30,51.810001373291016,52.119998931884766,51.790000915527344,52.119998931884766,633804
2016-03-24T17:30,52.119998931884766,52.13999938964844,51.970001220703125,52.06999969482422,883284
2016-03-28T13:30,52.060001373291016,52.459999084472656,51.779998779296875,51.869998931884766,540238
2016-03-28T15:30,51.86000061035156,51.970001220703125,51.779998779296875,51.81999969482422,312317
2016-03-28T17:30,51.81999969482422,51.9900016784668,51.779998779296875,51.880001068115234,657421
2016-03-29T13:30,52.029998779296875,52.119998931884766,51.61000061035156,51.75,618395
2016-03-29T15:30,51.75,52.189998626708984,51.7400016784668,52.18000030517578,690554
2016-03-29T17:30,52.18000030517578,52.529998779296875,52.09000015258789,52.5099983215332,1009805
2016-03-30T13:30,52.4900016784668,52.61000061035156,52.08000183105469,52.529998779296875,541686
2016-03-30T15:30,52.529998779296875,52.61000061035156,52.369998931884766,52.38999938964844,356319
2016-03-30T17:30,52.38999938964844,52.59000015258789,52.369998931884766,52.459999084472656,602181
2016-03-31T13:30,52.459999084472656,52.630001068115234,52.099998474121094,52.56999969482422,604559
2016-03-31T15:30,52.54999923706055,52.63999938964844,52.38999938964844,52.5,354715
2016-03-31T17:30,52.5,52.689998626708984,52.40999984741211,52.66999816894531,1035139
2016-04-01T13:30,52.540000915527344,53.02000045776367,52.459999084472656,52.5099983215332,910960
2016-04-01T15:30,52.52000045776367,52.68000030517578,52.40999984741211,52.63999938964844,509492
2016-04-01T17:30,52.650001525878906,53.09000015258789,52.58000183105469,52.97999954223633,1134287
2016-04-04T13:30,52.97999954223633,53.130001068115234,52.4900016784668,52.83000183105469,570183
2016-04-04T15:30,52.84000015258789,52.9900016784668,52.720001220703125,52.77000045776367,465102
2016-04-04T17:30,52.77000045776367,52.95000076293945,52.72999954223633,52.95000076293945,711827
2016-04-05T13:30,52.91999816894531,53.130001068115234,52.22999954223633,52.279998779296875,893122
2016-04-05T15:30,52.27000045776367,52.349998474121094,52.15999984741211,52.18000030517578,440043
2016-04-05T17:30,52.189998626708984,52.36000061035156,52.08000183105469,52.15999984741211,1080136
2016-04-06T13:30,51.900001525878906,52.08000183105469,51.5099983215332,51.630001068115234,1103296
2016-04-06T15:30,51.630001068115234,51.689998626708984,51.400001525878906,51.459999084472656,631404
2016-04-06T17:30,51.470001220703125,51.81999969482422,51.36000061035156,51.810001373291016,1212643
2016-04-07T13:30,51.709999084472656,52.22999954223633,51.709999084472656,52.11000061035156,627564
2016-04-07T15:30,52.11000061035156,52.130001068115234,51.869998931884766,51.88999938964844,293183
2016-04-07T17:30,51.88999938964844,52,51.720001220703125,51.77000045776367,1286498
2016-04-08T13:30,51.9900016784668,52.33000183105469,51.9900016784668,52.22999954223633,629111
2016-04-08T15:30,52.22999954223633,52.459999084472656,52.150001525878906,52.290000915527344,377493
2016-04-08T17:30,52.290000915527344,52.33000183105469,51.93000030517578,52.08000183105469,756065
2016-04-11T13:30,52.119998931884766,52.349998474121094,51.86000061035156,51.959999084472656,544020
2016-04-11T15:30,51.970001220703125,52.11000061035156,51.95000076293945,52.08000183105469,331808
2016-04-11T17:30,52.08000183105469,52.11000061035156,51.86000061035156,51.86000061035156,727524
2016-04-12T13:30,51.86000061035156,52.15999984741211,51.79999923706055,52.11000061035156,483208
2016-04-12T15:30,52.099998474121094,52.310001373291016,52.06999969482422,52.220001220703125,589063
2016-04-12T17:30,52.209999084472656,52.47999954223633,52.20000076293945,52.380001068115234,836895
2016-04-13T13:30,52.5,52.5,51.65999984741211,51.880001068115234,603029
2016-04-13T15:30,51.88999938964844,51.9900016784668,51.720001220703125,51.869998931884766,306808
2016-04-13T17:30,51.88999938964844,51.9900016784668,51.83000183105469,51.9900016784668,750817
2016-04-14T13:30,51.970001220703125,52.06999969482422,51.61000061035156,51.709999084472656,570466
2016-04-14T15:30,51.709999084472656,51.93000030517578,51.61000061035156,51.86000061035156,379078
2016-04-14T17:30,51.86000061035156,51.93000030517578,51.7599983215332,51.849998474121094,622123
2016-04-15T13:30,51.869998931884766,52.34000015258789,51.79999923706055,52.18000030517578,894700
2016-04-15T15:30,52.189998626708984,52.310001373291016,52.130001068115234,52.27000045776367,289353
2016-04-15T17:30,52.27000045776367,52.31999969482422,52.15999984741211,52.22999954223633,636751
2016-04-18T13:30,52.130001068115234,52.27000045776367,51.88999938964844,52.2599983215332,541367
2016-04-18T15:30,52.2599983215332,52.380001068115234,52.13999938964844,52.34000015258789,375012
2016-04-18T17:30,52.33000183105469,52.4900016784668,52.31999969482422,52.4900016784668,645785
2016-04-19T13:30,52.59000015258789,52.650001525878906,51.779998779296875,51.810001373291016,1105257
2016-04-19T15:30,51.810001373291016,52.22999954223633,51.79999923706055,52.15999984741211,714102
2016-04-19T17:30,52.15999984741211,52.18000030517578,51.9900016784668,52.08000183105469,1338242
2016-04-20T13:30,52.220001220703125,52.38999938964844,51.7599983215332,52.06999969482422,933809
2016-04-20T15:30,52.08000183105469,52.22999954223633,51.95000076293945,51.970001220703125,452674
2016-04-20T17:30,51.970001220703125,52.029998779296875,51.0099983215332,51.04999923706055,1648079
2016-04-21T13:30,51.04999923706055,51.11000061035156,49.880001068115234,50.220001220703125,1782400
2016-04-21T15:30,50.220001220703125,50.220001220703125,49.77000045776367,49.77000045776367,836214
2016-04-21T17:30,49.779998779296875,50.029998779296875,49.75,49.81999969482422,2003777
2016-04-22T13:30,50.029998779296875,50.33000183105469,49.900001525878906,50.099998474121094,638928
2016-04-22T15:30,50.099998474121094,50.220001220703125,49.97999954223633,50.060001373291016,483674
2016-04-22T17:30,50.06999969482422,50.349998474121094,50.04999923706055,50.279998779296875,1330708
2016-04-25T13:30,50.150001525878906,50.380001068115234,49.91999816894531,49.97999954223633,747639
2016-04-25T15:30,49.97999954223633,50.11000061035156,49.900001525878906,50.09000015258789,611409
2016-04-25T17:30,50.09000015258789,50.11000061035156,49.95000076293945,50.11000061035156,1257925
2016-04-26T13:30,50.25,50.400001525878906,49.959999084472656,50.209999084472656,658537
2016-04-26T15:30,50.20000076293945,50.36000061035156,50.04999923706055,50.119998931884766,436794
2016-04-26T17:30,50.119998931884766,50.25,50.040000915527344,50.2400016784668,753814
2016-04-27T13:30,50.400001525878906,50.81999969482422,50.279998779296875,50.81999969482422,612766
2016-04-27T15:30,50.81999969482422,50.91999816894531,50.619998931884766,50.619998931884766,457866
2016-04-27T17:30,50.619998931884766,51.29999923706055,50.29999923706055,50.95000076293945,1258403
2016-04-28T13:30,50.47999954223633,51.04999923706055,50.279998779296875,51.0099983215332,727001
2016-04-28T15:30,51.0099983215332,51.18000030517578,50.90999984741211,51.06999969482422,386863
2016-04-28T17:30,51.08000183105469,51.20000076293945,50.91999816894531,51.150001525878906,899763
2016-04-29T13:30,50.79999923706055,51.290000915527344,50.43000030517578,51.15999984741211,665280
2016-04-29T15:30,51.15999984741211,51.18000030517578,50.86000061035156,50.880001068115234,389921
2016-04-29T17:30,50.880001068115234,51.47999954223633,50.689998626708984,51.41999816894531,1131213
2016-05-02T13:30,51.459999084472656,51.72999954223633,51.369998931884766,51.709999084472656,775320
2016-05-02T15:30,51.709999084472656,51.9900016784668,51.59000015258789,51.95000076293945,547135
2016-05-02T17:30,51.95000076293945,51.9900016784668,51.52000045776367,51.54999923706055,1409022
2016-05-03T13:30,51.540000915527344,51.970001220703125,51.2599983215332,51.560001373291016,954316
2016-05-03T15:30,51.560001373291016,51.560001373291016,51.220001220703125,51.279998779296875,596590
2016-05-03T17:30,51.27000045776367,51.560001373291016,51.15999984741211,51.459999084472656,1212954
2016-05-04T13:30,51.459999084472656,52.209999084472656,51.34000015258789,52.189998626708984,1070793
2016-05-04T15:30,52.189998626708984,52.630001068115234,52.150001525878906,52.47999954223633,859433
2016-05-04T17:30,52.47999954223633,52.540000915527344,52.209999084472656,52.2400016784668,1309137
2016-05-05T13:30,52.029998779296875,52.709999084472656,51.93000030517578,52.15999984741211,970106
2016-05-05T15:30,52.15999984741211,52.54999923706055,51.95000076293945,51.95000076293945,755429
2016-05-05T17:30,51.95000076293945,52.34000015258789,51.93000030517578,52.34000015258789,1692834
2016-05-06T13:30,52.29999923706055,52.310001373291016,51.15999984741211,51.20000076293945,1836283
2016-05-06T15:30,51.209999084472656,51.689998626708984,51.20000076293945,51.630001068115234,1171961
2016-05-06T17:30,51.619998931884766,51.95000076293945,51.560001373291016,51.81999969482422,1251233
2016-05-09T13:30,51.79999923706055,52.41999816894531,51.66999816894531,52.11000061035156,829678
2016-05-09T15:30,52.099998474121094,52.5099983215332,52.060001373291016,52.22999954223633,593540
2016-05-09T17:30,52.2400016784668,52.34000015258789,52.150001525878906,52.279998779296875,933074
2016-05-10T13:30,52.5,52.54999923706055,52.119998931884766,52.25,797364
2016-05-10T15:30,52.2599983215332,52.34000015258789,52.13999938964844,52.2400016784668,543344
2016-05-10T17:30,52.25,52.439998626708984,52.22999954223633,52.27000045776367,914615
2016-05-11T13:30,52.41999816894531,52.540000915527344,51.93000030517578,52.02000045776367,828519
2016-05-11T15:30,52.0099983215332,52.279998779296875,51.9900016784668,52.25,470424
2016-05-11T17:30,52.25,52.54999923706055,52.22999954223633,52.540000915527344,982213
2016-05-12T13:30,52.459999084472656,52.97999954223633,52.16999816894531,52.91999816894531,866027
2016-05-12T15:30,52.93000030517578,53.060001373291016,52.7599983215332,53.040000915527344,694795
2016-05-12T17:30,53.040000915527344,53.060001373291016,52.880001068115234,52.939998626708984,1040045
2016-05-13T13:30,52.93000030517578,52.97999954223633,52.400001525878906,52.93000030517578,816549
2016-05-13T15:30,52.93000030517578,52.93000030517578,52.709999084472656,52.7599983215332,340568
2016-05-13T17:30,52.75,52.779998779296875,52.59000015258789,52.72999954223633,1217548
2016-05-16T13:30,52.61000061035156,52.790000915527344,52.33000183105469,52.720001220703125,694023
2016-05-16T15:30,52.720001220703125,52.720001220703125,52.45000076293945,52.61000061035156,531818
2016-05-16T17:30,52.61000061035156,52.88999938964844,52.56999969482422,52.869998931884766,826221
2016-05-17T13:30,52.81999969482422,52.81999969482422,52.0099983215332,52.04999923706055,1000875
2016-05-17T15:30,52.04999923706055,52.08000183105469,51.79999923706055,51.849998474121094,835861
2016-05-17T17:30,51.86000061035156,51.939998626708984,51.61000061035156,51.88999938964844,1339206
2016-05-18T13:30,51.849998474121094,51.849998474121094,51.13999938964844,51.66999816894531,1035093
2016-05-18T15:30,51.65999984741211,51.7599983215332,51.47999954223633,51.75,567731
2016-05-18T17:30,51.77000045776367,51.77000045776367,50.369998931884766,50.5099983215332,2163482
2016-05-19T13:30,50.25,50.59000015258789,49.95000076293945,50.5099983215332,1068893
2016-05-19T15:30,50.5099983215332,50.70000076293945,50.38999938964844,50.560001373291016,527340
2016-05-19T17:30,50.56999969482422,50.79999923706055,50.5,50.779998779296875,1202230
2016-05-20T13:30,50.970001220703125,50.970001220703125,50.45000076293945,50.70000076293945,804919
2016-05-20T15:30,50.70000076293945,50.72999954223633,50.560001373291016,50.66999816894531,370562
2016-05-20T17:30,50.65999984741211,50.810001373291016,50.47999954223633,50.79999923706055,965062
2016-05-23T13:30,50.779998779296875,50.90999984741211,50.41999816894531,50.540000915527344,744095
2016-05-23T15:30,50.540000915527344,50.619998931884766,50.529998779296875,50.56999969482422,446687
2016-05-23T17:30,50.56999969482422,50.58000183105469,50.189998626708984,50.25,1075176
2016-05-24T13:30,50.40999984741211,50.720001220703125,50.290000915527344,50.58000183105469,808787
2016-05-24T15:30,50.58000183105469,50.63999938964844,50.41999816894531,50.45000076293945,521819
2016-05-24T17:30,50.45000076293945,50.86000061035156,50.45000076293945,50.790000915527344,873839
2016-05-25T13:30,50.7599983215332,50.869998931884766,50.369998931884766,50.81999969482422,711948
2016-05-25T15:30,50.81999969482422,50.86000061035156,50.54999923706055,50.7400016784668,292444
2016-05-25T17:30,50.7400016784668,50.81999969482422,50.619998931884766,50.7599983215332,717529
2016-05-26T13:30,50.93000030517578,51.2599983215332,50.790000915527344,51.220001220703125,563435
2016-05-26T15:30,51.22999954223633,51.459999084472656,51.209999084472656,51.310001373291016,424061
2016-05-26T17:30,51.310001373291016,51.459999084472656,51.279998779296875,51.41999816894531,658321
2016-05-27T13:30,51.41999816894531,51.529998779296875,51.189998626708984,51.45000076293945,423066
2016-05-27T15:30,51.459999084472656,51.54999923706055,51.41999816894531,51.47999954223633,300434
2016-05-27T17:30,51.4900016784668,51.4900016784668,51.2599983215332,51.439998626708984,547539
2016-05-31T13:30,51.459999084472656,51.70000076293945,51.29999923706055,51.439998626708984,686905
2016-05-31T15:30,51.439998626708984,51.47999954223633,51.31999969482422,51.36000061035156,358737
2016-05-31T17:30,51.369998931884766,51.66999816894531,51.2400016784668,51.61000061035156,1402290
2016-06-01T13:30,51.619998931884766,52.060001373291016,51.459999084472656,51.939998626708984,1065659
2016-06-01T15:30,51.939998626708984,51.97999954223633,51.84000015258789,51.86000061035156,533317
2016-06-01T17:30,51.86000061035156,52.13999938964844,51.849998474121094,52.119998931884766,1082104
2016-06-02T13:30,51.93000030517578,52.11000061035156,51.43000030517578,51.59000015258789,933885
2016-06-02T15:30,51.59000015258789,51.9900016784668,51.59000015258789,51.9900016784668,471771
2016-06-02T17:30,51.9900016784668,52.119998931884766,51.939998626708984,52.060001373291016,882363
2016-06-03T13:30,52.540000915527344,52.9900016784668,52.52000045776367,52.959999084472656,1404346
2016-06-03T15:30,52.959999084472656,53.040000915527344,52.81999969482422,52.939998626708984,552038
2016-06-03T17:30,52.939998626708984,53.08000183105469,52.7599983215332,52.810001373291016,968749
2016-06-06T13:30,52.689998626708984,53.09000015258789,52.689998626708984,52.75,636441
2016-06-06T15:30,52.7599983215332,52.79999923706055,52.4900016784668,52.63999938964844,530084
2016-06-06T17:30,52.63999938964844,52.790000915527344,52.58000183105469,52.68000030517578,1011049
2016-06-07T13:30,52.93000030517578,53.09000015258789,52.720001220703125,53.06999969482422,730170
2016-06-07T15:30,53.06999969482422,53.09000015258789,52.90999984741211,52.90999984741211,327663
2016-06-07T17:30,52.90999984741211,52.93000030517578,52.65999984741211,52.77000045776367,556851
2016-06-08T13:30,52.66999816894531,52.970001220703125,52.66999816894531,52.959999084472656,455540
2016-06-08T15:30,52.959999084472656,53.040000915527344,52.88999938964844,52.91999816894531,302616
2016-06-08T17:30,52.91999816894531,53.11000061035156,52.90999984741211,53.099998474121094,596233
2016-06-09T13:30,53.060001373291016,53.41999816894531,52.86000061035156,53.220001220703125,704310
2016-06-09T15:30,53.220001220703125,53.5099983215332,53.20000076293945,53.5099983215332,452313
2016-06-09T17:30,53.5,53.709999084472656,53.45000076293945,53.619998931884766,1152566
2016-06-10T13:30,53.59000015258789,53.83000183105469,53.400001525878906,53.4900016784668,799253
2016-06-10T15:30,53.4900016784668,53.56999969482422,53.27000045776367,53.31999969482422,719067
2016-06-10T17:30,53.31999969482422,53.59000015258789,53.18000030517578,53.59000015258789,1363888
2016-06-13T13:30,53.83000183105469,54.06999969482422,53.650001525878906,53.849998474121094,933356
2016-06-13T15:30,53.849998474121094,54.09000015258789,53.7599983215332,53.91999816894531,655285
2016-06-13T17:30,53.91999816894531,54,53.790000915527344,53.84000015258789,1007968
2016-06-14T13:30,53.77000045776367,54.220001220703125,53.630001068115234,54.06999969482422,1019690
2016-06-14T15:30,54.060001373291016,54.290000915527344,53.97999954223633,54.16999816894531,547255
2016-06-14T17:30,54.16999816894531,54.380001068115234,54.06999969482422,54.369998931884766,1354008
2016-06-15T13:30,54.369998931884766,54.47999954223633,53.65999984741211,53.869998931884766,737107
2016-06-15T15:30,53.880001068115234,53.900001525878906,53.619998931884766,53.65999984741211,490678
2016-06-15T17:30,53.65999984741211,54.06999969482422,53.630001068115234,53.790000915527344,1377899
2016-06-16T13:30,54.029998779296875,54.41999816894531,53.900001525878906,54.38999938964844,1063942
2016-06-16T15:30,54.380001068115234,54.560001373291016,54.25,54.31999969482422,626656
2016-06-16T17:30,54.31999969482422,54.5,54.25,54.45000076293945,1633911
2016-06-17T13:30,54.459999084472656,54.47999954223633,54.0099983215332,54.13999938964844,1609711
2016-06-17T15:30,54.13999938964844,54.58000183105469,54.09000015258789,54.540000915527344,698664
2016-06-17T17:30,54.540000915527344,54.75,54.439998626708984,54.72999954223633,1319535
2016-06-20T13:30,54.58000183105469,54.689998626708984,53.650001525878906,54.0099983215332,1393484
2016-06-20T15:30,54.02000045776367,54.209999084472656,53.900001525878906,54.130001068115234,760909
2016-06-20T17:30,54.130001068115234,54.2599983215332,54.060001373291016,54.09000015258789,1238026
2016-06-21T13:30,53.880001068115234,54.380001068115234,53.75,54.290000915527344,648604
2016-06-21T15:30,54.290000915527344,54.43000030517578,54.2400016784668,54.33000183105469,287477
2016-06-21T17:30,54.33000183105469,54.400001525878906,54.09000015258789,54.09000015258789,783279
2016-06-22T13:30,54.130001068115234,54.209999084472656,53.91999816894531,54.119998931884766,456466
2016-06-22T15:30,54.130001068115234,54.13999938964844,54,54.040000915527344,276977
2016-06-22T17:30,54.04999923706055,54.15999984741211,53.95000076293945,54,614561
2016-06-23T13:30,54,54.08000183105469,53.7400016784668,53.93000030517578,490844
2016-06-23T15:30,53.93000030517578,53.9900016784668,53.66999816894531,53.7599983215332,291513
2016-06-23T17:30,53.7599983215332,54.130001068115234,53.70000076293945,54.119998931884766,584012
2016-06-24T13:30,53.849998474121094,54.95000076293945,53.709999084472656,54.529998779296875,1254366
2016-06-24T15:30,54.529998779296875,54.79999923706055,54.43000030517578,54.790000915527344,601301
2016-06-24T17:30,54.779998779296875,54.90999984741211,54.11000061035156,54.380001068115234,1286356
2016-06-27T13:30,54.349998474121094,54.90999984741211,54.290000915527344,54.90999984741211,1144403
2016-06-27T15:30,54.88999938964844,55.31999969482422,54.83000183105469,55.29999923706055,1072087
2016-06-27T17:30,55.310001373291016,55.52000045776367,55.09000015258789,55.38999938964844,1875440
2016-06-28T13:30,55.2599983215332,55.40999984741211,54.83000183105469,55.220001220703125,1235906
2016-06-28T15:30,55.22999954223633,55.40999984741211,55.20000076293945,55.29999923706055,756562
2016-06-28T17:30,55.29999923706055,55.380001068115234,55.08000183105469,55.369998931884766,2170493
2016-06-29T13:30,55.54999923706055,55.7400016784668,55.29999923706055,55.380001068115234,1024229
2016-06-29T15:30,55.380001068115234,55.400001525878906,55.189998626708984,55.34000015258789,746837
2016-06-29T17:30,55.34000015258789,55.529998779296875,55.29999923706055,55.5099983215332,1626927
2016-06-30T13:30,55.61000061035156,55.84000015258789,55.5099983215332,55.720001220703125,813615
2016-06-30T15:30,55.720001220703125,55.849998474121094,55.65999984741211,55.849998474121094,1544152
2016-06-30T17:30,55.849998474121094,56.59000015258789,55.81999969482422,56.59000015258789,2275841
2016-07-01T13:30,56.66999816894531,56.83000183105469,55.91999816894531,56.34000015258789,930192
2016-07-01T15:30,56.34000015258789,56.41999816894531,56.150001525878906,56.2599983215332,756900
2016-07-01T17:30,56.2599983215332,56.54999923706055,56.189998626708984,56.4900016784668,1315342
2016-07-05T13:30,56.59000015258789,57.099998474121094,56.47999954223633,56.900001525878906,1076374
2016-07-05T15:30,56.88999938964844,57.119998931884766,56.869998931884766,57.06999969482422,498007
2016-07-05T17:30,57.06999969482422,57.400001525878906,57.040000915527344,57.33000183105469,1824877
2016-07-06T13:30,57.29999923706055,57.529998779296875,56.91999816894531,57.189998626708984,1466720
2016-07-06T15:30,57.189998626708984,57.470001220703125,57.16999816894531,57.279998779296875,553311
2016-07-06T17:30,57.290000915527344,57.599998474121094,57.189998626708984,57.540000915527344,1429383
2016-07-07T13:30,57.22999954223633,57.40999984741211,56.27000045776367,56.439998626708984,1504505
2016-07-07T15:30,56.43000030517578,56.61000061035156,56.31999969482422,56.349998474121094,576182
2016-07-07T17:30,56.36000061035156,56.5099983215332,56.029998779296875,56.2599983215332,1342574
2016-07-08T13:30,56.18000030517578,56.529998779296875,55.560001373291016,56.27000045776367,799202
2016-07-08T15:30,56.2599983215332,56.290000915527344,56.130001068115234,56.20000076293945,519520
2016-07-08T17:30,56.20000076293945,56.77000045776367,56.20000076293945,56.72999954223633,1131202
2016-07-11T13:30,56.36000061035156,56.54999923706055,55.79999923706055,56.52000045776367,746802
2016-07-11T15:30,56.52000045776367,56.779998779296875,56.41999816894531,56.709999084472656,610540
2016-07-11T17:30,56.70000076293945,56.810001373291016,56.630001068115234,56.72999954223633,1012125
2016-07-12T13:30,56.400001525878906,56.56999969482422,55.959999084472656,56.06999969482422,1493627
2016-07-12T15:30,56.06999969482422,56.119998931884766,55.939998626708984,56.04999923706055,620480
2016-07-12T17:30,56.04999923706055,56.18000030517578,55.65999984741211,55.689998626708984,1392831
2016-07-13T13:30,56.029998779296875,56.209999084472656,55.810001373291016,55.939998626708984,1419226
2016-07-13T15:30,55.939998626708984,56.029998779296875,55.75,55.95000076293945,781408
2016-07-13T17:30,55.95000076293945,56.09000015258789,55.880001068115234,56.09000015258789,1136027
2016-07-14T13:30,55.77000045776367,56.029998779296875,55.54999923706055,55.900001525878906,912193
2016-07-14T15:30,55.900001525878906,55.900001525878906,55.58000183105469,55.650001525878906,505788
2016-07-14T17:30,55.650001525878906,56.029998779296875,55.630001068115234,55.91999816894531,1173016
2016-07-15T13:30,56.06999969482422,56.2599983215332,55.79999923706055,55.900001525878906,1041053
2016-07-15T15:30,55.880001068115234,55.900001525878906,55.709999084472656,55.84000015258789,371931
2016-07-15T17:30,55.83000183105469,56.06999969482422,55.810001373291016,56,792653
2016-07-18T13:30,56.15999984741211,56.4900016784668,56.06999969482422,56.2599983215332,822658
2016-07-18T15:30,56.27000045776367,56.31999969482422,56.209999084472656,56.31999969482422,506501
2016-07-18T17:30,56.310001373291016,56.31999969482422,56.130001068115234,56.220001220703125,1370658
2016-07-19T13:30,56.18000030517578,56.400001525878906,55.95000076293945,56.13999938964844,1811289
2016-07-19T15:30,56.13999938964844,56.380001068115234,56.099998474121094,56.189998626708984,718037
2016-07-19T17:30,56.189998626708984,56.34000015258789,56.189998626708984,56.29999923706055,1259914
2016-07-20T13:30,56.31999969482422,56.36000061035156,55.79999923706055,55.91999816894531,592020
2016-07-20T15:30,55.91999816894531,56,55.79999923706055,55.81999969482422,364294
2016-07-20T17:30,55.81999969482422,56.08000183105469,55.79999923706055,56.0099983215332,968733
2016-07-21T13:30,55.84000015258789,55.95000076293945,55.56999969482422,55.869998931884766,637877
2016-07-21T15:30,55.86000061035156,55.97999954223633,55.79999923706055,55.970001220703125,344255
2016-07-21T17:30,55.970001220703125,56.400001525878906,55.970001220703125,56.34000015258789,1120593
2016-07-22T13:30,56.2400016784668,56.790000915527344,56.06999969482422,56.77000045776367,656610
2016-07-22T15:30,56.77000045776367,57.04999923706055,56.72999954223633,57.02000045776367,371910
2016-07-22T17:30,57.0099983215332,57.11000061035156,56.90999984741211,57.04999923706055,914390
2016-07-25T13:30,57.060001373291016,57.09000015258789,56.75,56.91999816894531,732415
2016-07-25T15:30,56.91999816894531,56.9900016784668,56.849998474121094,56.9900016784668,351817
2016-07-25T17:30,57,57.20000076293945,56.97999954223633,57.20000076293945,828500
2016-07-26T13:30,57.15999984741211,57.290000915527344,56.540000915527344,56.630001068115234,638315
2016-07-26T15:30,56.630001068115234,56.709999084472656,56.47999954223633,56.47999954223633,489694
2016-07-26T17:30,56.47999954223633,56.650001525878906,56.439998626708984,56.56999969482422,818856
2016-07-27T13:30,56.470001220703125,56.5,56.099998474121094,56.20000076293945,658313
2016-07-27T15:30,56.209999084472656,56.209999084472656,55.95000076293945,55.970001220703125,375272
2016-07-27T17:30,55.97999954223633,56.29999923706055,55.5099983215332,55.97999954223633,1738005
2016-07-28T13:30,55.9900016784668,56.279998779296875,55.84000015258789,56.189998626708984,537948
2016-07-28T15:30,56.189998626708984,56.2400016784668,56.06999969482422,56.209999084472656,305195
2016-07-28T17:30,56.209999084472656,56.36000061035156,56.16999816894531,56.209999084472656,743374
2016-07-29T13:30,56.369998931884766,56.61000061035156,56.209999084472656,56.4900016784668,662388
2016-07-29T15:30,56.5,56.72999954223633,56.5,56.529998779296875,486710
2016-07-29T17:30,56.529998779296875,56.59000015258789,56.36000061035156,56.459999084472656,1184895
2016-08-01T13:30,56.34000015258789,56.72999954223633,56.290000915527344,56.45000076293945,827173
2016-08-01T15:30,56.45000076293945,56.619998931884766,56.40999984741211,56.540000915527344,356665
2016-08-01T17:30,56.540000915527344,56.58000183105469,56.400001525878906,56.5,1019655
2016-08-02T13:30,56.33000183105469,56.560001373291016,55.95000076293945,56.349998474121094,1067505
2016-08-02T15:30,56.36000061035156,56.5,56.25,56.400001525878906,677809
2016-08-02T17:30,56.400001525878906,56.540000915527344,56.29999923706055,56.439998626708984,1036930
2016-08-03T13:30,56.36000061035156,56.459999084472656,55.95000076293945,56.2599983215332,799995
2016-08-03T15:30,56.2599983215332,56.34000015258789,56.06999969482422,56.119998931884766,485834
2016-08-03T17:30,56.119998931884766,56.16999816894531,55.880001068115234,56.11000061035156,1428303
2016-08-04T13:30,56.06999969482422,56.400001525878906,55.939998626708984,56.290000915527344,698831
2016-08-04T15:30,56.279998779296875,56.380001068115234,56.0099983215332,56.06999969482422,539034
2016-08-04T17:30,56.06999969482422,56.2599983215332,55.95000076293945,56.22999954223633,955046
2016-08-05T13:30,56.2599983215332,56.2599983215332,55.45000076293945,55.720001220703125,1486318
2016-08-05T15:30,55.709999084472656,55.86000061035156,55.58000183105469,55.61000061035156,633452
2016-08-05T17:30,55.619998931884766,55.689998626708984,55.5099983215332,55.54999923706055,1144918
2016-08-08T13:30,55.56999969482422,56.150001525878906,55.310001373291016,55.970001220703125,1247856
2016-08-08T15:30,55.970001220703125,56.13999938964844,55.849998474121094,55.880001068115234,763699
2016-08-08T17:30,55.880001068115234,56.0099983215332,55.849998474121094,55.869998931884766,1485255
2016-08-09T13:30,55.849998474121094,56.09000015258789,55.650001525878906,55.93000030517578,1105978
2016-08-09T15:30,55.93000030517578,56.04999923706055,55.86000061035156,55.95000076293945,581404
2016-08-09T17:30,55.95000076293945,55.95000076293945,55.720001220703125,55.880001068115234,1322551
2016-08-10T13:30,56,56.34000015258789,55.5,55.59000015258789,1457691
2016-08-10T15:30,55.59000015258789,55.7599983215332,55.58000183105469,55.720001220703125,352924
2016-08-10T17:30,55.720001220703125,55.83000183105469,55.650001525878906,55.83000183105469,761117
2016-08-11T13:30,55.93000030517578,55.959999084472656,55.619998931884766,55.790000915527344,772826
2016-08-11T15:30,55.779998779296875,55.83000183105469,55.68000030517578,55.70000076293945,465356
2016-08-11T17:30,55.70000076293945,55.93000030517578,55.619998931884766,55.900001525878906,1206860
2016-08-12T13:30,56.06999969482422,56.18000030517578,55.81999969482422,55.939998626708984,1091516
2016-08-12T15:30,55.95000076293945,55.95000076293945,55.720001220703125,55.720001220703125,446750
2016-08-12T17:30,55.72999954223633,55.790000915527344,55.61000061035156,55.61000061035156,981625
2016-08-15T13:30,55.720001220703125,55.849998474121094,55.20000076293945,55.2400016784668,876088
2016-08-15T15:30,55.2400016784668,55.34000015258789,54.97999954223633,54.9900016784668,696687
2016-08-15T17:30,54.9900016784668,55.0099983215332,54.38999938964844,54.40999984741211,1883278
2016-08-16T13:30,54.31999969482422,54.369998931884766,53.75,53.90999984741211,1358090
2016-08-16T15:30,53.90999984741211,53.95000076293945,53.709999084472656,53.7599983215332,1023777
2016-08-16T17:30,53.75,53.83000183105469,53.59000015258789,53.599998474121094,2037200
2016-08-17T13:30,53.61000061035156,53.630001068115234,52.75,53.2599983215332,2646715
2016-08-17T15:30,53.2599983215332,53.9900016784668,53.2400016784668,53.93000030517578,1332217
2016-08-17T17:30,53.93000030517578,54.529998779296875,53.7599983215332,54.43000030517578,1641230
2016-08-18T13:30,54.349998474121094,54.88999938964844,54.33000183105469,54.88999938964844,1450410
2016-08-18T15:30,54.880001068115234,55.040000915527344,54.849998474121094,54.91999816894531,814139
2016-08-18T17:30,54.93000030517578,55.15999984741211,54.849998474121094,55.150001525878906,1365695
2016-08-19T13:30,54.95000076293945,55.02000045776367,54.189998626708984,54.220001220703125,1048920
2016-08-19T15:30,54.22999954223633,54.38999938964844,54.150001525878906,54.220001220703125,664050
2016-08-19T17:30,54.209999084472656,54.45000076293945,54.130001068115234,54.38999938964844,795436
2016-08-22T13:30,54.56999969482422,54.61000061035156,54.310001373291016,54.540000915527344,640707
2016-08-22T15:30,54.540000915527344,54.790000915527344,54.529998779296875,54.61000061035156,340383
2016-08-22T17:30,54.619998931884766,54.65999984741211,54.4900016784668,54.54999923706055,562447
2016-08-23T13:30,54.65999984741211,54.880001068115234,54.56999969482422,54.61000061035156,499483
2016-08-23T15:30,54.619998931884766,54.619998931884766,54.470001220703125,54.5,324414
2016-08-23T17:30,54.5099983215332,54.5099983215332,54.27000045776367,54.27000045776367,547588
2016-08-24T13:30,54.22999954223633,54.439998626708984,53.849998474121094,54.18000030517578,623523
2016-08-24T15:30,54.16999816894531,54.29999923706055,54.130001068115234,54.27000045776367,361762
2016-08-24T17:30,54.27000045776367,54.47999954223633,54.22999954223633,54.36000061035156,882262
2016-08-25T13:30,54.41999816894531,54.650001525878906,54.279998779296875,54.650001525878906,507384
2016-08-25T15:30,54.650001525878906,54.70000076293945,54.43000030517578,54.5099983215332,365206
2016-08-25T17:30,54.52000045776367,54.58000183105469,54.41999816894531,54.4900016784668,872224
2016-08-26T13:30,54.470001220703125,54.7599983215332,54.25,54.5099983215332,615751
2016-08-26T15:30,54.5099983215332,54.540000915527344,53.720001220703125,53.75,470967
2016-08-26T17:30,53.75,53.75,53.189998626708984,53.27000045776367,1126719
2016-08-29T13:30,53.38999938964844,53.720001220703125,53.369998931884766,53.380001068115234,588330
2016-08-29T15:30,53.380001068115234,53.61000061035156,53.36000061035156,53.529998779296875,474253
2016-08-29T17:30,53.529998779296875,53.630001068115234,53.5099983215332,53.61000061035156,738521
2016-08-30T13:30,53.58000183105469,53.84000015258789,53.11000061035156,53.290000915527344,705287
2016-08-30T15:30,53.290000915527344,53.369998931884766,53.130001068115234,53.22999954223633,699644
2016-08-30T17:30,53.22999954223633,53.25,52.90999984741211,52.970001220703125,1383580
2016-08-31T13:30,52.9900016784668,53.150001525878906,52.790000915527344,52.900001525878906,964482
2016-08-31T15:30,52.90999984741211,53.029998779296875,52.83000183105469,52.900001525878906,565743
2016-08-31T17:30,52.900001525878906,53.11000061035156,52.880001068115234,53.09000015258789,1432301
2016-09-01T13:30,53.09000015258789,53.18000030517578,52.810001373291016,52.95000076293945,897629
2016-09-01T15:30,52.95000076293945,52.9900016784668,52.849998474121094,52.880001068115234,418276
2016-09-01T17:30,52.880001068115234,52.970001220703125,52.72999954223633,52.83000183105469,872790
2016-09-02T13:30,52.869998931884766,53.470001220703125,52.790000915527344,52.9900016784668,807053
2016-09-02T15:30,52.9900016784668,53.47999954223633,52.810001373291016,53.38999938964844,944647
2016-09-02T17:30,53.38999938964844,53.5,53.290000915527344,53.470001220703125,839915
2016-09-06T13:30,53.68000030517578,54.130001068115234,53.470001220703125,53.869998931884766,742879
2016-09-06T15:30,53.88999938964844,54.02000045776367,53.810001373291016,53.900001525878906,457805
2016-09-06T17:30,53.900001525878906,53.9900016784668,53.77000045776367,53.95000076293945,1016885
2016-09-07T13:30,53.849998474121094,54.150001525878906,53.56999969482422,53.7599983215332,616107
2016-09-07T15:30,53.7599983215332,53.93000030517578,53.689998626708984,53.7400016784668,409418
2016-09-07T17:30,53.7400016784668,53.77000045776367,53.61000061035156,53.66999816894531,769662
2016-09-08T13:30,53.61000061035156,53.9900016784668,53.4900016784668,53.75,630031
2016-09-08T15:30,53.75,53.7599983215332,53.5099983215332,53.70000076293945,426375
2016-09-08T17:30,53.689998626708984,53.939998626708984,53.689998626708984,53.849998474121094,764463
2016-09-09T13:30,53.34000015258789,53.459999084472656,52.59000015258789,52.83000183105469,1046675
2016-09-09T15:30,52.83000183105469,52.84000015258789,52.45000076293945,52.5099983215332,496428
2016-09-09T17:30,52.4900016784668,52.5099983215332,51.93000030517578,51.95000076293945,1332776
2016-09-12T13:30,52.04999923706055,52.459999084472656,51.90999984741211,51.9900016784668,936258
2016-09-12T15:30,51.9900016784668,52.75,51.9900016784668,52.470001220703125,622871
2016-09-12T17:30,52.4900016784668,53.02000045776367,52.38999938964844,52.84000015258789,1352794
2016-09-13T13:30,52.86000061035156,52.95000076293945,52.45000076293945,52.529998779296875,1038202
2016-09-13T15:30,52.540000915527344,52.7599983215332,52.27000045776367,52.709999084472656,770004
2016-09-13T17:30,52.72999954223633,52.810001373291016,52.36000061035156,52.5,1464576
2016-09-14T13:30,52.81999969482422,53.150001525878906,52.54999923706055,52.63999938964844,794154
2016-09-14T15:30,52.63999938964844,52.75,52.54999923706055,52.59000015258789,461976
2016-09-14T17:30,52.58000183105469,52.65999984741211,52.22999954223633,52.43000030517578,1054528
2016-09-15T13:30,52.150001525878906,52.720001220703125,52.150001525878906,52.689998626708984,864376
2016-09-15T15:30,52.689998626708984,52.7599983215332,52.400001525878906,52.529998779296875,456260
2016-09-15T17:30,52.540000915527344,52.72999954223633,52.529998779296875,52.66999816894531,841670
2016-09-16T13:30,52.34000015258789,52.72999954223633,52.279998779296875,52.68000030517578,3088136
2016-09-16T15:30,52.68000030517578,52.75,52.59000015258789,52.59000015258789,584150
2016-09-16T17:30,52.59000015258789,53.099998474121094,52.4900016784668,53.04999923706055,1362496
2016-09-19T13:30,53.15999984741211,53.58000183105469,53.08000183105469,53.439998626708984,764920
2016-09-19T15:30,53.439998626708984,53.650001525878906,53.279998779296875,53.650001525878906,502915
2016-09-19T17:30,53.650001525878906,53.65999984741211,53.439998626708984,53.61000061035156,1004411
2016-09-20T13:30,53.650001525878906,53.869998931884766,53.61000061035156,53.650001525878906,757512
2016-09-20T15:30,53.650001525878906,53.720001220703125,53.52000045776367,53.56999969482422,479861
2016-09-20T17:30,53.56999969482422,53.66999816894531,53.43000030517578,53.43000030517578,959800
2016-09-21T13:30,53.43000030517578,53.75,53.43000030517578,53.59000015258789,565759
2016-09-21T15:30,53.59000015258789,53.630001068115234,53.459999084472656,53.59000015258789,322893
2016-09-21T17:30,53.58000183105469,54.599998474121094,53.54999923706055,54.58000183105469,1468388
2016-09-22T13:30,54.72999954223633,55,54.47999954223633,54.52000045776367,739346
2016-09-22T15:30,54.52000045776367,54.869998931884766,54.52000045776367,54.849998474121094,304700
2016-09-22T17:30,54.84000015258789,55.060001373291016,54.72999954223633,54.97999954223633,1195059
2016-09-23T13:30,54.83000183105469,55.150001525878906,54.650001525878906,54.93000030517578,705703
2016-09-23T15:30,54.93000030517578,55.16999816894531,54.869998931884766,55.02000045776367,413948
2016-09-23T17:30,55.02000045776367,55.16999816894531,54.959999084472656,55.0099983215332,856172
2016-09-26T13:30,54.970001220703125,55.09000015258789,54.54999923706055,54.58000183105469,604899
2016-09-26T15:30,54.58000183105469,54.90999984741211,54.56999969482422,54.720001220703125,455351
2016-09-26T17:30,54.720001220703125,54.83000183105469,54.61000061035156,54.77000045776367,1185956
2016-09-27T13:30,54.959999084472656,55.189998626708984,54.5,54.54999923706055,612645
2016-09-27T15:30,54.540000915527344,54.77000045776367,54.47999954223633,54.599998474121094,451513
2016-09-27T17:30,54.61000061035156,54.61000061035156,54.16999816894531,54.25,942258
2016-09-28T13:30,54.470001220703125,54.470001220703125,53.61000061035156,53.650001525878906,694804
2016-09-28T15:30,53.650001525878906,54.0099983215332,53.650001525878906,53.970001220703125,330962
2016-09-28T17:30,53.970001220703125,54.119998931884766,53.88999938964844,54.029998779296875,808648
2016-09-29T13:30,53.84000015258789,53.86000061035156,53.27000045776367,53.400001525878906,881823
2016-09-29T15:30,53.40999984741211,53.439998626708984,53.099998474121094,53.380001068115234,748340
2016-09-29T17:30,53.380001068115234,53.70000076293945,53.36000061035156,53.5099983215332,1083889
2016-09-30T13:30,53.7400016784668,53.939998626708984,53.189998626708984,53.33000183105469,765720
2016-09-30T15:30,53.33000183105469,53.34000015258789,53.02000045776367,53.029998779296875,719697
2016-09-30T17:30,53.029998779296875,53.43000030517578,52.9900016784668,53.33000183105469,1747580
2016-10-03T13:30,53.16999816894531,53.209999084472656,52.45000076293945,52.5,1167690
2016-10-03T15:30,52.5,52.84000015258789,52.33000183105469,52.65999984741211,715680
2016-10-03T17:30,52.65999984741211,52.849998474121094,52.63999938964844,52.709999084472656,908105
2016-10-04T13:30,52.709999084472656,52.970001220703125,51.95000076293945,52.11000061035156,1055498
2016-10-04T15:30,52.11000061035156,52.130001068115234,51.689998626708984,51.709999084472656,685155
2016-10-04T17:30,51.720001220703125,51.869998931884766,51.38999938964844,51.630001068115234,1421584
2016-10-05T13:30,51.70000076293945,52.22999954223633,51.31999969482422,51.470001220703125,1278244
2016-10-05T15:30,51.470001220703125,51.630001068115234,51.27000045776367,51.4900016784668,1113681
2016-10-05T17:30,51.4900016784668,51.5099983215332,51.279998779296875,51.36000061035156,1109596
2016-10-06T13:30,51.349998474121094,51.68000030517578,51.0099983215332,51.56999969482422,1223788
2016-10-06T15:30,51.58000183105469,51.91999816894531,51.40999984741211,51.599998474121094,747739
2016-10-06T17:30,51.599998474121094,51.7599983215332,51.33000183105469,51.380001068115234,1495235
2016-10-07T13:30,51.72999954223633,52.119998931884766,51.09000015258789,51.2400016784668,1448393
2016-10-07T15:30,51.25,51.38999938964844,50.9900016784668,51.349998474121094,960221
2016-10-07T17:30,51.349998474121094,51.41999816894531,51.0099983215332,51.029998779296875,1770935
2016-10-10T13:30,51.22999954223633,51.56999969482422,51.0099983215332,51.209999084472656,913636
2016-10-10T15:30,51.220001220703125,51.369998931884766,51.119998931884766,51.33000183105469,385026
2016-10-10T17:30,51.33000183105469,51.400001525878906,51.2599983215332,51.34000015258789,925370
2016-10-11T13:30,51.18000030517578,51.18000030517578,50.56999969482422,50.790000915527344,1204269
2016-10-11T15:30,50.790000915527344,51.189998626708984,50.790000915527344,50.81999969482422,794699
2016-10-11T17:30,50.810001373291016,50.849998474121094,50.52000045776367,50.59000015258789,1144691
2016-10-12T13:30,50.66999816894531,51.16999816894531,50.650001525878906,50.849998474121094,836484
2016-10-12T15:30,50.849998474121094,51,50.79999923706055,50.900001525878906,600246
2016-10-12T17:30,50.90999984741211,51.189998626708984,50.75,51.09000015258789,1417712
2016-10-13T13:30,51.029998779296875,52.029998779296875,51.029998779296875,51.91999816894531,1156683
2016-10-13T15:30,51.93000030517578,52.290000915527344,51.77000045776367,52.16999816894531,1002920
2016-10-13T17:30,52.16999816894531,52.22999954223633,51.869998931884766,51.939998626708984,1303754
2016-10-14T13:30,51.77000045776367,51.970001220703125,51.45000076293945,51.709999084472656,831010
2016-10-14T15:30,51.689998626708984,51.90999984741211,51.66999816894531,51.75,412249
2016-10-14T17:30,51.75,51.84000015258789,51.43000030517578,51.45000076293945,923032
2016-10-17T13:30,51.5099983215332,51.79999923706055,51.470001220703125,51.630001068115234,518505
2016-10-17T15:30,51.630001068115234,51.849998474121094,51.61000061035156,51.77000045776367,319536
2016-10-17T17:30,51.7599983215332,51.779998779296875,51.630001068115234,51.66999816894531,559891
2016-10-18T13:30,51.91999816894531,52.150001525878906,51.279998779296875,51.68000030517578,695811
2016-10-18T15:30,51.689998626708984,52.040000915527344,51.63999938964844,51.900001525878906,402152
2016-10-18T17:30,51.90999984741211,52,51.790000915527344,51.90999984741211,638240
2016-10-19T13:30,51.90999984741211,52.09000015258789,51.650001525878906,52.09000015258789,748209
2016-10-19T15:30,52.08000183105469,52.15999984741211,51.88999938964844,52.0099983215332,573408
2016-10-19T17:30,52,52.16999816894531,51.939998626708984,52.06999969482422,1034267
2016-10-20T13:30,52.130001068115234,52.709999084472656,51.959999084472656,52.400001525878906,871867
2016-10-20T15:30,52.400001525878906,52.56999969482422,52.349998474121094,52.4900016784668,930295
2016-10-20T17:30,52.4900016784668,52.4900016784668,52.150001525878906,52.27000045776367,716723
2016-10-21T13:30,51.9900016784668,52.150001525878906,51.72999954223633,51.97999954223633,987706
2016-10-21T15:30,51.97999954223633,52.040000915527344,51.68000030517578,51.959999084472656,418506
2016-10-21T17:30,51.95000076293945,52.099998474121094,51.849998474121094,51.9900016784668,634916
2016-10-24T13:30,52.189998626708984,52.38999938964844,51.849998474121094,51.959999084472656,670175
2016-10-24T15:30,51.959999084472656,52.060001373291016,51.88999938964844,52,353555
2016-10-24T17:30,51.9900016784668,52.279998779296875,51.93000030517578,52.22999954223633,804091
2016-10-25T13:30,52.15999984741211,52.45000076293945,52.08000183105469,52.400001525878906,598267
2016-10-25T15:30,52.40999984741211,52.529998779296875,52.27000045776367,52.27000045776367,375122
2016-10-25T17:30,52.279998779296875,52.439998626708984,52.25,52.38999938964844,859701
2016-10-26T13:30,52.369998931884766,52.5099983215332,52.060001373291016,52.310001373291016,560675
2016-10-26T15:30,52.31999969482422,52.459999084472656,52.220001220703125,52.400001525878906,293243
2016-10-26T17:30,52.400001525878906,52.599998474121094,52.290000915527344,52.5,1157614
2016-10-27T13:30,52.27000045776367,52.470001220703125,52.029998779296875,52.06999969482422,541908
2016-10-27T15:30,52.08000183105469,52.16999816894531,51.939998626708984,52.150001525878906,427782
2016-10-27T17:30,52.150001525878906,52.380001068115234,52.150001525878906,52.25,610087
2016-10-28T13:30,52.36000061035156,52.66999816894531,52.22999954223633,52.61000061035156,384334
2016-10-28T15:30,52.599998474121094,52.709999084472656,52.209999084472656,52.40999984741211,338785
2016-10-28T17:30,52.38999938964844,52.61000061035156,52.16999816894531,52.470001220703125,662056
2016-10-31T13:30,52.619998931884766,53.459999084472656,52.5099983215332,53.41999816894531,556287
2016-10-31T15:30,53.43000030517578,53.63999938964844,53.279998779296875,53.4900016784668,594224
2016-10-31T17:30,53.47999954223633,53.59000015258789,53.27000045776367,53.33000183105469,1285420
2016-11-01T13:30,53.34000015258789,53.34000015258789,52.56999969482422,52.59000015258789,558603
2016-11-01T15:30,52.599998474121094,52.66999816894531,52.369998931884766,52.56999969482422,450429
2016-11-01T17:30,52.56999969482422,52.75,52.209999084472656,52.36000061035156,1084058
2016-11-02T13:30,52.22999954223633,52.290000915527344,51.27000045776367,51.38999938964844,855130
2016-11-02T15:30,51.38999938964844,51.970001220703125,51.310001373291016,51.790000915527344,494348
2016-11-02T17:30,51.79999923706055,52.150001525878906,51.630001068115234,51.97999954223633,895164
2016-11-03T13:30,51.869998931884766,52.209999084472656,51.58000183105469,52.029998779296875,600432
2016-11-03T15:30,52.029998779296875,52.220001220703125,51.959999084472656,52.150001525878906,527996
2016-11-03T17:30,52.150001525878906,52.15999984741211,51.83000183105469,51.970001220703125,1095444
2016-11-04T13:30,52.310001373291016,52.77000045776367,51.61000061035156,51.77000045776367,1067647
2016-11-04T15:30,51.77000045776367,52.060001373291016,51.5099983215332,51.59000015258789,495736
2016-11-04T17:30,51.599998474121094,51.88999938964844,51.43000030517578,51.5,991543
2016-11-07T14:30,51.849998474121094,51.970001220703125,51.25,51.88999938964844,1163398
2016-11-07T16:30,51.900001525878906,52.369998931884766,51.900001525878906,52.33000183105469,725102
2016-11-07T18:30,52.33000183105469,52.72999954223633,52.31999969482422,52.72999954223633,1166213
2016-11-08T14:30,52.86000061035156,53.2599983215332,52.650001525878906,53.11000061035156,632099
2016-11-08T16:30,53.099998474121094,53.290000915527344,52.91999816894531,53.130001068115234,396464
2016-11-08T18:30,53.130001068115234,53.310001373291016,53.029998779296875,53.09000015258789,943517
2016-11-09T14:30,52.650001525878906,52.650001525878906,51.5099983215332,51.83000183105469,1904131
2016-11-09T16:30,51.84000015258789,52.02000045776367,51.4900016784668,51.5,1108707
2016-11-09T18:30,51.4900016784668,51.790000915527344,51.40999984741211,51.5099983215332,1454967
2016-11-10T14:30,51.310001373291016,51.310001373291016,49.11000061035156,49.709999084472656,3092653
2016-11-10T16:30,49.709999084472656,50.849998474121094,49.66999816894531,50.66999816894531,1107076
2016-11-10T18:30,50.65999984741211,50.66999816894531,49.90999984741211,50.08000183105469,1521912
2016-11-11T14:30,50.04999923706055,50.40999984741211,49.810001373291016,50.22999954223633,1163497
2016-11-11T16:30,50.220001220703125,50.630001068115234,50.029998779296875,50.130001068115234,886127
2016-11-11T18:30,50.130001068115234,50.209999084472656,49.84000015258789,50.130001068115234,1390610
2016-11-14T14:30,50.040000915527344,50.04999923706055,49.029998779296875,49.470001220703125,2305887
2016-11-14T16:30,49.470001220703125,49.7400016784668,49.43000030517578,49.47999954223633,1055978
2016-11-14T18:30,49.47999954223633,49.70000076293945,49.310001373291016,49.61000061035156,2318519
2016-11-15T14:30,49.95000076293945,50.61000061035156,49.88999938964844,50.5099983215332,1507901
2016-11-15T16:30,50.5099983215332,50.88999938964844,50.369998931884766,50.72999954223633,920448
2016-11-15T18:30,50.72999954223633,50.779998779296875,50.5,50.599998474121094,1599825
2016-11-16T14:30,50.7400016784668,50.93000030517578,49.68000030517578,49.75,1292885
2016-11-16T16:30,49.75,49.86000061035156,49.66999816894531,49.720001220703125,964913
2016-11-16T18:30,49.720001220703125,49.939998626708984,49.66999816894531,49.86000061035156,2300676
2016-11-17T14:30,49.849998474121094,50.150001525878906,49.810001373291016,49.9900016784668,1288286
2016-11-17T16:30,50,50.209999084472656,49.91999816894531,49.97999954223633,1124723
2016-11-17T18:30,49.97999954223633,49.97999954223633,49.709999084472656,49.779998779296875,1710725
2016-11-18T14:30,49.88999938964844,50.02000045776367,49.66999816894531,49.68000030517578,1620824
2016-11-18T16:30,49.66999816894531,49.72999954223633,49.5,49.56999969482422,732756
2016-11-18T18:30,49.56999969482422,49.72999954223633,49.43000030517578,49.61000061035156,1867183
2016-11-21T14:30,49.77000045776367,50.130001068115234,49.72999954223633,50.0099983215332,873208
2016-11-21T16:30,50,50.209999084472656,50,50.119998931884766,608550
2016-11-21T18:30,50.11000061035156,50.16999816894531,50,50.16999816894531,1127998
2016-11-22T14:30,49.959999084472656,50.11000061035156,49.380001068115234,49.86000061035156,1259456
2016-11-22T16:30,49.86000061035156,49.880001068115234,49.72999954223633,49.81999969482422,622398
2016-11-22T18:30,49.81999969482422,49.91999816894531,49.7599983215332,49.79999923706055,1450498
2016-11-23T14:30,49.43000030517578,50.08000183105469,49.36000061035156,49.5099983215332,1106687
2016-11-23T16:30,49.5099983215332,49.7400016784668,49.41999816894531,49.720001220703125,545865
2016-11-23T18:30,49.72999954223633,49.7599983215332,49.4900016784668,49.540000915527344,906642
2016-11-25T14:30,49.709999084472656,50.349998474121094,49.689998626708984,50.279998779296875,913568
2016-11-25T16:30,50.27000045776367,50.290000915527344,50.02000045776367,50.11000061035156,1207313
2016-11-25T18:30,50.11000061035156,50.11000061035156,50.11000061035156,50.11000061035156,1803
2016-11-28T14:30,50.31999969482422,51.02000045776367,50.290000915527344,50.90999984741211,1575039
2016-11-28T16:30,50.90999984741211,51.18000030517578,50.779998779296875,51.09000015258789,840398
2016-11-28T18:30,51.08000183105469,51.31999969482422,51.0099983215332,51.2599983215332,1292659
2016-11-29T14:30,51.060001373291016,51.68000030517578,50.970001220703125,51.54999923706055,1128071
2016-11-29T16:30,51.54999923706055,51.560001373291016,51.04999923706055,51.36000061035156,926409
2016-11-29T18:30,51.36000061035156,51.4900016784668,51.13999938964844,51.47999954223633,1443301
2016-11-30T14:30,50.72999954223633,50.790000915527344,49.939998626708984,49.9900016784668,1627694
2016-11-30T16:30,50,50.11000061035156,49.84000015258789,49.97999954223633,978273
2016-11-30T18:30,49.97999954223633,50.040000915527344,49.720001220703125,49.72999954223633,1804588
2016-12-01T14:30,49.540000915527344,49.59000015258789,49.060001373291016,49.15999984741211,1479708
2016-12-01T16:30,49.16999816894531,49.209999084472656,48.84000015258789,48.86000061035156,857947
2016-12-01T18:30,48.869998931884766,49.130001068115234,48.849998474121094,49.029998779296875,1678360
2016-12-02T14:30,49.400001525878906,50,49.34000015258789,49.66999816894531,1356124
2016-12-02T16:30,49.65999984741211,49.70000076293945,49.31999969482422,49.349998474121094,697568
2016-12-02T18:30,49.349998474121094,49.65999984741211,49.15999984741211,49.5,1303131
2016-12-05T14:30,49.439998626708984,49.439998626708984,48.7599983215332,49.09000015258789,1062404
2016-12-05T16:30,49.09000015258789,49.59000015258789,49.029998779296875,49.5099983215332,850412
2016-12-05T18:30,49.5099983215332,49.61000061035156,49.400001525878906,49.61000061035156,1217773
2016-12-06T14:30,49.7599983215332,50.02000045776367,49.61000061035156,49.939998626708984,1218696
2016-12-06T16:30,49.939998626708984,49.95000076293945,49.720001220703125,49.86000061035156,607738
2016-12-06T18:30,49.869998931884766,49.93000030517578,49.65999984741211,49.779998779296875,1080481
2016-12-07T14:30,49.90999984741211,50.290000915527344,49.79999923706055,50.25,842531
2016-12-07T16:30,50.25,50.400001525878906,50.209999084472656,50.36000061035156,565679
2016-12-07T18:30,50.36000061035156,50.38999938964844,50.099998474121094,50.310001373291016,1186049
2016-12-08T14:30,49.95000076293945,50.220001220703125,49.540000915527344,50.06999969482422,891824
2016-12-08T16:30,50.060001373291016,50.400001525878906,50.02000045776367,50.38999938964844,600056
2016-12-08T18:30,50.38999938964844,50.5,50.27000045776367,50.349998474121094,932391
2016-12-09T14:30,50.33000183105469,50.689998626708984,50.290000915527344,50.65999984741211,998752
2016-12-09T16:30,50.65999984741211,50.7599983215332,50.59000015258789,50.63999938964844,519895
2016-12-09T18:30,50.63999938964844,51.119998931884766,50.63999938964844,51.099998474121094,1412047
2016-12-12T14:30,50.9900016784668,51.54999923706055,50.939998626708984,51.529998779296875,1077252
2016-12-12T16:30,51.540000915527344,51.61000061035156,51.40999984741211,51.43000030517578,747690
2016-12-12T18:30,51.43000030517578,51.619998931884766,51.220001220703125,51.54999923706055,1472302
2016-12-13T14:30,51.68000030517578,51.900001525878906,51.56999969482422,51.7599983215332,1174576
2016-12-13T16:30,51.7599983215332,51.83000183105469,51.599998474121094,51.79999923706055,639858
2016-12-13T18:30,51.79999923706055,52.20000076293945,51.7599983215332,52.11000061035156,1705706
2016-12-14T14:30,52.29999923706055,52.529998779296875,51.869998931884766,51.9900016784668,996372
2016-12-14T16:30,52,52.25,52,52.22999954223633,622606
2016-12-14T18:30,52.220001220703125,52.27000045776367,50.790000915527344,50.900001525878906,2441243
2016-12-15T14:30,50.779998779296875,51.130001068115234,50.52000045776367,51.02000045776367,896182
2016-12-15T16:30,51.02000045776367,51.29999923706055,50.939998626708984,51.130001068115234,749414
2016-12-15T18:30,51.130001068115234,51.279998779296875,50.9900016784668,51.2400016784668,1187146
2016-12-16T14:30,51.36000061035156,51.54999923706055,51.08000183105469,51.40999984741211,2492898
2016-12-16T16:30,51.400001525878906,51.7599983215332,51.400001525878906,51.540000915527344,844389
2016-12-16T18:30,51.529998779296875,51.65999984741211,51.369998931884766,51.619998931884766,1812646
2016-12-19T14:30,51.970001220703125,52.04999923706055,51.470001220703125,51.83000183105469,883983
2016-12-19T16:30,51.84000015258789,52.040000915527344,51.79999923706055,52.029998779296875,706482
2016-12-19T18:30,52.029998779296875,52.060001373291016,51.81999969482422,51.9900016784668,959638
2016-12-20T14:30,51.70000076293945,52.290000915527344,51.63999938964844,52.2400016784668,817551
2016-12-20T16:30,52.2400016784668,52.2400016784668,52.06999969482422,52.130001068115234,481471
2016-12-20T18:30,52.130001068115234,52.2599983215332,52.029998779296875,52.13999938964844,938341
2016-12-21T14:30,52.04999923706055,52.34000015258789,51.970001220703125,52.27000045776367,608439
2016-12-21T16:30,52.279998779296875,52.33000183105469,52.08000183105469,52.099998474121094,410004
2016-12-21T18:30,52.099998474121094,52.150001525878906,51.880001068115234,51.900001525878906,865157
2016-12-22T14:30,51.869998931884766,52.33000183105469,51.84000015258789,52.279998779296875,673180
2016-12-22T16:30,52.279998779296875,52.45000076293945,52.16999816894531,52.400001525878906,663158
2016-12-22T18:30,52.400001525878906,52.61000061035156,52.33000183105469,52.41999816894531,1663614
2016-12-23T14:30,52.41999816894531,52.459999084472656,52.189998626708984,52.400001525878906,445395
2016-12-23T16:30,52.40999984741211,52.43000030517578,52.06999969482422,52.09000015258789,327392
2016-12-23T18:30,52.09000015258789,52.380001068115234,52.06999969482422,52.31999969482422,513005
2016-12-27T14:30,52.22999954223633,52.27000045776367,52.02000045776367,52.119998931884766,355862
2016-12-27T16:30,52.11000061035156,52.279998779296875,51.9900016784668,52.2599983215332,377286
2016-12-27T18:30,52.2599983215332,52.38999938964844,52.150001525878906,52.220001220703125,696355
2016-12-28T14:30,52.2599983215332,52.31999969482422,51.97999954223633,52.2599983215332,525060
2016-12-28T16:30,52.2599983215332,52.290000915527344,51.970001220703125,52.11000061035156,383202
2016-12-28T18:30,52.11000061035156,52.11000061035156,51.83000183105469,51.90999984741211,739939
2016-12-29T14:30,52.02000045776367,52.5099983215332,51.900001525878906,52.4900016784668,588334
2016-12-29T16:30,52.4900016784668,52.63999938964844,52.439998626708984,52.54999923706055,636113
2016-12-29T18:30,52.54999923706055,52.689998626708984,52.470001220703125,52.59000015258789,1513382
2016-12-30T14:30,52.61000061035156,52.72999954223633,52.40999984741211,52.54999923706055,550172
2016-12-30T16:30,52.540000915527344,52.66999816894531,52.47999954223633,52.540000915527344,381117
2016-12-30T18:30,52.540000915527344,52.56999969482422,52.130001068115234,52.31999969482422,919407
2017-01-03T14:30,52.34000015258789,52.459999084472656,51.90999984741211,52.31999969482422,857162
2017-01-03T16:30,52.31999969482422,52.59000015258789,52.209999084472656,52.40999984741211,547894
2017-01-03T18:30,52.40999984741211,52.5,52.189998626708984,52.380001068115234,1135047
2017-01-04T14:30,52.34000015258789,52.810001373291016,52.34000015258789,52.689998626708984,721310
2017-01-04T16:30,52.689998626708984,52.709999084472656,52.41999816894531,52.47999954223633,388727
2017-01-04T18:30,52.470001220703125,52.5,52.31999969482422,52.34000015258789,1063845
2017-01-05T14:30,52.5,52.54999923706055,51.93000030517578,52.34000015258789,989804
2017-01-05T16:30,52.349998474121094,52.459999084472656,52.060001373291016,52.189998626708984,715013
2017-01-05T18:30,52.18000030517578,52.45000076293945,52.18000030517578,52.400001525878906,1295333
2017-01-06T14:30,52.2400016784668,52.36000061035156,52.06999969482422,52.279998779296875,769749
2017-01-06T16:30,52.279998779296875,52.47999954223633,52.2400016784668,52.34000015258789,591906
2017-01-06T18:30,52.34000015258789,52.439998626708984,52.22999954223633,52.22999954223633,1439012
2017-01-09T14:30,52.43000030517578,52.43000030517578,51.720001220703125,51.720001220703125,1045368
2017-01-09T16:30,51.720001220703125,51.84000015258789,51.61000061035156,51.630001068115234,650002
2017-01-09T18:30,51.630001068115234,51.86000061035156,51.4900016784668,51.65999984741211,1606290
2017-01-10T14:30,51.54999923706055,51.720001220703125,51.31999969482422,51.560001373291016,834978
2017-01-10T16:30,51.54999923706055,51.779998779296875,51.540000915527344,51.68000030517578,676892
2017-01-10T18:30,51.68000030517578,51.70000076293945,51.43000030517578,51.54999923706055,1110553
2017-01-11T14:30,51.40999984741211,51.779998779296875,51.38999938964844,51.7400016784668,674838
2017-01-11T16:30,51.72999954223633,51.90999984741211,51.689998626708984,51.86000061035156,564122
2017-01-11T18:30,51.86000061035156,52.029998779296875,51.779998779296875,51.970001220703125,1006131
2017-01-12T14:30,51.880001068115234,52.130001068115234,51.7400016784668,52.08000183105469,544329
2017-01-12T16:30,52.06999969482422,52.209999084472656,52.02000045776367,52.13999938964844,549372
2017-01-12T18:30,52.13999938964844,52.310001373291016,52.09000015258789,52.2599983215332,1045783
2017-01-13T14:30,52.130001068115234,52.220001220703125,51.79999923706055,51.79999923706055,719789
2017-01-13T16:30,51.79999923706055,51.90999984741211,51.7400016784668,51.83000183105469,432770
2017-01-13T18:30,51.83000183105469,52.150001525878906,51.790000915527344,52.040000915527344,664840
2017-01-17T14:30,52.209999084472656,52.459999084472656,52.06999969482422,52.15999984741211,1123331
2017-01-17T16:30,52.15999984741211,52.34000015258789,52.09000015258789,52.209999084472656,681986
2017-01-17T18:30,52.209999084472656,52.220001220703125,52.119998931884766,52.189998626708984,1673649
2017-01-18T14:30,52.150001525878906,52.5,52.09000015258789,52.41999816894531,783227
2017-01-18T16:30,52.43000030517578,52.5099983215332,52.369998931884766,52.5,399346
2017-01-18T18:30,52.5,52.5,52.189998626708984,52.2400016784668,724615
2017-01-19T14:30,52.08000183105469,52.279998779296875,51.95000076293945,52.16999816894531,677097
2017-01-19T16:30,52.15999984741211,52.279998779296875,52.130001068115234,52.189998626708984,373651
2017-01-19T18:30,52.189998626708984,52.189998626708984,51.81999969482422,51.97999954223633,1136718
2017-01-20T14:30,52.11000061035156,52.290000915527344,51.970001220703125,51.97999954223633,1106781
2017-01-20T16:30,51.970001220703125,52.13999938964844,51.86000061035156,52.060001373291016,412973
2017-01-20T18:30,52.06999969482422,52.150001525878906,52.029998779296875,52.130001068115234,775288
2017-01-23T14:30,52.189998626708984,52.36000061035156,52.04999923706055,52.06999969482422,556293
2017-01-23T16:30,52.06999969482422,52.130001068115234,51.970001220703125,52.02000045776367,412319
2017-01-23T18:30,52.02000045776367,52.040000915527344,51.81999969482422,51.93000030517578,886108
2017-01-24T14:30,52.029998779296875,52.119998931884766,51.79999923706055,51.880001068115234,636752
2017-01-24T16:30,51.880001068115234,52.040000915527344,51.84000015258789,51.900001525878906,535411
2017-01-24T18:30,51.900001525878906,52.06999969482422,51.810001373291016,52.0099983215332,1292291
2017-01-25T14:30,51.849998474121094,51.970001220703125,51.599998474121094,51.79999923706055,737670
2017-01-25T16:30,51.790000915527344,51.95000076293945,51.779998779296875,51.849998474121094,396274
2017-01-25T18:30,51.86000061035156,51.97999954223633,51.84000015258789,51.939998626708984,906441
2017-01-26T14:30,51.91999816894531,52.04999923706055,51.66999816894531,51.70000076293945,1035888
2017-01-26T16:30,51.70000076293945,51.810001373291016,51.65999984741211,51.79999923706055,557399
2017-01-26T18:30,51.79999923706055,52.02000045776367,51.720001220703125,51.9900016784668,963486
2017-01-27T14:30,52.11000061035156,52.31999969482422,51.720001220703125,51.7400016784668,916389
2017-01-27T16:30,51.72999954223633,51.880001068115234,51.720001220703125,51.86000061035156,393826
2017-01-27T18:30,51.86000061035156,51.959999084472656,51.779998779296875,51.849998474121094,1169330
2017-01-30T14:30,51.880001068115234,52.25,51.81999969482422,51.93000030517578,921564
2017-01-30T16:30,51.93000030517578,51.95000076293945,51.709999084472656,51.72999954223633,439714
2017-01-30T18:30,51.72999954223633,52,51.70000076293945,51.970001220703125,807461
2017-01-31T14:30,52,52.66999816894531,51.97999954223633,52.59000015258789,950689
2017-01-31T16:30,52.59000015258789,52.95000076293945,52.59000015258789,52.790000915527344,745363
2017-01-31T18:30,52.790000915527344,52.939998626708984,52.7599983215332,52.939998626708984,1328842
2017-02-01T14:30,52.66999816894531,52.75,52.04999923706055,52.150001525878906,1097733
2017-02-01T16:30,52.150001525878906,52.2599983215332,51.95000076293945,52.22999954223633,664864
2017-02-01T18:30,52.2400016784668,52.5099983215332,52.08000183105469,52.13999938964844,1499527
2017-02-02T14:30,52.279998779296875,52.529998779296875,52.0099983215332,52.52000045776367,823328
2017-02-02T16:30,52.52000045776367,52.52000045776367,52.310001373291016,52.33000183105469,577266
2017-02-02T18:30,52.31999969482422,52.43000030517578,52.09000015258789,52.41999816894531,1249337
2017-02-03T14:30,52.5,52.599998474121094,52.220001220703125,52.27000045776367,855018
2017-02-03T16:30,52.279998779296875,52.560001373291016,52.279998779296875,52.439998626708984,531059
2017-02-03T18:30,52.43000030517578,52.439998626708984,52.25,52.34000015258789,919095
2017-02-06T14:30,52.5,52.599998474121094,52.20000076293945,52.29999923706055,591458
2017-02-06T16:30,52.29999923706055,52.439998626708984,52.2599983215332,52.310001373291016,334821
2017-02-06T18:30,52.310001373291016,52.31999969482422,52.20000076293945,52.279998779296875,852669
2017-02-07T14:30,52.34000015258789,52.47999954223633,52.16999816894531,52.2599983215332,530114
2017-02-07T16:30,52.2599983215332,52.41999816894531,52.25,52.36000061035156,318470
2017-02-07T18:30,52.36000061035156,52.45000076293945,52.29999923706055,52.400001525878906,556332
2017-02-08T14:30,52.45000076293945,52.97999954223633,52.400001525878906,52.65999984741211,899175
2017-02-08T16:30,52.650001525878906,52.900001525878906,52.650001525878906,52.7599983215332,649830
2017-02-08T18:30,52.7599983215332,53.04999923706055,52.75,53.02000045776367,1168070
2017-02-09T14:30,52.93000030517578,53.13999938964844,52.56999969482422,52.56999969482422,940393
2017-02-09T16:30,52.56999969482422,52.61000061035156,52.36000061035156,52.43000030517578,817426
2017-02-09T18:30,52.43000030517578,52.45000076293945,52.279998779296875,52.400001525878906,1318269
2017-02-10T14:30,52.29999923706055,52.58000183105469,52.29999923706055,52.5,724909
2017-02-10T16:30,52.5099983215332,52.61000061035156,52.4900016784668,52.58000183105469,640388
2017-02-10T18:30,52.58000183105469,52.68000030517578,52.45000076293945,52.650001525878906,869619
2017-02-13T14:30,52.75,52.88999938964844,52.5,52.849998474121094,927415
2017-02-13T16:30,52.849998474121094,53,52.790000915527344,52.95000076293945,420838
2017-02-13T18:30,52.939998626708984,53.029998779296875,52.900001525878906,53.02000045776367,1006404
2017-02-14T14:30,52.95000076293945,53.029998779296875,52.29999923706055,52.45000076293945,1525814
2017-02-14T16:30,52.45000076293945,52.52000045776367,52.36000061035156,52.5,574040
2017-02-14T18:30,52.5,52.619998931884766,52.380001068115234,52.59000015258789,1339026
2017-02-15T14:30,52.33000183105469,52.59000015258789,51.97999954223633,52.099998474121094,1247887
2017-02-15T16:30,52.11000061035156,52.20000076293945,52.06999969482422,52.150001525878906,438267
2017-02-15T18:30,52.150001525878906,52.34000015258789,52.119998931884766,52.310001373291016,1670300
2017-02-16T14:30,52.560001373291016,53.619998931884766,52.31999969482422,53.599998474121094,2796982
2017-02-16T16:30,53.599998474121094,53.97999954223633,53.58000183105469,53.90999984741211,1316911
2017-02-16T18:30,53.900001525878906,53.93000030517578,53.689998626708984,53.75,2385815
2017-02-17T14:30,53.630001068115234,53.83000183105469,53.29999923706055,53.369998931884766,1644114
2017-02-17T16:30,53.380001068115234,53.439998626708984,53.20000076293945,53.20000076293945,744003
2017-02-17T18:30,53.209999084472656,53.40999984741211,53.13999938964844,53.38999938964844,1417583
2017-02-21T14:30,53.36000061035156,53.75,53.11000061035156,53.65999984741211,654236
2017-02-21T16:30,53.65999984741211,53.7599983215332,53.61000061035156,53.7400016784668,414991
2017-02-21T18:30,53.7400016784668,53.9900016784668,53.630001068115234,53.88999938964844,1110497
2017-02-22T14:30,53.97999954223633,54.380001068115234,53.810001373291016,54.13999938964844,864434
2017-02-22T16:30,54.130001068115234,54.369998931884766,54.029998779296875,54.369998931884766,575169
2017-02-22T18:30,54.36000061035156,54.5099983215332,54.290000915527344,54.40999984741211,1199279
2017-02-23T14:30,54.5,54.779998779296875,54.45000076293945,54.709999084472656,896695
2017-02-23T16:30,54.70000076293945,55.25,54.68000030517578,55,714471
2017-02-23T18:30,55,55.18000030517578,54.970001220703125,55.130001068115234,990655
2017-02-24T14:30,55.279998779296875,56.02000045776367,55.279998779296875,55.97999954223633,1602206
2017-02-24T16:30,55.97999954223633,55.97999954223633,55.68000030517578,55.7599983215332,611938
2017-02-24T18:30,55.7599983215332,55.869998931884766,55.68000030517578,55.86000061035156,1170596
2017-02-27T14:30,55.810001373291016,56.02000045776367,55.540000915527344,56,780395
2017-02-27T16:30,56,56,55.7400016784668,55.849998474121094,538578
2017-02-27T18:30,55.849998474121094,55.93000030517578,55.709999084472656,55.77000045776367,895734
2017-02-28T14:30,55.599998474121094,56.06999969482422,55.599998474121094,55.959999084472656,1034254
2017-02-28T16:30,55.959999084472656,56.16999816894531,55.959999084472656,56.150001525878906,523640
2017-02-28T18:30,56.150001525878906,56.439998626708984,56.11000061035156,56.2599983215332,1223212
2017-03-01T14:30,55.61000061035156,55.810001373291016,55.34000015258789,55.75,1371992
2017-03-01T16:30,55.75,56.22999954223633,55.72999954223633,56.16999816894531,1009623
2017-03-01T18:30,56.15999984741211,56.20000076293945,55.709999084472656,55.83000183105469,2131221
2017-03-02T14:30,55.61000061035156,56.060001373291016,55.459999084472656,55.939998626708984,993209
2017-03-02T16:30,55.93000030517578,56.150001525878906,55.79999923706055,56.119998931884766,886756
2017-03-02T18:30,56.119998931884766,56.41999816894531,56,56.119998931884766,1694252
2017-03-03T14:30,55.88999938964844,55.9900016784668,55.4900016784668,55.58000183105469,1065121
2017-03-03T16:30,55.58000183105469,55.7400016784668,55.41999816894531,55.439998626708984,593778
2017-03-03T18:30,55.43000030517578,55.90999984741211,55.38999938964844,55.83000183105469,965309
2017-03-06T14:30,55.849998474121094,55.93000030517578,55.560001373291016,55.84000015258789,678045
2017-03-06T16:30,55.83000183105469,55.900001525878906,55.779998779296875,55.869998931884766,359704
2017-03-06T18:30,55.869998931884766,55.88999938964844,55.70000076293945,55.779998779296875,897830
2017-03-07T14:30,55.599998474121094,55.90999984741211,55.5099983215332,55.72999954223633,805041
2017-03-07T16:30,55.7400016784668,55.93000030517578,55.72999954223633,55.91999816894531,455934
2017-03-07T18:30,55.90999984741211,55.90999984741211,55.65999984741211,55.68000030517578,1310775
2017-03-08T14:30,55.27000045776367,55.279998779296875,54.72999954223633,54.93000030517578,1069145
2017-03-08T16:30,54.93000030517578,55.13999938964844,54.90999984741211,54.95000076293945,602491
2017-03-08T18:30,54.959999084472656,54.970001220703125,54.689998626708984,54.75,1263117
2017-03-09T14:30,54.869998931884766,55.060001373291016,54.68000030517578,54.83000183105469,656597
2017-03-09T16:30,54.83000183105469,54.86000061035156,54.720001220703125,54.7400016784668,622196
2017-03-09T18:30,54.7400016784668,54.83000183105469,54.529998779296875,54.560001373291016,1510281
2017-03-10T14:30,54.79999923706055,55.15999984741211,54.630001068115234,54.70000076293945,815065
2017-03-10T16:30,54.70000076293945,54.91999816894531,54.689998626708984,54.79999923706055,435616
2017-03-10T18:30,54.79999923706055,55.029998779296875,54.75,54.959999084472656,1064510
2017-03-13T13:30,55.060001373291016,55.11000061035156,54.83000183105469,55.08000183105469,850926
2017-03-13T15:30,55.08000183105469,55.11000061035156,54.91999816894531,54.91999816894531,660298
2017-03-13T17:30,54.91999816894531,55.18000030517578,54.90999984741211,55.119998931884766,1283085
2017-03-14T13:30,55.150001525878906,55.27000045776367,54.93000030517578,55.209999084472656,650310
2017-03-14T15:30,55.209999084472656,55.22999954223633,54.97999954223633,55.040000915527344,379641
2017-03-14T17:30,55.040000915527344,55.13999938964844,54.9900016784668,55.11000061035156,740141
2017-03-15T13:30,55.22999954223633,55.5099983215332,55.09000015258789,55.45000076293945,720104
2017-03-15T15:30,55.45000076293945,55.540000915527344,55.290000915527344,55.439998626708984,667635
2017-03-15T17:30,55.439998626708984,56.130001068115234,55.29999923706055,55.869998931884766,1699152
2017-03-16T13:30,56.060001373291016,56.11000061035156,55.36000061035156,55.66999816894531,1348238
2017-03-16T15:30,55.66999816894531,55.79999923706055,55.61000061035156,55.61000061035156,1173957
2017-03-16T17:30,55.61000061035156,55.650001525878906,55.459999084472656,55.61000061035156,1421500
2017-03-17T13:30,55.779998779296875,55.88999938964844,55.54999923706055,55.66999816894531,2775624
2017-03-17T15:30,55.66999816894531,55.810001373291016,55.63999938964844,55.810001373291016,707960
2017-03-17T17:30,55.810001373291016,56.04999923706055,55.68000030517578,55.72999954223633,1667864
2017-03-20T13:30,55.83000183105469,55.95000076293945,55.15999984741211,55.15999984741211,842593
2017-03-20T15:30,55.16999816894531,55.279998779296875,55.099998474121094,55.189998626708984,616863
2017-03-20T17:30,55.189998626708984,55.38999938964844,55.11000061035156,55.31999969482422,1252925
2017-03-21T13:30,55.29999923706055,55.91999816894531,55.279998779296875,55.880001068115234,1111225
2017-03-21T15:30,55.88999938964844,56.2400016784668,55.68000030517578,56.22999954223633,1043964
2017-03-21T17:30,56.22999954223633,56.56999969482422,56.220001220703125,56.349998474121094,1984763
2017-03-22T13:30,56.560001373291016,56.959999084472656,56.279998779296875,56.529998779296875,824648
2017-03-22T15:30,56.52000045776367,56.560001373291016,56.349998474121094,56.470001220703125,520193
2017-03-22T17:30,56.470001220703125,56.54999923706055,56.380001068115234,56.40999984741211,915932
2017-03-23T13:30,56.209999084472656,56.7599983215332,56.119998931884766,56.72999954223633,535798
2017-03-23T15:30,56.72999954223633,56.7400016784668,56.5099983215332,56.5099983215332,493088
2017-03-23T17:30,56.5099983215332,56.59000015258789,56.16999816894531,56.34000015258789,1034706
2017-03-24T13:30,56.189998626708984,56.70000076293945,56.189998626708984,56.65999984741211,452025
2017-03-24T15:30,56.650001525878906,56.75,56.560001373291016,56.630001068115234,418133
2017-03-24T17:30,56.630001068115234,56.68000030517578,56.439998626708984,56.56999969482422,909891
2017-03-27T13:30,56.779998779296875,56.959999084472656,56.189998626708984,56.209999084472656,596498
2017-03-27T15:30,56.209999084472656,56.34000015258789,56.15999984741211,56.33000183105469,303819
2017-03-27T17:30,56.33000183105469,56.5,56.2400016784668,56.41999816894531,674845
2017-03-28T13:30,56.25,56.45000076293945,56.119998931884766,56.349998474121094,636508
2017-03-28T15:30,56.349998474121094,56.470001220703125,56.22999954223633,56.279998779296875,371658
2017-03-28T17:30,56.279998779296875,56.54999923706055,56.16999816894531,56.5,932772
2017-03-29T13:30,56.380001068115234,56.380001068115234,56.0099983215332,56.34000015258789,778929
2017-03-29T15:30,56.34000015258789,56.369998931884766,56.189998626708984,56.2599983215332,288042
2017-03-29T17:30,56.27000045776367,56.31999969482422,56.099998474121094,56.16999816894531,651338
2017-03-30T13:30,55.959999084472656,55.959999084472656,55.68000030517578,55.900001525878906,768807
2017-03-30T15:30,55.900001525878906,55.900001525878906,55.650001525878906,55.70000076293945,532351
2017-03-30T17:30,55.709999084472656,55.93000030517578,55.70000076293945,55.90999984741211,812110
2017-03-31T13:30,55.81999969482422,56.150001525878906,55.70000076293945,56.040000915527344,463309
2017-03-31T15:30,56.040000915527344,56.20000076293945,56.029998779296875,56.16999816894531,233054
2017-03-31T17:30,56.16999816894531,56.20000076293945,55.880001068115234,55.88999938964844,1024023
2017-04-03T13:30,55.810001373291016,55.90999984741211,55.380001068115234,55.77000045776367,882606
2017-04-03T15:30,55.790000915527344,55.880001068115234,55.689998626708984,55.7400016784668,375070
2017-04-03T17:30,55.7400016784668,56.08000183105469,55.720001220703125,56.040000915527344,894800
2017-04-04T13:30,56.040000915527344,56.11000061035156,55.869998931884766,56.02000045776367,441627
2017-04-04T15:30,56.02000045776367,56.189998626708984,56,56.15999984741211,297472
2017-04-04T17:30,56.15999984741211,56.349998474121094,56.06999969482422,56.130001068115234,843513
2017-04-05T13:30,56.060001373291016,56.45000076293945,55.959999084472656,56.380001068115234,426342
2017-04-05T15:30,56.380001068115234,56.400001525878906,56.209999084472656,56.36000061035156,292809
2017-04-05T17:30,56.36000061035156,56.540000915527344,56.130001068115234,56.470001220703125,883222
2017-04-06T13:30,56.33000183105469,56.470001220703125,56.130001068115234,56.209999084472656,516165
2017-04-06T15:30,56.209999084472656,56.369998931884766,56.189998626708984,56.22999954223633,370423
2017-04-06T17:30,56.2400016784668,56.380001068115234,56.22999954223633,56.29999923706055,643564
2017-04-07T13:30,56.43000030517578,56.560001373291016,56.2599983215332,56.400001525878906,456651
2017-04-07T15:30,56.40999984741211,56.45000076293945,56.04999923706055,56.16999816894531,377638
2017-04-07T17:30,56.16999816894531,56.209999084472656,56.02000045776367,56.04999923706055,697033
2017-04-10T13:30,56.08000183105469,56.150001525878906,55.779998779296875,56.029998779296875,645185
2017-04-10T15:30,56.029998779296875,56.06999969482422,55.90999984741211,56.06999969482422,221603
2017-04-10T17:30,56.060001373291016,56.18000030517578,55.9900016784668,56.150001525878906,671119
2017-04-11T13:30,56.150001525878906,56.150001525878906,55.72999954223633,56,603409
2017-04-11T15:30,56,56.029998779296875,55.880001068115234,55.970001220703125,359545
2017-04-11T17:30,55.97999954223633,56.08000183105469,55.88999938964844,56,711143
2017-04-12T13:30,55.849998474121094,56.209999084472656,55.720001220703125,56.209999084472656,603435
2017-04-12T15:30,56.209999084472656,56.369998931884766,56.189998626708984,56.2599983215332,324213
2017-04-12T17:30,56.2599983215332,56.45000076293945,56.150001525878906,56.40999984741211,680308
2017-04-13T13:30,56.400001525878906,56.45000076293945,55.970001220703125,56.310001373291016,761682
2017-04-13T15:30,56.31999969482422,56.40999984741211,56.29999923706055,56.380001068115234,407524
2017-04-13T17:30,56.380001068115234,56.4900016784668,56.16999816894531,56.279998779296875,994781
2017-04-17T13:30,56.36000061035156,56.56999969482422,56.25,56.36000061035156,621183
2017-04-17T15:30,56.36000061035156,56.54999923706055,56.31999969482422,56.540000915527344,438605
2017-04-17T17:30,56.529998779296875,56.54999923706055,56.439998626708984,56.52000045776367,678383
2017-04-18T13:30,56.4900016784668,56.7400016784668,56.31999969482422,56.52000045776367,802552
2017-04-18T15:30,56.5099983215332,56.599998474121094,56.459999084472656,56.470001220703125,381994
2017-04-18T17:30,56.470001220703125,56.619998931884766,56.36000061035156,56.470001220703125,912733
2017-04-19T13:30,56.439998626708984,56.5,55.9900016784668,56.02000045776367,651219
2017-04-19T15:30,56.02000045776367,56.20000076293945,56.02000045776367,56.06999969482422,355471
2017-04-19T17:30,56.060001373291016,56.150001525878906,55.900001525878906,56.119998931884766,876338
2017-04-20T13:30,55.9900016784668,55.9900016784668,55.4900016784668,55.56999969482422,757750
2017-04-20T15:30,55.56999969482422,55.83000183105469,55.54999923706055,55.790000915527344,515685
2017-04-20T17:30,55.790000915527344,55.97999954223633,55.77000045776367,55.900001525878906,791626
2017-04-21T13:30,55.95000076293945,56.36000061035156,55.900001525878906,56.29999923706055,934727
2017-04-21T15:30,56.29999923706055,56.34000015258789,56.130001068115234,56.130001068115234,444157
2017-04-21T17:30,56.130001068115234,56.209999084472656,56,56.029998779296875,996220
2017-04-24T13:30,56.150001525878906,56.209999084472656,55.63999938964844,56.150001525878906,710314
2017-04-24T15:30,56.150001525878906,56.20000076293945,55.95000076293945,56.15999984741211,458593
2017-04-24T17:30,56.15999984741211,56.349998474121094,56.150001525878906,56.27000045776367,1016006
2017-04-25T13:30,56.02000045776367,56.36000061035156,55.959999084472656,56.099998474121094,754923
2017-04-25T15:30,56.099998474121094,56.22999954223633,56.08000183105469,56.20000076293945,444054
2017-04-25T17:30,56.20000076293945,56.369998931884766,56.150001525878906,56.34000015258789,1162945
2017-04-26T13:30,56.27000045776367,56.7599983215332,56.18000030517578,56.75,683159
2017-04-26T15:30,56.75,56.75,56.43000030517578,56.47999954223633,413083
2017-04-26T17:30,56.470001220703125,56.54999923706055,56.2599983215332,56.29999923706055,998077
2017-04-27T13:30,56.34000015258789,56.75,56.290000915527344,56.45000076293945,484536
2017-04-27T15:30,56.459999084472656,56.79999923706055,56.43000030517578,56.72999954223633,272082
2017-04-27T17:30,56.72999954223633,56.7599983215332,56.439998626708984,56.5,721566
2017-04-28T13:30,56.36000061035156,56.4900016784668,56.22999954223633,56.27000045776367,502179
2017-04-28T15:30,56.2599983215332,56.31999969482422,56.18000030517578,56.209999084472656,247537
2017-04-28T17:30,56.209999084472656,56.31999969482422,56.04999923706055,56.22999954223633,903643
2017-05-01T13:30,56.22999954223633,56.310001373291016,55.869998931884766,56.06999969482422,639290
2017-05-01T15:30,56.06999969482422,56.06999969482422,55.79999923706055,55.810001373291016,344112
2017-05-01T17:30,55.79999923706055,56.060001373291016,55.779998779296875,55.93000030517578,877280
2017-05-02T13:30,56.040000915527344,56.279998779296875,55.81999969482422,55.84000015258789,522344
2017-05-02T15:30,55.84000015258789,56.11000061035156,55.81999969482422,56.08000183105469,525481
2017-05-02T17:30,56.06999969482422,56.15999984741211,56.029998779296875,56.150001525878906,859643
2017-05-03T13:30,56.06999969482422,56.2599983215332,55.95000076293945,56.02000045776367,600494
2017-05-03T15:30,56.029998779296875,56.189998626708984,56,56,368810
2017-05-03T17:30,56,56.099998474121094,55.81999969482422,55.90999984741211,960845
2017-05-04T13:30,55.83000183105469,56.16999816894531,55.790000915527344,56.04999923706055,704716
2017-05-04T15:30,56.04999923706055,56.15999984741211,55.869998931884766,55.970001220703125,426427
2017-05-04T17:30,55.95000076293945,56.33000183105469,55.91999816894531,56.279998779296875,785222
2017-05-05T13:30,56.349998474121094,56.65999984741211,56.349998474121094,56.459999084472656,570533
2017-05-05T15:30,56.470001220703125,56.5099983215332,56.380001068115234,56.5,320332
2017-05-05T17:30,56.5,56.560001373291016,56.43000030517578,56.52000045776367,937608
2017-05-08T13:30,56.58000183105469,56.66999816894531,56.130001068115234,56.34000015258789,486838
2017-05-08T15:30,56.34000015258789,56.5,56.33000183105469,56.470001220703125,287257
2017-05-08T17:30,56.470001220703125,56.540000915527344,56.369998931884766,56.470001220703125,1047299
2017-05-09T13:30,56.22999954223633,56.540000915527344,56.11000061035156,56.2599983215332,757468
2017-05-09T15:30,56.2599983215332,56.310001373291016,56.02000045776367,56.060001373291016,572893
2017-05-09T17:30,56.060001373291016,56.20000076293945,55.93000030517578,55.95000076293945,987260
2017-05-10T13:30,56.060001373291016,56.349998474121094,56,56.040000915527344,634455
2017-05-10T15:30,56.040000915527344,56.25,56.040000915527344,56.04999923706055,413294
2017-05-10T17:30,56.040000915527344,56.22999954223633,55.88999938964844,56.20000076293945,907783
2017-05-11T13:30,55.97999954223633,56.349998474121094,55.91999816894531,56.130001068115234,725381
2017-05-11T15:30,56.13999938964844,56.310001373291016,56.040000915527344,56.25,388743
2017-05-11T17:30,56.25,56.58000183105469,56.150001525878906,56.560001373291016,1006738
2017-05-12T13:30,56.630001068115234,57.02000045776367,56.58000183105469,56.900001525878906,743990
2017-05-12T15:30,56.90999984741211,56.95000076293945,56.75,56.7599983215332,254044
2017-05-12T17:30,56.7599983215332,56.959999084472656,56.70000076293945,56.88999938964844,714634
2017-05-15T13:30,56.939998626708984,57.099998474121094,56.7400016784668,57.06999969482422,469016
2017-05-15T15:30,57.06999969482422,57.06999969482422,56.83000183105469,56.88999938964844,357925
2017-05-15T17:30,56.88999938964844,57.02000045776367,56.880001068115234,56.959999084472656,683219
2017-05-16T13:30,56.959999084472656,57.11000061035156,56.790000915527344,56.959999084472656,975351
2017-05-16T15:30,56.95000076293945,56.95000076293945,56.75,56.7599983215332,436963
2017-05-16T17:30,56.7599983215332,56.810001373291016,56.619998931884766,56.63999938964844,910733
2017-05-17T13:30,56.66999816894531,57.060001373291016,56.66999816894531,56.900001525878906,1456270
2017-05-17T15:30,56.900001525878906,57.13999938964844,56.810001373291016,57,1026485
2017-05-17T17:30,57,57.310001373291016,56.959999084472656,57,1601261
2017-05-18T13:30,57.220001220703125,57.599998474121094,56.79999923706055,57.29999923706055,1346039
2017-05-18T15:30,57.290000915527344,57.47999954223633,57.2599983215332,57.34000015258789,774187
2017-05-18T17:30,57.33000183105469,57.599998474121094,57.310001373291016,57.31999969482422,1241303
2017-05-19T13:30,57.400001525878906,57.41999816894531,56.959999084472656,57.16999816894531,1305789
2017-05-19T15:30,57.15999984741211,57.380001068115234,57.15999984741211,57.2599983215332,624855
2017-05-19T17:30,57.2599983215332,57.45000076293945,57.150001525878906,57.400001525878906,984919
2017-05-22T13:30,57.34000015258789,57.7400016784668,57.279998779296875,57.709999084472656,581285
2017-05-22T15:30,57.709999084472656,57.900001525878906,57.65999984741211,57.88999938964844,287362
2017-05-22T17:30,57.88999938964844,58.06999969482422,57.88999938964844,57.90999984741211,778504
2017-05-23T13:30,57.93000030517578,58.380001068115234,57.849998474121094,58.13999938964844,463076
2017-05-23T15:30,58.13999938964844,58.33000183105469,58.040000915527344,58.27000045776367,332549
2017-05-23T17:30,58.2599983215332,58.31999969482422,57.95000076293945,58.04999923706055,792122
2017-05-24T13:30,58.15999984741211,58.34000015258789,58.11000061035156,58.20000076293945,894111
2017-05-24T15:30,58.20000076293945,58.33000183105469,58.16999816894531,58.16999816894531,600453
2017-05-24T17:30,58.18000030517578,58.439998626708984,58.150001525878906,58.310001373291016,1246432
2017-05-25T13:30,58.400001525878906,58.599998474121094,58.2599983215332,58.599998474121094,603850
2017-05-25T15:30,58.61000061035156,58.63999938964844,58.459999084472656,58.54999923706055,328146
2017-05-25T17:30,58.540000915527344,58.70000076293945,58.459999084472656,58.630001068115234,1496513
2017-05-26T13:30,58.65999984741211,58.77000045776367,58.529998779296875,58.630001068115234,897930
2017-05-26T15:30,58.630001068115234,58.7400016784668,58.540000915527344,58.61000061035156,446863
2017-05-26T17:30,58.61000061035156,58.689998626708984,58.4900016784668,58.56999969482422,530512
2017-05-30T13:30,58.65999984741211,58.75,58.45000076293945,58.75,853450
2017-05-30T15:30,58.7400016784668,58.869998931884766,58.65999984741211,58.84000015258789,501996
2017-05-30T17:30,58.84000015258789,58.900001525878906,58.7400016784668,58.81999969482422,686031
2017-05-31T13:30,58.880001068115234,59.209999084472656,58.79999923706055,59,744999
2017-05-31T15:30,58.9900016784668,59.06999969482422,58.900001525878906,58.9900016784668,533497
2017-05-31T17:30,58.97999954223633,59.220001220703125,58.959999084472656,58.9900016784668,952424
2017-06-01T13:30,58.86000061035156,59.02000045776367,58.689998626708984,58.83000183105469,863630
2017-06-01T15:30,58.83000183105469,58.90999984741211,58.720001220703125,58.84000015258789,354548
2017-06-01T17:30,58.84000015258789,59.4900016784668,58.810001373291016,59.47999954223633,1400644
2017-06-02T13:30,59.7599983215332,59.77000045776367,59.15999984741211,59.38999938964844,636059
2017-06-02T15:30,59.380001068115234,59.45000076293945,59.25,59.33000183105469,332692
2017-06-02T17:30,59.31999969482422,59.470001220703125,59.279998779296875,59.380001068115234,800656
2017-06-05T13:30,59.38999938964844,59.41999816894531,59.08000183105469,59.16999816894531,471688
2017-06-05T15:30,59.16999816894531,59.310001373291016,59,59.099998474121094,667612
2017-06-05T17:30,59.099998474121094,59.189998626708984,59.02000045776367,59.130001068115234,615244
2017-06-06T13:30,59.18000030517578,59.33000183105469,59,59.06999969482422,481140
2017-06-06T15:30,59.060001373291016,59.16999816894531,59.02000045776367,59.02000045776367,248842
2017-06-06T17:30,59.02000045776367,59.189998626708984,58.97999954223633,59.11000061035156,1055521
2017-06-07T13:30,59.06999969482422,59.2400016784668,58.93000030517578,59.08000183105469,613075
2017-06-07T15:30,59.08000183105469,59.380001068115234,59.08000183105469,59.349998474121094,511819
2017-06-07T17:30,59.349998474121094,59.349998474121094,59.220001220703125,59.27000045776367,1136732
2017-06-08T13:30,58.939998626708984,59.22999954223633,58.439998626708984,58.45000076293945,666458
2017-06-08T15:30,58.439998626708984,58.65999984741211,58.349998474121094,58.5099983215332,536838
2017-06-08T17:30,58.5099983215332,58.79999923706055,58.38999938964844,58.779998779296875,1042858
2017-06-09T13:30,58.599998474121094,58.83000183105469,58.529998779296875,58.83000183105469,377244
2017-06-09T15:30,58.83000183105469,58.849998474121094,58.470001220703125,58.59000015258789,385181
2017-06-09T17:30,58.59000015258789,59.040000915527344,58.59000015258789,59.02000045776367,1301463
2017-06-12T13:30,59.029998779296875,59.349998474121094,58.58000183105469,58.77000045776367,1042714
2017-06-12T15:30,58.77000045776367,59.099998474121094,58.75,58.95000076293945,720218
2017-06-12T17:30,58.95000076293945,59.040000915527344,58.79999923706055,58.970001220703125,925334
2017-06-13T13:30,58.88999938964844,59.060001373291016,58.81999969482422,59,928647
2017-06-13T15:30,58.9900016784668,59.209999084472656,58.86000061035156,59.209999084472656,470289
2017-06-13T17:30,59.20000076293945,59.25,59.04999923706055,59.16999816894531,754923
2017-06-14T13:30,59.5,59.790000915527344,59.34000015258789,59.59000015258789,598134
2017-06-14T15:30,59.59000015258789,59.68000030517578,59.439998626708984,59.470001220703125,348773
2017-06-14T17:30,59.47999954223633,59.529998779296875,59.279998779296875,59.439998626708984,844357
2017-06-15T13:30,59.36000061035156,59.75,59.27000045776367,59.630001068115234,724172
2017-06-15T15:30,59.630001068115234,59.68000030517578,59.52000045776367,59.66999816894531,318877
2017-06-15T17:30,59.66999816894531,59.880001068115234,59.63999938964844,59.869998931884766,932079
2017-06-16T13:30,60,60.2400016784668,59.84000015258789,59.970001220703125,2183214
2017-06-16T15:30,59.97999954223633,60.189998626708984,59.959999084472656,60.15999984741211,323733
2017-06-16T17:30,60.16999816894531,60.18000030517578,59.91999816894531,59.9900016784668,1362798
2017-06-19T13:30,60.119998931884766,60.119998931884766,59.77000045776367,59.93000030517578,614183
2017-06-19T15:30,59.93000030517578,59.93000030517578,59.68000030517578,59.70000076293945,449178
2017-06-19T17:30,59.70000076293945,59.83000183105469,59.56999969482422,59.810001373291016,870758
2017-06-20T13:30,59.779998779296875,59.93000030517578,59.68000030517578,59.849998474121094,513298
2017-06-20T15:30,59.849998474121094,59.939998626708984,59.68000030517578,59.79999923706055,454634
2017-06-20T17:30,59.79999923706055,59.90999984741211,59.7599983215332,59.84000015258789,774476
2017-06-21T13:30,59.86000061035156,60,59.599998474121094,59.61000061035156,469316
2017-06-21T15:30,59.61000061035156,59.650001525878906,59.41999816894531,59.439998626708984,370183
2017-06-21T17:30,59.43000030517578,59.63999938964844,59.29999923706055,59.61000061035156,699573
2017-06-22T13:30,59.4900016784668,59.720001220703125,59.40999984741211,59.65999984741211,444278
2017-06-22T15:30,59.65999984741211,59.66999816894531,59.529998779296875,59.59000015258789,381967
2017-06-22T17:30,59.59000015258789,59.63999938964844,59.369998931884766,59.400001525878906,841274
2017-06-23T13:30,59.369998931884766,59.619998931884766,59.310001373291016,59.59000015258789,291151
2017-06-23T15:30,59.599998474121094,59.630001068115234,59.349998474121094,59.41999816894531,237730
2017-06-23T17:30,59.41999816894531,59.47999954223633,59.119998931884766,59.18000030517578,505057
2017-06-26T13:30,59.439998626708984,59.939998626708984,59.209999084472656,59.869998931884766,1085931
2017-06-26T15:30,59.869998931884766,59.93000030517578,59.720001220703125,59.790000915527344,491526
2017-06-26T17:30,59.790000915527344,59.81999969482422,59.66999816894531,59.689998626708984,795168
2017-06-27T13:30,59.459999084472656,59.59000015258789,59.25,59.279998779296875,590823
2017-06-27T15:30,59.279998779296875,59.34000015258789,58.93000030517578,59,499597
2017-06-27T17:30,59,59.18000030517578,58.84000015258789,59.02000045776367,1004596
2017-06-28T13:30,59.2400016784668,59.27000045776367,58.79999923706055,58.86000061035156,795649
2017-06-28T15:30,58.869998931884766,58.9900016784668,58.7400016784668,58.81999969482422,443464
2017-06-28T17:30,58.810001373291016,58.869998931884766,58.43000030517578,58.4900016784668,1232522
2017-06-29T13:30,58.34000015258789,58.34000015258789,57.779998779296875,57.90999984741211,1145774
2017-06-29T15:30,57.91999816894531,58.11000061035156,57.68000030517578,57.70000076293945,808329
2017-06-29T17:30,57.709999084472656,58.040000915527344,57.709999084472656,57.86000061035156,1316700
2017-06-30T13:30,57.939998626708984,58.130001068115234,57.650001525878906,57.68000030517578,1045756
2017-06-30T15:30,57.68000030517578,57.790000915527344,57.59000015258789,57.720001220703125,579965
2017-06-30T17:30,57.720001220703125,57.79999923706055,57.560001373291016,57.560001373291016,1406082
2017-07-03T13:30,57.65999984741211,57.720001220703125,57.38999938964844,57.43000030517578,671046
2017-07-03T15:30,57.43000030517578,57.4900016784668,57.2599983215332,57.36000061035156,1090891
2017-07-03T17:30,57.36000061035156,57.36000061035156,57.36000061035156,57.36000061035156,10303
2017-07-05T13:30,57.369998931884766,57.4900016784668,56.959999084472656,57.04999923706055,858273
2017-07-05T15:30,57.040000915527344,57.29999923706055,56.97999954223633,57.220001220703125,640950
2017-07-05T17:30,57.220001220703125,57.36000061035156,57.150001525878906,57.34000015258789,1543582
2017-07-06T13:30,57.220001220703125,57.36000061035156,56.9900016784668,57.04999923706055,798867
2017-07-06T15:30,57.060001373291016,57.349998474121094,57.04999923706055,57.27000045776367,677966
2017-07-06T17:30,57.279998779296875,57.34000015258789,57.15999984741211,57.27000045776367,859009
2017-07-07T13:30,57.29999923706055,57.47999954223633,57.209999084472656,57.43000030517578,729432
2017-07-07T15:30,57.41999816894531,57.65999984741211,57.380001068115234,57.540000915527344,458013
2017-07-07T17:30,57.540000915527344,57.540000915527344,57.36000061035156,57.41999816894531,819420
2017-07-10T13:30,57.54999923706055,57.65999984741211,57.380001068115234,57.63999938964844,565284
2017-07-10T15:30,57.630001068115234,57.709999084472656,57.54999923706055,57.70000076293945,358941
2017-07-10T17:30,57.70000076293945,57.709999084472656,57.2599983215332,57.279998779296875,654439
2017-07-11T13:30,57.400001525878906,57.45000076293945,57.04999923706055,57.06999969482422,803196
2017-07-11T15:30,57.08000183105469,57.20000076293945,57.0099983215332,57.15999984741211,364325
2017-07-11T17:30,57.15999984741211,57.400001525878906,57.15999984741211,57.27000045776367,747055
2017-07-12T13:30,57.720001220703125,57.9900016784668,57.63999938964844,57.90999984741211,980702
2017-07-12T15:30,57.900001525878906,58.02000045776367,57.84000015258789,57.88999938964844,645968
2017-07-12T17:30,57.88999938964844,57.88999938964844,57.7599983215332,57.849998474121094,867942
2017-07-13T13:30,57.709999084472656,57.81999969482422,57.400001525878906,57.4900016784668,559503
2017-07-13T15:30,57.4900016784668,57.599998474121094,57.45000076293945,57.5,506404
2017-07-13T17:30,57.5,57.66999816894531,57.38999938964844,57.40999984741211,717339
2017-07-14T13:30,57.7400016784668,57.93000030517578,57.619998931884766,57.709999084472656,375436
2017-07-14T15:30,57.709999084472656,57.849998474121094,57.619998931884766,57.79999923706055,256522
2017-07-14T17:30,57.79999923706055,57.83000183105469,57.68000030517578,57.72999954223633,493211
2017-07-17T13:30,57.72999954223633,57.790000915527344,57.560001373291016,57.779998779296875,473627
2017-07-17T15:30,57.790000915527344,57.849998474121094,57.72999954223633,57.7400016784668,214208
2017-07-17T17:30,57.7400016784668,57.90999984741211,57.7400016784668,57.88999938964844,559592
2017-07-18T13:30,57.88999938964844,58.029998779296875,57.81999969482422,57.91999816894531,441769
2017-07-18T15:30,57.90999984741211,58.0099983215332,57.869998931884766,57.88999938964844,199787
2017-07-18T17:30,57.88999938964844,58.02000045776367,57.790000915527344,57.9900016784668,727286
2017-07-19T13:30,58.02000045776367,58.130001068115234,57.86000061035156,57.959999084472656,416688
2017-07-19T15:30,57.959999084472656,58,57.880001068115234,57.900001525878906,311955
2017-07-19T17:30,57.900001525878906,58.08000183105469,57.810001373291016,58.06999969482422,775588
2017-07-20T13:30,58.25,58.290000915527344,58,58.22999954223633,405573
2017-07-20T15:30,58.220001220703125,58.40999984741211,58.20000076293945,58.369998931884766,252941
2017-07-20T17:30,58.36000061035156,58.4900016784668,58.310001373291016,58.47999954223633,800499
2017-07-21T13:30,58.45000076293945,58.58000183105469,58.099998474121094,58.43000030517578,1098731
2017-07-21T15:30,58.439998626708984,58.560001373291016,58.400001525878906,58.459999084472656,397624
2017-07-21T17:30,58.470001220703125,58.689998626708984,58.380001068115234,58.68000030517578,896364
2017-07-24T13:30,58.689998626708984,58.720001220703125,58.20000076293945,58.2599983215332,572210
2017-07-24T15:30,58.2599983215332,58.27000045776367,58.060001373291016,58.16999816894531,377127
2017-07-24T17:30,58.16999816894531,58.400001525878906,58.150001525878906,58.2400016784668,1010376
2017-07-25T13:30,58.22999954223633,58.290000915527344,57.880001068115234,57.95000076293945,619770
2017-07-25T15:30,57.939998626708984,57.959999084472656,57.72999954223633,57.83000183105469,318495
2017-07-25T17:30,57.84000015258789,57.849998474121094,57.619998931884766,57.709999084472656,733817
2017-07-26T13:30,57.619998931884766,57.900001525878906,57.560001373291016,57.86000061035156,468812
2017-07-26T15:30,57.849998474121094,57.849998474121094,57.72999954223633,57.77000045776367,229295
2017-07-26T17:30,57.77000045776367,58.15999984741211,57.7599983215332,58.150001525878906,805237
2017-07-27T13:30,57.97999954223633,58.290000915527344,57.869998931884766,58.15999984741211,691480
2017-07-27T15:30,58.15999984741211,58.47999954223633,58.029998779296875,58.459999084472656,422579
2017-07-27T17:30,58.459999084472656,58.54999923706055,58.27000045776367,58.54999923706055,862196
2017-07-28T13:30,58.529998779296875,58.68000030517578,58.2400016784668,58.54999923706055,670340
2017-07-28T15:30,58.54999923706055,58.65999984741211,58.5099983215332,58.529998779296875,303618
2017-07-28T17:30,58.529998779296875,58.54999923706055,58.279998779296875,58.459999084472656,499121
2017-07-31T13:30,58.459999084472656,58.63999938964844,58.290000915527344,58.63999938964844,416637
2017-07-31T15:30,58.63999938964844,58.65999984741211,58.47999954223633,58.540000915527344,270284
2017-07-31T17:30,58.54999923706055,58.75,58.54999923706055,58.61000061035156,783427
2017-08-01T13:30,58.630001068115234,58.880001068115234,58.560001373291016,58.720001220703125,692134
2017-08-01T15:30,58.720001220703125,58.81999969482422,58.630001068115234,58.720001220703125,611021
2017-08-01T17:30,58.720001220703125,58.779998779296875,58.61000061035156,58.68000030517578,892541
2017-08-02T13:30,58.540000915527344,59,58.290000915527344,58.97999954223633,713288
2017-08-02T15:30,58.97999954223633,59.0099983215332,58.81999969482422,58.869998931884766,372331
2017-08-02T17:30,58.869998931884766,59.040000915527344,58.7599983215332,59.040000915527344,868195
2017-08-03T13:30,59.220001220703125,59.560001373291016,58.880001068115234,59.209999084472656,841785
2017-08-03T15:30,59.189998626708984,59.220001220703125,58.880001068115234,59.06999969482422,437974
2017-08-03T17:30,59.060001373291016,59.56999969482422,59.02000045776367,59.560001373291016,1402350
2017-08-04T13:30,59.33000183105469,59.61000061035156,59.189998626708984,59.349998474121094,861076
2017-08-04T15:30,59.34000015258789,59.470001220703125,59.27000045776367,59.400001525878906,425201
2017-08-04T17:30,59.400001525878906,59.58000183105469,59.369998931884766,59.529998779296875,1049192
2017-08-07T13:30,59.52000045776367,59.59000015258789,59.279998779296875,59.36000061035156,517766
2017-08-07T15:30,59.36000061035156,59.5099983215332,59.29999923706055,59.34000015258789,396801
2017-08-07T17:30,59.33000183105469,59.43000030517578,59.220001220703125,59.38999938964844,920398
2017-08-08T13:30,59.279998779296875,59.470001220703125,59.220001220703125,59.33000183105469,487789
2017-08-08T15:30,59.33000183105469,59.470001220703125,59.2599983215332,59.45000076293945,293842
2017-08-08T17:30,59.45000076293945,59.63999938964844,59.369998931884766,59.619998931884766,878950
2017-08-09T13:30,59.7400016784668,59.84000015258789,59.4900016784668,59.52000045776367,503046
2017-08-09T15:30,59.5099983215332,59.66999816894531,59.400001525878906,59.40999984741211,400539
2017-08-09T17:30,59.40999984741211,59.439998626708984,59.220001220703125,59.29999923706055,969523
2017-08-10T13:30,59.349998474121094,59.349998474121094,59.04999923706055,59.2400016784668,482873
2017-08-10T15:30,59.2400016784668,59.5,59.15999984741211,59.400001525878906,490060
2017-08-10T17:30,59.400001525878906,59.630001068115234,59.34000015258789,59.52000045776367,906263
2017-08-11T13:30,59.540000915527344,59.540000915527344,58.970001220703125,59.0099983215332,891877
2017-08-11T15:30,59.0099983215332,59.06999969482422,58.63999938964844,58.75,535642
2017-08-11T17:30,58.75,59.11000061035156,58.72999954223633,59,878662
2017-08-14T13:30,59.09000015258789,59.349998474121094,58.970001220703125,59.34000015258789,510629
2017-08-14T15:30,59.34000015258789,59.400001525878906,59.290000915527344,59.310001373291016,332499
2017-08-14T17:30,59.310001373291016,59.33000183105469,59.16999816894531,59.279998779296875,662985
2017-08-15T13:30,59.15999984741211,59.68000030517578,59.13999938964844,59.66999816894531,545516
2017-08-15T15:30,59.66999816894531,59.779998779296875,59.63999938964844,59.70000076293945,352681
2017-08-15T17:30,59.70000076293945,59.880001068115234,59.689998626708984,59.84000015258789,811146
2017-08-16T13:30,59.810001373291016,59.95000076293945,59.630001068115234,59.880001068115234,488441
2017-08-16T15:30,59.880001068115234,60.02000045776367,59.81999969482422,60.02000045776367,316466
2017-08-16T17:30,60.02000045776367,60.09000015258789,59.95000076293945,60.04999923706055,759735
2017-08-17T13:30,60.040000915527344,60.13999938964844,59.959999084472656,60.08000183105469,517611
2017-08-17T15:30,60.06999969482422,60.11000061035156,59.900001525878906,60.0099983215332,340626
2017-08-17T17:30,60,60.02000045776367,59.689998626708984,59.75,666060
2017-08-18T13:30,59.650001525878906,60,59.560001373291016,59.970001220703125,691889
2017-08-18T15:30,59.97999954223633,60.38999938964844,59.95000076293945,60.380001068115234,559845
2017-08-18T17:30,60.380001068115234,60.40999984741211,60.04999923706055,60.08000183105469,1295106
2017-08-21T13:30,60.18000030517578,60.18000030517578,59.939998626708984,60.130001068115234,420769
2017-08-21T15:30,60.119998931884766,60.20000076293945,60.02000045776367,60.02000045776367,229016
2017-08-21T17:30,60.029998779296875,60.29999923706055,60.02000045776367,60.220001220703125,546417
2017-08-22T13:30,60.22999954223633,60.31999969482422,59.95000076293945,59.970001220703125,370618
2017-08-22T15:30,59.970001220703125,60.060001373291016,59.900001525878906,60.04999923706055,419672
2017-08-22T17:30,60.04999923706055,60.220001220703125,60.0099983215332,60.209999084472656,719741
2017-08-23T13:30,60.220001220703125,60.22999954223633,59.93000030517578,60.20000076293945,513086
2017-08-23T15:30,60.20000076293945,60.31999969482422,60.13999938964844,60.31999969482422,314191
2017-08-23T17:30,60.31999969482422,60.5099983215332,60.25,60.459999084472656,836781
2017-08-24T13:30,60.34000015258789,60.61000061035156,60.220001220703125,60.34000015258789,469564
2017-08-24T15:30,60.33000183105469,60.540000915527344,60.33000183105469,60.5,276465
2017-08-24T17:30,60.5,60.58000183105469,60.34000015258789,60.36000061035156,1044605
2017-08-25T13:30,60.79999923706055,60.79999923706055,60.5,60.630001068115234,390245
2017-08-25T15:30,60.630001068115234,60.900001525878906,60.61000061035156,60.849998474121094,288757
2017-08-25T17:30,60.86000061035156,60.869998931884766,60.630001068115234,60.68000030517578,729296
2017-08-28T13:30,60.779998779296875,60.869998931884766,60.65999984741211,60.689998626708984,278966
2017-08-28T15:30,60.689998626708984,60.70000076293945,60.5,60.61000061035156,204524
2017-08-28T17:30,60.619998931884766,60.84000015258789,60.59000015258789,60.81999969482422,500057
2017-08-29T13:30,60.90999984741211,61.18000030517578,60.75,60.959999084472656,465302
2017-08-29T15:30,60.959999084472656,61.06999969482422,60.84000015258789,60.880001068115234,307282
2017-08-29T17:30,60.880001068115234,61.0099983215332,60.84000015258789,60.86000061035156,684141
2017-08-30T13:30,60.75,60.90999984741211,60.56999969482422,60.849998474121094,415913
2017-08-30T15:30,60.849998474121094,60.93000030517578,60.81999969482422,60.84000015258789,219266
2017-08-30T17:30,60.84000015258789,60.880001068115234,60.650001525878906,60.72999954223633,562910
2017-08-31T13:30,60.790000915527344,60.88999938964844,60.70000076293945,60.77000045776367,367355
2017-08-31T15:30,60.77000045776367,60.81999969482422,60.689998626708984,60.75,330461
2017-08-31T17:30,60.75,60.81999969482422,60.68000030517578,60.72999954223633,838090
2017-09-01T13:30,60.86000061035156,60.90999984741211,60.369998931884766,60.43000030517578,403870
2017-09-01T15:30,60.439998626708984,60.470001220703125,60.34000015258789,60.43000030517578,257804
2017-09-01T17:30,60.43000030517578,60.61000061035156,60.41999816894531,60.56999969482422,552957
2017-09-05T13:30,60.65999984741211,60.779998779296875,60.380001068115234,60.65999984741211,607989
2017-09-05T15:30,60.65999984741211,60.869998931884766,60.63999938964844,60.790000915527344,289984
2017-09-05T17:30,60.779998779296875,60.88999938964844,60.59000015258789,60.81999969482422,728753
2017-09-06T13:30,60.88999938964844,60.959999084472656,60.720001220703125,60.84000015258789,465694
2017-09-06T15:30,60.849998474121094,60.880001068115234,60.400001525878906,60.400001525878906,558848
2017-09-06T17:30,60.40999984741211,60.59000015258789,60.38999938964844,60.52000045776367,660754
2017-09-07T13:30,60.59000015258789,60.90999984741211,60.43000030517578,60.72999954223633,529418
2017-09-07T15:30,60.72999954223633,60.790000915527344,60.47999954223633,60.58000183105469,387358
2017-09-07T17:30,60.58000183105469,60.83000183105469,60.52000045776367,60.7599983215332,807892
2017-09-08T13:30,60.779998779296875,61.06999969482422,60.66999816894531,61.040000915527344,503234
2017-09-08T15:30,61.040000915527344,61.099998474121094,60.970001220703125,61.04999923706055,415849
2017-09-08T17:30,61.04999923706055,61.2400016784668,61.040000915527344,61.06999969482422,811684
2017-09-11T13:30,60.970001220703125,61.279998779296875,60.849998474121094,61.279998779296875,468423
2017-09-11T15:30,61.279998779296875,61.310001373291016,61.209999084472656,61.29999923706055,309777
2017-09-11T17:30,61.310001373291016,61.5,61.29999923706055,61.47999954223633,693275
2017-09-12T13:30,61.31999969482422,61.459999084472656,60.86000061035156,60.880001068115234,808565
2017-09-12T15:30,60.88999938964844,60.95000076293945,60.65999984741211,60.72999954223633,490981
2017-09-12T17:30,60.72999954223633,60.81999969482422,60.33000183105469,60.72999954223633,1364571
2017-09-13T13:30,60.68000030517578,60.689998626708984,60.290000915527344,60.400001525878906,654355
2017-09-13T15:30,60.400001525878906,60.63999938964844,60.38999938964844,60.47999954223633,371688
2017-09-13T17:30,60.47999954223633,60.4900016784668,60.33000183105469,60.36000061035156,953950
2017-09-14T13:30,60.34000015258789,60.63999938964844,60.20000076293945,60.529998779296875,653790
2017-09-14T15:30,60.529998779296875,60.720001220703125,60.529998779296875,60.70000076293945,287492
2017-09-14T17:30,60.70000076293945,60.93000030517578,60.68000030517578,60.86000061035156,985458
2017-09-15T13:30,60.869998931884766,61.06999969482422,60.400001525878906,60.58000183105469,2354975
2017-09-15T15:30,60.58000183105469,60.689998626708984,60.56999969482422,60.58000183105469,246407
2017-09-15T17:30,60.58000183105469,60.720001220703125,60.439998626708984,60.720001220703125,1012941
2017-09-18T13:30,60.72999954223633,60.72999954223633,60.33000183105469,60.369998931884766,581138
2017-09-18T15:30,60.369998931884766,60.380001068115234,59.880001068115234,59.880001068115234,580981
2017-09-18T17:30,59.880001068115234,59.970001220703125,59.5,59.900001525878906,1436465
2017-09-19T13:30,59.869998931884766,60.02000045776367,59.75,59.84000015258789,609504
2017-09-19T15:30,59.849998474121094,59.939998626708984,59.7400016784668,59.939998626708984,326623
2017-09-19T17:30,59.93000030517578,59.939998626708984,59.779998779296875,59.810001373291016,708289
2017-09-20T13:30,59.970001220703125,60,59.61000061035156,59.619998931884766,535608
2017-09-20T15:30,59.619998931884766,59.689998626708984,59.54999923706055,59.650001525878906,295742
2017-09-20T17:30,59.650001525878906,59.7400016784668,59.040000915527344,59.27000045776367,1466768
2017-09-21T13:30,59.290000915527344,59.59000015258789,59.130001068115234,59.380001068115234,562783
2017-09-21T15:30,59.369998931884766,59.459999084472656,59.310001373291016,59.43000030517578,446304
2017-09-21T17:30,59.43000030517578,59.47999954223633,59.16999816894531,59.2599983215332,831797
2017-09-22T13:30,59.380001068115234,59.40999984741211,58.90999984741211,58.959999084472656,452932
2017-09-22T15:30,58.959999084472656,59.060001373291016,58.900001525878906,58.90999984741211,299146
2017-09-22T17:30,58.90999984741211,58.91999816894531,58.59000015258789,58.599998474121094,741102
2017-09-25T13:30,58.61000061035156,58.9900016784668,58.599998474121094,58.95000076293945,487372
2017-09-25T15:30,58.95000076293945,59.209999084472656,58.88999938964844,58.91999816894531,315240
2017-09-25T17:30,58.91999816894531,59.220001220703125,58.81999969482422,59.209999084472656,769731
2017-09-26T13:30,59.15999984741211,59.2400016784668,58.970001220703125,59.150001525878906,528547
2017-09-26T15:30,59.15999984741211,59.16999816894531,58.91999816894531,58.9900016784668,264539
2017-09-26T17:30,58.9900016784668,59.119998931884766,58.959999084472656,59.0099983215332,554781
2017-09-27T13:30,58.720001220703125,58.849998474121094,58.619998931884766,58.70000076293945,475842
2017-09-27T15:30,58.70000076293945,58.75,58.31999969482422,58.34000015258789,519072
2017-09-27T17:30,58.34000015258789,58.58000183105469,58.099998474121094,58.400001525878906,874367
2017-09-28T13:30,58.189998626708984,58.58000183105469,58.02000045776367,58.560001373291016,650561
2017-09-28T15:30,58.560001373291016,58.66999816894531,58.5099983215332,58.599998474121094,307718
2017-09-28T17:30,58.61000061035156,58.779998779296875,58.560001373291016,58.619998931884766,666916
2017-09-29T13:30,58.529998779296875,58.58000183105469,58.15999984741211,58.369998931884766,609346
2017-09-29T15:30,58.369998931884766,58.59000015258789,58.349998474121094,58.41999816894531,259081
2017-09-29T17:30,58.41999816894531,58.439998626708984,58.2599983215332,58.369998931884766,745645
2017-10-02T13:30,58.529998779296875,58.7599983215332,58.279998779296875,58.7599983215332,526577
2017-10-02T15:30,58.75,58.849998474121094,58.689998626708984,58.779998779296875,329575
2017-10-02T17:30,58.790000915527344,58.869998931884766,58.58000183105469,58.630001068115234,922667
2017-10-03T13:30,58.58000183105469,58.599998474121094,58.099998474121094,58.439998626708984,462149
2017-10-03T15:30,58.43000030517578,58.529998779296875,58.34000015258789,58.349998474121094,230278
2017-10-03T17:30,58.34000015258789,58.40999984741211,58.29999923706055,58.34000015258789,921498
2017-10-04T13:30,58.369998931884766,58.470001220703125,58.20000076293945,58.40999984741211,721524
2017-10-04T15:30,58.40999984741211,58.65999984741211,58.279998779296875,58.630001068115234,819136
2017-10-04T17:30,58.630001068115234,58.77000045776367,58.560001373291016,58.75,1214532
2017-10-05T13:30,58.83000183105469,58.939998626708984,58.529998779296875,58.83000183105469,596477
2017-10-05T15:30,58.81999969482422,58.869998931884766,58.63999938964844,58.689998626708984,297131
2017-10-05T17:30,58.689998626708984,58.7599983215332,58.630001068115234,58.63999938964844,783201
2017-10-06T13:30,58.439998626708984,58.77000045776367,58.29999923706055,58.77000045776367,504581
2017-10-06T15:30,58.77000045776367,58.91999816894531,58.68000030517578,58.900001525878906,672227
2017-10-06T17:30,58.900001525878906,58.95000076293945,58.779998779296875,58.88999938964844,1010451
2017-10-09T13:30,58.959999084472656,59.2599983215332,58.91999816894531,59.220001220703125,543399
2017-10-09T15:30,59.2400016784668,59.310001373291016,59.150001525878906,59.16999816894531,329770
2017-10-09T17:30,59.16999816894531,59.220001220703125,58.970001220703125,59.0099983215332,792962
2017-10-10T13:30,59.130001068115234,59.689998626708984,58.9900016784668,59.66999816894531,509894
2017-10-10T15:30,59.65999984741211,59.7400016784668,59.56999969482422,59.58000183105469,283268
2017-10-10T17:30,59.58000183105469,59.70000076293945,59.540000915527344,59.70000076293945,546244
2017-10-11T13:30,59.689998626708984,60.29999923706055,59.65999984741211,59.97999954223633,664518
2017-10-11T15:30,59.970001220703125,60.099998474121094,59.95000076293945,60.09000015258789,259048
2017-10-11T17:30,60.09000015258789,60.18000030517578,59.93000030517578,60.11000061035156,770121
2017-10-12T13:30,60.13999938964844,60.5,60.11000061035156,60.41999816894531,570030
2017-10-12T15:30,60.41999816894531,60.5099983215332,60.279998779296875,60.43000030517578,467564
2017-10-12T17:30,60.43000030517578,60.56999969482422,60.31999969482422,60.5,952755
2017-10-13T13:30,60.650001525878906,60.939998626708984,60.4900016784668,60.63999938964844,614126
2017-10-13T15:30,60.630001068115234,60.720001220703125,60.52000045776367,60.599998474121094,416579
2017-10-13T17:30,60.599998474121094,60.61000061035156,60.349998474121094,60.400001525878906,742553
2017-10-16T13:30,60.31999969482422,60.630001068115234,60.119998931884766,60.380001068115234,456628
2017-10-16T15:30,60.380001068115234,60.61000061035156,60.31999969482422,60.529998779296875,276682
2017-10-16T17:30,60.540000915527344,60.61000061035156,60.45000076293945,60.61000061035156,713349
2017-10-17T13:30,60.52000045776367,60.650001525878906,60.369998931884766,60.54999923706055,546936
2017-10-17T15:30,60.540000915527344,60.689998626708984,60.5,60.61000061035156,309224
2017-10-17T17:30,60.61000061035156,60.93000030517578,60.59000015258789,60.88999938964844,724158
2017-10-18T13:30,60.7599983215332,60.84000015258789,60.220001220703125,60.2400016784668,503292
2017-10-18T15:30,60.25,60.380001068115234,60.18000030517578,60.380001068115234,282451
2017-10-18T17:30,60.38999938964844,60.61000061035156,60.36000061035156,60.56999969482422,562458
2017-10-19T13:30,60.540000915527344,60.880001068115234,60.529998779296875,60.86000061035156,348257
2017-10-19T15:30,60.86000061035156,61.02000045776367,60.810001373291016,60.970001220703125,321840
2017-10-19T17:30,60.959999084472656,61.13999938964844,60.95000076293945,61.119998931884766,675304
2017-10-20T13:30,61.029998779296875,61.2599983215332,60.900001525878906,61.060001373291016,526254
2017-10-20T15:30,61.06999969482422,61.08000183105469,60.900001525878906,60.93000030517578,217441
2017-10-20T17:30,60.91999816894531,61.18000030517578,60.88999938964844,61.16999816894531,840246
2017-10-23T13:30,61.189998626708984,61.220001220703125,60.439998626708984,60.65999984741211,1034300
2017-10-23T15:30,60.650001525878906,60.86000061035156,60.63999938964844,60.77000045776367,388501
2017-10-23T17:30,60.77000045776367,61,60.75,60.91999816894531,907139
2017-10-24T13:30,60.97999954223633,61.04999923706055,60.7599983215332,60.86000061035156,678256
2017-10-24T15:30,60.86000061035156,61.04999923706055,60.79999923706055,61.02000045776367,368790
2017-10-24T17:30,61.02000045776367,61.2599983215332,60.93000030517578,61.22999954223633,906331
2017-10-25T13:30,60.95000076293945,61.02000045776367,60.31999969482422,60.79999923706055,715650
2017-10-25T15:30,60.79999923706055,60.90999984741211,60.66999816894531,60.84000015258789,446844
2017-10-25T17:30,60.84000015258789,61.189998626708984,60.79999923706055,61.04999923706055,840103
2017-10-26T13:30,61.29999923706055,61.599998474121094,60.97999954223633,61.08000183105469,592125
2017-10-26T15:30,61.08000183105469,61.22999954223633,61.029998779296875,61.18000030517578,391856
2017-10-26T17:30,61.189998626708984,61.209999084472656,60.77000045776367,60.77000045776367,1159495
2017-10-27T13:30,60.68000030517578,61.58000183105469,60.61000061035156,61.36000061035156,837822
2017-10-27T15:30,61.349998474121094,61.369998931884766,61.15999984741211,61.20000076293945,312165
2017-10-27T17:30,61.209999084472656,61.220001220703125,61.04999923706055,61.16999816894531,562773
2017-10-30T13:30,61.06999969482422,61.34000015258789,60.9900016784668,61.15999984741211,404783
2017-10-30T15:30,61.15999984741211,61.31999969482422,61.119998931884766,61.25,321973
2017-10-30T17:30,61.25,61.36000061035156,61.18000030517578,61.279998779296875,786525
2017-10-31T13:30,61.220001220703125,61.43000030517578,61.08000183105469,61.369998931884766,472185
2017-10-31T15:30,61.369998931884766,61.529998779296875,61.310001373291016,61.4900016784668,539605
2017-10-31T17:30,61.4900016784668,61.65999984741211,61.33000183105469,61.439998626708984,1087194
2017-11-01T13:30,61.61000061035156,61.61000061035156,60.90999984741211,61.279998779296875,538229
2017-11-01T15:30,61.279998779296875,61.349998474121094,61.130001068115234,61.22999954223633,414821
2017-11-01T17:30,61.22999954223633,61.59000015258789,61.09000015258789,61.119998931884766,864489
2017-11-02T13:30,61.220001220703125,61.439998626708984,60.9900016784668,61.369998931884766,712998
2017-11-02T15:30,61.369998931884766,61.560001373291016,61.02000045776367,61.54999923706055,1123799
2017-11-02T17:30,61.54999923706055,61.720001220703125,61.38999938964844,61.599998474121094,1402412
2017-11-03T13:30,61.40999984741211,62.2599983215332,61.33000183105469,62.04999923706055,776722
2017-11-03T15:30,62.04999923706055,62.119998931884766,61.63999938964844,61.689998626708984,598507
2017-11-03T17:30,61.689998626708984,61.75,61.529998779296875,61.56999969482422,859774
2017-11-06T14:30,61.470001220703125,61.709999084472656,61.25,61.65999984741211,592861
2017-11-06T16:30,61.65999984741211,61.720001220703125,61.54999923706055,61.54999923706055,374980
2017-11-06T18:30,61.56999969482422,61.630001068115234,61.060001373291016,61.119998931884766,1069498
2017-11-07T14:30,61.279998779296875,61.88999938964844,60.95000076293945,61.81999969482422,787992
2017-11-07T16:30,61.81999969482422,62.040000915527344,61.7400016784668,61.900001525878906,336239
2017-11-07T18:30,61.90999984741211,62.209999084472656,61.88999938964844,62.15999984741211,926066
2017-11-08T14:30,62.02000045776367,62.38999938964844,61.7599983215332,61.84000015258789,618561
2017-11-08T16:30,61.84000015258789,61.939998626708984,61.689998626708984,61.939998626708984,396601
2017-11-08T18:30,61.939998626708984,62.22999954223633,61.939998626708984,62.08000183105469,1253641
2017-11-09T14:30,61.959999084472656,62.400001525878906,61.849998474121094,62.220001220703125,660059
2017-11-09T16:30,62.22999954223633,62.43000030517578,61.97999954223633,62.119998931884766,479433
2017-11-09T18:30,62.119998931884766,62.41999816894531,62,62.349998474121094,828678
2017-11-10T14:30,61.97999954223633,62.11000061035156,61.66999816894531,61.779998779296875,653594
2017-11-10T16:30,61.779998779296875,61.939998626708984,61.720001220703125,61.869998931884766,387106
2017-11-10T18:30,61.869998931884766,62.08000183105469,61.81999969482422,61.84000015258789,887142
2017-11-13T14:30,61.959999084472656,62.4900016784668,61.900001525878906,62.4900016784668,597791
2017-11-13T16:30,62.4900016784668,62.7599983215332,62.4900016784668,62.650001525878906,641601
2017-11-13T18:30,62.650001525878906,62.7400016784668,62.470001220703125,62.529998779296875,1047007
2017-11-14T14:30,62.38999938964844,63.16999816894531,62.34000015258789,63.150001525878906,803451
2017-11-14T16:30,63.150001525878906,63.33000183105469,63.099998474121094,63.209999084472656,583752
2017-11-14T18:30,63.20000076293945,63.400001525878906,63.130001068115234,63.380001068115234,1172886
2017-11-15T14:30,63.56999969482422,63.86000061035156,62.900001525878906,62.900001525878906,1193818
2017-11-15T16:30,62.90999984741211,63.33000183105469,62.900001525878906,63.16999816894531,771401
2017-11-15T18:30,63.16999816894531,63.20000076293945,63,63.02000045776367,1112353
2017-11-16T14:30,63.060001373291016,63.16999816894531,62.45000076293945,62.65999984741211,999303
2017-11-16T16:30,62.65999984741211,62.779998779296875,62.59000015258789,62.68000030517578,631469
2017-11-16T18:30,62.689998626708984,62.81999969482422,62.61000061035156,62.68000030517578,1275995
2017-11-17T14:30,62.43000030517578,62.72999954223633,62.220001220703125,62.279998779296875,757894
2017-11-17T16:30,62.279998779296875,62.41999816894531,62.2400016784668,62.31999969482422,346581
2017-11-17T18:30,62.31999969482422,62.369998931884766,62.13999938964844,62.18000030517578,854114
2017-11-20T14:30,62.2599983215332,62.52000045776367,62.04999923706055,62.33000183105469,1174591
2017-11-20T16:30,62.33000183105469,62.439998626708984,62.33000183105469,62.369998931884766,486793
2017-11-20T18:30,62.380001068115234,62.40999984741211,62.209999084472656,62.290000915527344,703503
2017-11-21T14:30,62.470001220703125,62.599998474121094,62.290000915527344,62.40999984741211,684038
2017-11-21T16:30,62.400001525878906,62.54999923706055,62.349998474121094,62.5,355575
2017-11-21T18:30,62.4900016784668,62.66999816894531,62.36000061035156,62.40999984741211,900081
2017-11-22T14:30,62.349998474121094,62.45000076293945,62.11000061035156,62.2400016784668,364563
2017-11-22T16:30,62.2400016784668,62.2599983215332,62.06999969482422,62.08000183105469,311365
2017-11-22T18:30,62.08000183105469,62.279998779296875,62.029998779296875,62.2599983215332,710403
2017-11-24T14:30,62.400001525878906,62.59000015258789,62.279998779296875,62.43000030517578,376240
2017-11-24T16:30,62.41999816894531,62.45000076293945,62.349998474121094,62.380001068115234,632600
2017-11-27T14:30,62.45000076293945,62.45000076293945,62.119998931884766,62.41999816894531,794613
2017-11-27T16:30,62.41999816894531,62.470001220703125,62.33000183105469,62.41999816894531,409667
2017-11-27T18:30,62.41999816894531,62.540000915527344,62.369998931884766,62.45000076293945,1004872
2017-11-28T14:30,62.59000015258789,62.72999954223633,62.45000076293945,62.619998931884766,511339
2017-11-28T16:30,62.630001068115234,62.810001373291016,62.439998626708984,62.5,477317
2017-11-28T18:30,62.5,62.59000015258789,62.29999923706055,62.52000045776367,1143637
2017-11-29T14:30,62.369998931884766,62.43000030517578,62.04999923706055,62.33000183105469,747373
2017-11-29T16:30,62.31999969482422,62.779998779296875,62.25,62.439998626708984,596709
2017-11-29T18:30,62.43000030517578,62.59000015258789,62.33000183105469,62.52000045776367,781986
2017-11-30T14:30,62.63999938964844,62.81999969482422,62.41999816894531,62.52000045776367,785865
2017-11-30T16:30,62.52000045776367,62.70000076293945,62.380001068115234,62.41999816894531,639683
2017-11-30T18:30,62.41999816894531,62.75,62.34000015258789,62.650001525878906,1281251
2017-12-01T14:30,62.79999923706055,63.040000915527344,62.15999984741211,62.400001525878906,818259
2017-12-01T16:30,62.38999938964844,62.70000076293945,61.959999084472656,62.34000015258789,888661
2017-12-01T18:30,62.33000183105469,62.439998626708984,62.2400016784668,62.349998474121094,1005732
2017-12-04T14:30,62.58000183105469,62.83000183105469,62.29999923706055,62.58000183105469,761675
2017-12-04T16:30,62.56999969482422,62.61000061035156,62.13999938964844,62.310001373291016,438957
2017-12-04T18:30,62.310001373291016,62.41999816894531,62.130001068115234,62.25,871797
2017-12-05T14:30,62.33000183105469,62.349998474121094,61.439998626708984,61.7400016784668,1046398
2017-12-05T16:30,61.7400016784668,61.93000030517578,61.72999954223633,61.86000061035156,486256
2017-12-05T18:30,61.86000061035156,61.939998626708984,61.7400016784668,61.79999923706055,1088789
2017-12-06T14:30,61.9900016784668,62.18000030517578,61.7400016784668,62.040000915527344,589413
2017-12-06T16:30,62.029998779296875,62.13999938964844,61.970001220703125,62.09000015258789,401221
2017-12-06T18:30,62.09000015258789,62.150001525878906,62.0099983215332,62.060001373291016,714208
2017-12-07T14:30,62,62.02000045776367,61.52000045776367,61.63999938964844,539825
2017-12-07T16:30,61.63999938964844,61.75,61.5,61.7400016784668,477752
2017-12-07T18:30,61.7400016784668,61.779998779296875,61.54999923706055,61.779998779296875,803104
2017-12-08T14:30,61.52000045776367,61.7400016784668,61.52000045776367,61.619998931884766,558224
2017-12-08T16:30,61.619998931884766,61.77000045776367,61.61000061035156,61.7400016784668,347917
2017-12-08T18:30,61.75,61.90999984741211,61.650001525878906,61.880001068115234,822594
2017-12-11T14:30,61.689998626708984,61.91999816894531,61.61000061035156,61.84000015258789,505047
2017-12-11T16:30,61.83000183105469,61.83000183105469,61.5099983215332,61.650001525878906,403676
2017-12-11T18:30,61.66999816894531,62.099998474121094,61.56999969482422,62.09000015258789,995677
2017-12-12T14:30,61.86000061035156,61.9900016784668,61.47999954223633,61.56999969482422,848490
2017-12-12T16:30,61.56999969482422,61.63999938964844,61.439998626708984,61.47999954223633,499521
2017-12-12T18:30,61.47999954223633,61.540000915527344,61.16999816894531,61.209999084472656,1153723
2017-12-13T14:30,61.43000030517578,61.779998779296875,61.22999954223633,61.7400016784668,870578
2017-12-13T16:30,61.7400016784668,61.779998779296875,61.43000030517578,61.66999816894531,526790
2017-12-13T18:30,61.68000030517578,61.959999084472656,61.470001220703125,61.529998779296875,1232099
2017-12-14T14:30,61.4900016784668,61.689998626708984,60.93000030517578,61.529998779296875,682837
2017-12-14T16:30,61.54999923706055,61.650001525878906,61.5,61.529998779296875,337709
2017-12-14T18:30,61.540000915527344,61.709999084472656,61.380001068115234,61.540000915527344,862873
2017-12-15T14:30,61.619998931884766,61.939998626708984,61.56999969482422,61.709999084472656,1840620
2017-12-15T16:30,61.709999084472656,61.84000015258789,61.560001373291016,61.599998474121094,353870
2017-12-15T18:30,61.599998474121094,61.86000061035156,61.5099983215332,61.70000076293945,1273421
2017-12-18T14:30,61.83000183105469,61.93000030517578,60.970001220703125,61.20000076293945,978734
2017-12-18T16:30,61.209999084472656,61.349998474121094,60.779998779296875,60.790000915527344,565513
2017-12-18T18:30,60.790000915527344,60.959999084472656,60.70000076293945,60.810001373291016,1098988
2017-12-19T14:30,60.88999938964844,60.93000030517578,60.349998474121094,60.470001220703125,706773
2017-12-19T16:30,60.470001220703125,60.5099983215332,60.2599983215332,60.27000045776367,383659
2017-12-19T18:30,60.27000045776367,60.29999923706055,59.66999816894531,59.720001220703125,1240478
2017-12-20T14:30,59.720001220703125,60,59.54999923706055,59.61000061035156,589488
2017-12-20T16:30,59.61000061035156,59.65999984741211,59.470001220703125,59.540000915527344,314881
2017-12-20T18:30,59.540000915527344,59.54999923706055,59.31999969482422,59.369998931884766,754014
2017-12-21T14:30,59.33000183105469,59.54999923706055,58.84000015258789,59.31999969482422,820014
2017-12-21T16:30,59.310001373291016,59.529998779296875,59.209999084472656,59.4900016784668,669973
2017-12-21T18:30,59.4900016784668,59.540000915527344,59.15999984741211,59.22999954223633,900311
2017-12-22T14:30,59.29999923706055,59.45000076293945,59.189998626708984,59.22999954223633,425769
2017-12-22T16:30,59.22999954223633,59.290000915527344,59,59.099998474121094,268136
2017-12-22T18:30,59.099998474121094,59.27000045776367,59.040000915527344,59.119998931884766,683578
2017-12-26T14:30,59.20000076293945,59.279998779296875,59.0099983215332,59.029998779296875,347489
2017-12-26T16:30,59.029998779296875,59.16999816894531,58.90999984741211,58.93000030517578,243553
2017-12-26T18:30,58.939998626708984,58.970001220703125,58.709999084472656,58.72999954223633,515095
2017-12-27T14:30,58.7599983215332,59.0099983215332,58.7599983215332,58.959999084472656,365076
2017-12-27T16:30,58.959999084472656,59.09000015258789,58.93000030517578,58.95000076293945,320340
2017-12-27T18:30,58.95000076293945,59,58.880001068115234,58.9900016784668,555997
2017-12-28T14:30,59.06999969482422,59.20000076293945,58.91999816894531,58.97999954223633,326096
2017-12-28T16:30,58.9900016784668,59.06999969482422,58.97999954223633,59,244507
2017-12-28T18:30,59,59.099998474121094,58.95000076293945,59.0099983215332,1064787
2017-12-29T14:30,59.209999084472656,59.41999816894531,59.040000915527344,59.13999938964844,455013
2017-12-29T16:30,59.13999938964844,59.16999816894531,59.04999923706055,59.09000015258789,242514
2017-12-29T18:30,59.09000015258789,59.209999084472656,59,59.099998474121094,712075
2018-01-02T14:30,59.209999084472656,59.310001373291016,58.5099983215332,58.540000915527344,599622
2018-01-02T16:30,58.54999923706055,58.66999816894531,58.290000915527344,58.400001525878906,667274
2018-01-02T18:30,58.400001525878906,58.4900016784668,58.2400016784668,58.47999954223633,1389277
2018-01-03T14:30,58.36000061035156,58.869998931884766,58.2599983215332,58.54999923706055,771942
2018-01-03T16:30,58.54999923706055,58.63999938964844,58.20000076293945,58.22999954223633,540578
2018-01-03T18:30,58.2400016784668,58.459999084472656,58.220001220703125,58.279998779296875,1054820
2018-01-04T14:30,58.189998626708984,58.47999954223633,57.97999954223633,58.369998931884766,630173
2018-01-04T16:30,58.36000061035156,58.38999938964844,58.2400016784668,58.349998474121094,395934
2018-01-04T18:30,58.34000015258789,58.40999984741211,57.720001220703125,57.81999969482422,1129649
2018-01-05T14:30,57.970001220703125,58.13999938964844,57.150001525878906,57.18000030517578,1514415
2018-01-05T16:30,57.18000030517578,57.619998931884766,57.18000030517578,57.52000045776367,558976
2018-01-05T18:30,57.52000045776367,57.66999816894531,57.5,57.560001373291016,1213637
2018-01-08T14:30,57.599998474121094,57.77000045776367,57.439998626708984,57.58000183105469,954729
2018-01-08T16:30,57.58000183105469,57.720001220703125,57.40999984741211,57.709999084472656,645152
2018-01-08T18:30,57.709999084472656,57.83000183105469,57.5099983215332,57.7400016784668,1542497
2018-01-09T14:30,57.630001068115234,57.630001068115234,56.880001068115234,57.099998474121094,1053765
2018-01-09T16:30,57.099998474121094,57.15999984741211,56.939998626708984,57.13999938964844,489527
2018-01-09T18:30,57.13999938964844,57.29999923706055,57,57.08000183105469,907851
2018-01-10T14:30,56.75,56.849998474121094,56.279998779296875,56.310001373291016,1152109
2018-01-10T16:30,56.29999923706055,56.5,56.150001525878906,56.369998931884766,775615
2018-01-10T18:30,56.369998931884766,56.45000076293945,56.25,56.290000915527344,1054586
2018-01-11T14:30,56.060001373291016,56.29999923706055,55.7599983215332,55.900001525878906,1291421
2018-01-11T16:30,55.88999938964844,55.95000076293945,55.630001068115234,55.81999969482422,766222
2018-01-11T18:30,55.83000183105469,55.900001525878906,55.5,55.70000076293945,1342742
2018-01-12T14:30,55.5,55.91999816894531,55.189998626708984,55.86000061035156,1050351
2018-01-12T16:30,55.86000061035156,55.93000030517578,55.61000061035156,55.650001525878906,443942
2018-01-12T18:30,55.63999938964844,55.81999969482422,55.36000061035156,55.43000030517578,1065458
2018-01-16T14:30,55.56999969482422,55.689998626708984,54.95000076293945,55.2400016784668,1220901
2018-01-16T16:30,55.2400016784668,55.459999084472656,55.15999984741211,55.459999084472656,703430
2018-01-16T18:30,55.45000076293945,55.459999084472656,55.0099983215332,55.099998474121094,1787039
2018-01-17T14:30,55.04999923706055,55.290000915527344,54.529998779296875,55.220001220703125,1439428
2018-01-17T16:30,55.209999084472656,55.220001220703125,54.9900016784668,55.040000915527344,740109
2018-01-17T18:30,55.029998779296875,55.2400016784668,55.029998779296875,55.099998474121094,1294112
2018-01-18T14:30,55.25,55.25,54.2400016784668,54.25,1368412
2018-01-18T16:30,54.25,54.349998474121094,54.130001068115234,54.31999969482422,1088211
2018-01-18T18:30,54.33000183105469,54.7599983215332,54.279998779296875,54.34000015258789,1668211
2018-01-19T14:30,54.43000030517578,54.66999816894531,54.22999954223633,54.31999969482422,1360749
2018-01-19T16:30,54.33000183105469,54.38999938964844,54.16999816894531,54.20000076293945,580883
2018-01-19T18:30,54.189998626708984,54.189998626708984,53.849998474121094,53.970001220703125,1937831
2018-01-22T14:30,54.209999084472656,54.560001373291016,54.11000061035156,54.5099983215332,1148752
2018-01-22T16:30,54.5099983215332,54.54999923706055,54.310001373291016,54.40999984741211,736754
2018-01-22T18:30,54.40999984741211,54.470001220703125,53.9900016784668,54.06999969482422,1372490
2018-01-23T14:30,54.630001068115234,55.119998931884766,54.27000045776367,54.77000045776367,1526412
2018-01-23T16:30,54.77000045776367,54.95000076293945,54.599998474121094,54.720001220703125,678402
2018-01-23T18:30,54.720001220703125,54.84000015258789,54.560001373291016,54.599998474121094,1332834
2018-01-24T14:30,54.599998474121094,54.61000061035156,54.36000061035156,54.400001525878906,944180
2018-01-24T16:30,54.400001525878906,54.58000183105469,54.380001068115234,54.540000915527344,740627
2018-01-24T18:30,54.540000915527344,54.560001373291016,54.25,54.27000045776367,1416579
2018-01-25T14:30,54.2599983215332,54.970001220703125,54.2400016784668,54.959999084472656,1436432
2018-01-25T16:30,54.959999084472656,55.04999923706055,54.75,54.959999084472656,802780
2018-01-25T18:30,54.95000076293945,55.65999984741211,54.93000030517578,55.41999816894531,2154987
2018-01-26T14:30,55.45000076293945,55.529998779296875,54.84000015258789,55.099998474121094,1261511
2018-01-26T16:30,55.099998474121094,55.34000015258789,55.099998474121094,55.34000015258789,738973
2018-01-26T18:30,55.34000015258789,55.41999816894531,55.150001525878906,55.380001068115234,1389261
2018-01-29T14:30,55.189998626708984,55.20000076293945,54.29999923706055,54.41999816894531,1325469
2018-01-29T16:30,54.439998626708984,54.560001373291016,54.25,54.27000045776367,728434
2018-01-29T18:30,54.27000045776367,54.58000183105469,54.220001220703125,54.29999923706055,1788628
2018-01-30T14:30,54.16999816894531,54.7400016784668,54.08000183105469,54.470001220703125,1562422
2018-01-30T16:30,54.47999954223633,54.709999084472656,54.45000076293945,54.65999984741211,575326
2018-01-30T18:30,54.66999816894531,54.720001220703125,54.470001220703125,54.560001373291016,1429526
2018-01-31T14:30,54.650001525878906,54.66999816894531,54.27000045776367,54.560001373291016,913151
2018-01-31T16:30,54.560001373291016,54.77000045776367,54.439998626708984,54.72999954223633,480795
2018-01-31T18:30,54.72999954223633,55.209999084472656,54.459999084472656,55.150001525878906,1825760
2018-02-01T14:30,55.029998779296875,55.2599983215332,54.119998931884766,54.2599983215332,1296413
2018-02-01T16:30,54.2599983215332,54.709999084472656,54.2400016784668,54.2599983215332,745484
2018-02-01T18:30,54.2599983215332,54.31999969482422,53.869998931884766,53.9900016784668,1759838
2018-02-02T14:30,53.970001220703125,54.61000061035156,53.93000030517578,54.060001373291016,1598332
2018-02-02T16:30,54.060001373291016,54.18000030517578,53.900001525878906,54.09000015258789,704524
2018-02-02T18:30,54.09000015258789,54.11000061035156,53.70000076293945,53.75,1570003
2018-02-05T14:30,53.849998474121094,54.439998626708984,53.709999084472656,54.38999938964844,1252199
2018-02-05T16:30,54.38999938964844,54.5099983215332,53.77000045776367,53.77000045776367,994809
2018-02-05T18:30,53.77000045776367,53.900001525878906,53.209999084472656,53.27000045776367,2916468
2018-02-06T14:30,52.77000045776367,52.869998931884766,51.2400016784668,51.349998474121094,3624262
2018-02-06T16:30,51.36000061035156,52.09000015258789,51.290000915527344,51.63999938964844,1120373
2018-02-06T18:30,51.63999938964844,52.599998474121094,51.33000183105469,52.349998474121094,2527841
2018-02-07T14:30,52.310001373291016,53.06999969482422,52.119998931884766,52.880001068115234,1407507
2018-02-07T16:30,52.880001068115234,53.09000015258789,52.56999969482422,52.7599983215332,953632
2018-02-07T18:30,52.7599983215332,52.83000183105469,52.220001220703125,52.27000045776367,1748868
2018-02-08T14:30,52.04999923706055,53.29999923706055,51.849998474121094,53.279998779296875,1501403
2018-02-08T16:30,53.29999923706055,53.29999923706055,52.90999984741211,52.93000030517578,1418464
2018-02-08T18:30,52.93000030517578,53.060001373291016,52.209999084472656,52.209999084472656,2702114
2018-02-09T14:30,52.220001220703125,53.209999084472656,51.88999938964844,52.93000030517578,1982786
2018-02-09T16:30,52.93000030517578,53.13999938964844,52.58000183105469,52.72999954223633,1377990
2018-02-09T18:30,52.720001220703125,53.900001525878906,52.560001373291016,53.470001220703125,2534385
2018-02-12T14:30,53.47999954223633,53.630001068115234,53.15999984741211,53.4900016784668,1178849
2018-02-12T16:30,53.4900016784668,53.959999084472656,53.29999923706055,53.810001373291016,736492
2018-02-12T18:30,53.81999969482422,54.27000045776367,53.65999984741211,53.959999084472656,1751864
2018-02-13T14:30,53.75,53.9900016784668,53.27000045776367,53.5,1440642
2018-02-13T16:30,53.5,53.90999984741211,53.41999816894531,53.849998474121094,657943
2018-02-13T18:30,53.849998474121094,54.310001373291016,53.70000076293945,54.150001525878906,1252497
2018-02-14T14:30,53.83000183105469,53.86000061035156,53.27000045776367,53.4900016784668,1358024
2018-02-14T16:30,53.4900016784668,53.63999938964844,53.369998931884766,53.52000045776367,802951
2018-02-14T18:30,53.529998779296875,53.59000015258789,53.0099983215332,53.029998779296875,1851258
2018-02-15T14:30,53.15999984741211,53.83000183105469,53.08000183105469,53.619998931884766,1305746
2018-02-15T16:30,53.61000061035156,53.959999084472656,53.59000015258789,53.84000015258789,561812
2018-02-15T18:30,53.84000015258789,54.18000030517578,53.75,54.18000030517578,1670313
2018-02-16T14:30,54.08000183105469,54.31999969482422,53.869998931884766,54.22999954223633,1087766
2018-02-16T16:30,54.2400016784668,54.5099983215332,54.22999954223633,54.310001373291016,693865
2018-02-16T18:30,54.310001373291016,54.66999816894531,54.20000076293945,54.54999923706055,1480639
2018-02-20T14:30,54.18000030517578,54.470001220703125,53.189998626708984,53.38999938964844,1138795
2018-02-20T16:30,53.40999984741211,53.63999938964844,53.310001373291016,53.369998931884766,652211
2018-02-20T18:30,53.369998931884766,53.86000061035156,53.290000915527344,53.810001373291016,1788621
2018-02-21T14:30,53.72999954223633,54.290000915527344,53.540000915527344,54.08000183105469,1157182
2018-02-21T16:30,54.08000183105469,54.369998931884766,53.97999954223633,54.150001525878906,759145
2018-02-21T18:30,54.150001525878906,54.38999938964844,53.540000915527344,53.560001373291016,1980841
2018-02-22T14:30,53.65999984741211,54.209999084472656,53.439998626708984,54,906789
2018-02-22T16:30,54.0099983215332,54.16999816894531,53.86000061035156,53.9900016784668,531244
2018-02-22T18:30,53.97999954223633,54.08000183105469,53.56999969482422,53.709999084472656,1324563
2018-02-23T14:30,53.63999938964844,54.5099983215332,53.59000015258789,54.5,1028312
2018-02-23T16:30,54.5,54.7400016784668,54.41999816894531,54.59000015258789,436935
2018-02-23T18:30,54.59000015258789,54.959999084472656,54.4900016784668,54.900001525878906,1001826
2018-02-26T14:30,56.2400016784668,56.61000061035156,55.689998626708984,55.900001525878906,2183053
2018-02-26T16:30,55.900001525878906,55.939998626708984,55.349998474121094,55.41999816894531,621905
2018-02-26T18:30,55.41999816894531,55.58000183105469,55.209999084472656,55.38999938964844,1808767
2018-02-27T14:30,55.369998931884766,55.65999984741211,54.689998626708984,54.81999969482422,1136654
2018-02-27T16:30,54.83000183105469,54.88999938964844,54.29999923706055,54.689998626708984,800059
2018-02-27T18:30,54.689998626708984,54.720001220703125,54.27000045776367,54.27000045776367,1392941
2018-02-28T14:30,54.04999923706055,54.43000030517578,53.91999816894531,54.0099983215332,781553
2018-02-28T16:30,54.0099983215332,54.15999984741211,53.900001525878906,54.11000061035156,371040
2018-02-28T18:30,54.099998474121094,54.22999954223633,53.540000915527344,53.54999923706055,1296373
2018-03-01T14:30,53.56999969482422,54.619998931884766,53.56999969482422,54.060001373291016,900911
2018-03-01T16:30,54.06999969482422,54.08000183105469,53.439998626708984,53.560001373291016,753069
2018-03-01T18:30,53.56999969482422,53.810001373291016,53.4900016784668,53.70000076293945,1207136
2018-03-02T14:30,53.650001525878906,54.25,53.2400016784668,53.33000183105469,957317
2018-03-02T16:30,53.34000015258789,53.40999984741211,53.130001068115234,53.16999816894531,717352
2018-03-02T18:30,53.16999816894531,53.650001525878906,53.02000045776367,53.560001373291016,1233955
2018-03-05T14:30,53.47999954223633,54.5,53.22999954223633,54.45000076293945,893062
2018-03-05T16:30,54.45000076293945,54.689998626708984,54.29999923706055,54.66999816894531,553526
2018-03-05T18:30,54.66999816894531,55.220001220703125,54.5099983215332,55.09000015258789,1370737
2018-03-06T14:30,54.90999984741211,55.02000045776367,54.20000076293945,54.540000915527344,784507
2018-03-06T16:30,54.540000915527344,54.630001068115234,54.189998626708984,54.310001373291016,584544
2018-03-06T18:30,54.310001373291016,54.36000061035156,53.77000045776367,53.93000030517578,1539871
2018-03-07T14:30,53.61000061035156,53.81999969482422,53.27000045776367,53.52000045776367,4380408
2018-03-07T16:30,53.52000045776367,53.7599983215332,53.380001068115234,53.5099983215332,940247
2018-03-07T18:30,53.5099983215332,53.720001220703125,53.40999984741211,53.4900016784668,2912689
2018-03-08T14:30,53.70000076293945,53.869998931884766,53.4900016784668,53.68000030517578,845557
2018-03-08T16:30,53.68000030517578,53.9900016784668,53.630001068115234,53.939998626708984,565431
2018-03-08T18:30,53.95000076293945,54.04999923706055,53.83000183105469,54.029998779296875,1286879
2018-03-09T14:30,53.959999084472656,54.060001373291016,53.689998626708984,53.880001068115234,797589
2018-03-09T16:30,53.88999938964844,54.08000183105469,53.83000183105469,54.04999923706055,548050
2018-03-09T18:30,54.04999923706055,54.13999938964844,53.83000183105469,54.130001068115234,1492602
2018-03-12T13:30,54.119998931884766,54.54999923706055,54.06999969482422,54.439998626708984,731442
2018-03-12T15:30,54.43000030517578,54.52000045776367,54.27000045776367,54.27000045776367,443376
2018-03-12T17:30,54.27000045776367,54.54999923706055,54.130001068115234,54.43000030517578,1105759
2018-03-13T13:30,54.66999816894531,54.97999954223633,54.560001373291016,54.59000015258789,925434
2018-03-13T15:30,54.59000015258789,54.66999816894531,54.16999816894531,54.27000045776367,678451
2018-03-13T17:30,54.279998779296875,54.5,54.189998626708984,54.369998931884766,1444783
2018-03-14T13:30,54.540000915527344,54.97999954223633,54.459999084472656,54.93000030517578,866470
2018-03-14T15:30,54.939998626708984,54.959999084472656,54.349998474121094,54.38999938964844,472480
2018-03-14T17:30,54.38999938964844,54.77000045776367,54.380001068115234,54.7599983215332,932450
2018-03-15T13:30,54.650001525878906,55.189998626708984,54.34000015258789,54.40999984741211,1365281
2018-03-15T15:30,54.40999984741211,54.709999084472656,54.2400016784668,54.70000076293945,781816
2018-03-15T17:30,54.689998626708984,54.720001220703125,54.52000045776367,54.560001373291016,1128630
2018-03-16T13:30,54.66999816894531,55.0099983215332,54.560001373291016,54.66999816894531,1608436
2018-03-16T15:30,54.689998626708984,54.939998626708984,54.619998931884766,54.86000061035156,388016
2018-03-16T17:30,54.849998474121094,55.2599983215332,54.790000915527344,55.13999938964844,1527809
2018-03-19T13:30,55.310001373291016,55.36000061035156,54.88999938964844,55.290000915527344,786949
2018-03-19T15:30,55.290000915527344,55.33000183105469,54.810001373291016,54.83000183105469,639674
2018-03-19T17:30,54.84000015258789,54.88999938964844,54.540000915527344,54.790000915527344,1290519
2018-03-20T13:30,54.7599983215332,55.0099983215332,54.369998931884766,54.41999816894531,857954
2018-03-20T15:30,54.41999816894531,54.5,54.34000015258789,54.369998931884766,528004
2018-03-20T17:30,54.369998931884766,54.439998626708984,54.27000045776367,54.349998474121094,837180
2018-03-21T13:30,54.34000015258789,54.58000183105469,54.220001220703125,54.369998931884766,703784
2018-03-21T15:30,54.36000061035156,54.56999969482422,54.349998474121094,54.45000076293945,353281
2018-03-21T17:30,54.45000076293945,54.900001525878906,53.91999816894531,54.15999984741211,1601540
2018-03-22T13:30,54.27000045776367,54.84000015258789,54.11000061035156,54.83000183105469,671285
2018-03-22T15:30,54.83000183105469,55.119998931884766,54.7599983215332,54.810001373291016,784630
2018-03-22T17:30,54.810001373291016,54.91999816894531,54.09000015258789,54.18000030517578,1374710
2018-03-23T13:30,54.400001525878906,54.689998626708984,54.2400016784668,54.380001068115234,786162
2018-03-23T15:30,54.369998931884766,54.41999816894531,53.95000076293945,53.97999954223633,484242
2018-03-23T17:30,53.9900016784668,54.119998931884766,53.34000015258789,53.439998626708984,1182683
2018-03-26T13:30,53.540000915527344,54.06999969482422,53.4900016784668,53.869998931884766,852704
2018-03-26T15:30,53.86000061035156,53.95000076293945,53.54999923706055,53.709999084472656,434089
2018-03-26T17:30,53.709999084472656,54.08000183105469,53.68000030517578,53.97999954223633,872385
2018-03-27T13:30,54.029998779296875,54.2599983215332,53.869998931884766,54.2400016784668,924400
2018-03-27T15:30,54.2400016784668,54.70000076293945,54.08000183105469,54.66999816894531,651090
2018-03-27T17:30,54.689998626708984,55.22999954223633,54.66999816894531,54.810001373291016,1601760
2018-03-28T13:30,54.970001220703125,55.189998626708984,54.43000030517578,55.130001068115234,1477068
2018-03-28T15:30,55.119998931884766,55.279998779296875,54.90999984741211,55.0099983215332,952946
2018-03-28T17:30,55.0099983215332,55.11000061035156,54.84000015258789,55.040000915527344,1540486
2018-03-29T13:30,54.810001373291016,55.38999938964844,54.77000045776367,55.22999954223633,1156546
2018-03-29T15:30,55.220001220703125,55.36000061035156,55.119998931884766,55.189998626708984,654054
2018-03-29T17:30,55.189998626708984,55.27000045776367,54.93000030517578,55.08000183105469,1551835
2018-04-02T13:30,55.13999938964844,55.4900016784668,54.869998931884766,55.0099983215332,819695
2018-04-02T15:30,55,55.060001373291016,54.56999969482422,54.91999816894531,818003
2018-04-02T17:30,54.93000030517578,54.939998626708984,54.439998626708984,54.810001373291016,1593752
2018-04-03T13:30,54.7400016784668,55.040000915527344,54.52000045776367,54.689998626708984,673870
2018-04-03T15:30,54.68000030517578,55,54.619998931884766,54.66999816894531,559100
2018-04-03T17:30,54.66999816894531,55.20000076293945,54.650001525878906,54.939998626708984,1163866
2018-04-04T13:30,54.849998474121094,55.130001068115234,54.59000015258789,54.77000045776367,992403
2018-04-04T15:30,54.77000045776367,54.79999923706055,54.540000915527344,54.61000061035156,617592
2018-04-04T17:30,54.61000061035156,55.38999938964844,54.560001373291016,55.2599983215332,1524448
2018-04-05T13:30,55.22999954223633,55.33000183105469,54.56999969482422,55.16999816894531,981362
2018-04-05T15:30,55.18000030517578,55.599998474121094,55.11000061035156,55.54999923706055,805375
2018-04-05T17:30,55.560001373291016,56.02000045776367,55.4900016784668,55.880001068115234,1463738
2018-04-06T13:30,55.869998931884766,56.09000015258789,55.65999984741211,55.779998779296875,839609
2018-04-06T15:30,55.79999923706055,56.02000045776367,55.779998779296875,55.939998626708984,603120
2018-04-06T17:30,55.939998626708984,56,55.5,55.54999923706055,1365941
2018-04-09T13:30,55.54999923706055,55.91999816894531,55.47999954223633,55.779998779296875,916539
2018-04-09T15:30,55.779998779296875,56.16999816894531,55.75,56.11000061035156,527902
2018-04-09T17:30,56.11000061035156,56.20000076293945,55.75,55.79999923706055,1124895
2018-04-10T13:30,55.790000915527344,55.849998474121094,55.06999969482422,55.119998931884766,1272132
2018-04-10T15:30,55.11000061035156,55.33000183105469,54.93000030517578,55.130001068115234,791304
2018-04-10T17:30,55.130001068115234,55.16999816894531,54.91999816894531,55.11000061035156,1337705
2018-04-11T13:30,54.9900016784668,55.29999923706055,54.59000015258789,54.77000045776367,763734
2018-04-11T15:30,54.75,54.88999938964844,54.720001220703125,54.790000915527344,350163
2018-04-11T17:30,54.790000915527344,54.88999938964844,54.66999816894531,54.790000915527344,912982
2018-04-12T13:30,54.810001373291016,55.02000045776367,54.31999969482422,54.34000015258789,537059
2018-04-12T15:30,54.31999969482422,54.400001525878906,54.08000183105469,54.099998474121094,469669
2018-04-12T17:30,54.08000183105469,54.27000045776367,54,54.130001068115234,772620
2018-04-13T13:30,54.22999954223633,54.65999984741211,54.220001220703125,54.59000015258789,812939
2018-04-13T15:30,54.59000015258789,54.7400016784668,54.4900016784668,54.720001220703125,405087
2018-04-13T17:30,54.720001220703125,54.720001220703125,54.45000076293945,54.52000045776367,792249
2018-04-16T13:30,54.619998931884766,55.43000030517578,54.619998931884766,55.40999984741211,792401
2018-04-16T15:30,55.40999984741211,55.5099983215332,55.279998779296875,55.36000061035156,451273
2018-04-16T17:30,55.369998931884766,55.459999084472656,54.599998474121094,55.43000030517578,815202
2018-04-17T13:30,55.459999084472656,55.869998931884766,55.310001373291016,55.869998931884766,473534
2018-04-17T15:30,55.880001068115234,55.88999938964844,55.650001525878906,55.75,314462
2018-04-17T17:30,55.75,55.9900016784668,55.65999984741211,55.79999923706055,721379
2018-04-18T13:30,55.91999816894531,56.459999084472656,55.91999816894531,56.209999084472656,539745
2018-04-18T15:30,56.209999084472656,56.22999954223633,55.900001525878906,55.95000076293945,390306
2018-04-18T17:30,55.939998626708984,55.95000076293945,55.650001525878906,55.650001525878906,665302
2018-04-19T13:30,55.56999969482422,55.88999938964844,55.40999984741211,55.5,723124
2018-04-19T15:30,55.5,55.61000061035156,55.349998474121094,55.59000015258789,498657
2018-04-19T17:30,55.599998474121094,55.84000015258789,55.540000915527344,55.81999969482422,844490
2018-04-20T13:30,55.849998474121094,55.970001220703125,55.470001220703125,55.529998779296875,794318
2018-04-20T15:30,55.529998779296875,55.599998474121094,55.13999938964844,55.34000015258789,459147
2018-04-20T17:30,55.34000015258789,55.38999938964844,55.119998931884766,55.25,826745
2018-04-23T13:30,55.380001068115234,55.619998931884766,55.20000076293945,55.209999084472656,650685
2018-04-23T15:30,55.20000076293945,55.31999969482422,55.150001525878906,55.209999084472656,346088
2018-04-23T17:30,55.209999084472656,55.459999084472656,55.15999984741211,55.459999084472656,681339
2018-04-24T13:30,55.61000061035156,55.959999084472656,55.290000915527344,55.84000015258789,1195963
2018-04-24T15:30,55.84000015258789,55.97999954223633,55.529998779296875,55.84000015258789,895983
2018-04-24T17:30,55.849998474121094,55.849998474121094,55.33000183105469,55.61000061035156,1600122
2018-04-25T13:30,55.56999969482422,55.97999954223633,55.33000183105469,55.33000183105469,862971
2018-04-25T15:30,55.33000183105469,55.86000061035156,55.33000183105469,55.75,667362
2018-04-25T17:30,55.75,56.09000015258789,55.689998626708984,56.06999969482422,1451091
2018-04-26T13:30,56.06999969482422,56.40999984741211,55.83000183105469,56.18000030517578,484544
2018-04-26T15:30,56.189998626708984,56.5099983215332,56.119998931884766,56.459999084472656,499658
2018-04-26T17:30,56.470001220703125,56.81999969482422,56.349998474121094,56.7599983215332,1394277
2018-04-27T13:30,56.52000045776367,57.400001525878906,56.52000045776367,57.2599983215332,724427
2018-04-27T15:30,57.2599983215332,57.40999984741211,57.209999084472656,57.310001373291016,418598
2018-04-27T17:30,57.310001373291016,57.31999969482422,56.970001220703125,57.22999954223633,956091
2018-04-30T13:30,57.290000915527344,57.47999954223633,56.95000076293945,57.15999984741211,805249
2018-04-30T15:30,57.15999984741211,57.31999969482422,57.029998779296875,57.189998626708984,479835
2018-04-30T17:30,57.20000076293945,57.22999954223633,56.91999816894531,57.0099983215332,807887
2018-05-01T13:30,56.9900016784668,57.09000015258789,56.77000045776367,57.0099983215332,772366
2018-05-01T15:30,57.02000045776367,57.060001373291016,56.779998779296875,56.86000061035156,464557
2018-05-01T17:30,56.86000061035156,57.0099983215332,56.61000061035156,56.75,924446
2018-05-02T13:30,56.7599983215332,57.13999938964844,56.56999969482422,56.849998474121094,830270
2018-05-02T15:30,56.849998474121094,56.95000076293945,56.66999816894531,56.84000015258789,377817
2018-05-02T17:30,56.84000015258789,57.04999923706055,56.63999938964844,56.869998931884766,910406
2018-05-03T13:30,56.70000076293945,56.720001220703125,56.040000915527344,56.369998931884766,805907
2018-05-03T15:30,56.369998931884766,56.810001373291016,56.310001373291016,56.63999938964844,544839
2018-05-03T17:30,56.63999938964844,56.939998626708984,56.4900016784668,56.709999084472656,1183447
2018-05-04T13:30,56.709999084472656,57.16999816894531,56.58000183105469,56.790000915527344,815683
2018-05-04T15:30,56.790000915527344,56.90999984741211,56.68000030517578,56.90999984741211,521481
2018-05-04T17:30,56.90999984741211,57.04999923706055,56.709999084472656,56.790000915527344,980018
2018-05-07T13:30,56.790000915527344,56.970001220703125,56.560001373291016,56.59000015258789,658389
2018-05-07T15:30,56.599998474121094,56.83000183105469,56.560001373291016,56.63999938964844,440428
2018-05-07T17:30,56.650001525878906,56.90999984741211,56.47999954223633,56.529998779296875,1179298
2018-05-08T13:30,56.38999938964844,56.439998626708984,55.4900016784668,55.849998474121094,1068811
2018-05-08T15:30,55.849998474121094,55.869998931884766,55.40999984741211,55.41999816894531,681402
2018-05-08T17:30,55.41999816894531,55.59000015258789,55.189998626708984,55.36000061035156,2006660
2018-05-09T13:30,55.31999969482422,55.41999816894531,54.65999984741211,54.95000076293945,1123185
2018-05-09T15:30,54.95000076293945,55,54.7400016784668,54.970001220703125,531963
2018-05-09T17:30,54.959999084472656,55.15999984741211,54.84000015258789,55.13999938964844,1278631
2018-05-10T13:30,56.02000045776367,56.5099983215332,55.130001068115234,55.650001525878906,1120281
2018-05-10T15:30,55.65999984741211,55.79999923706055,55.63999938964844,55.70000076293945,624461
2018-05-10T17:30,55.70000076293945,55.75,55.459999084472656,55.58000183105469,1618614
2018-05-11T13:30,55.599998474121094,55.7400016784668,55.20000076293945,55.310001373291016,1018504
2018-05-11T15:30,55.310001373291016,55.41999816894531,55.2400016784668,55.31999969482422,657194
2018-05-11T17:30,55.31999969482422,55.41999816894531,55.119998931884766,55.380001068115234,1327481
2018-05-14T13:30,55.5,55.61000061035156,55.369998931884766,55.45000076293945,622211
2018-05-14T15:30,55.45000076293945,55.4900016784668,55,55.13999938964844,677604
2018-05-14T17:30,55.13999938964844,55.349998474121094,55,55.31999969482422,1371481
2018-05-15T13:30,54.9900016784668,55.209999084472656,54.540000915527344,54.83000183105469,869112
2018-05-15T15:30,54.83000183105469,54.86000061035156,54.4900016784668,54.4900016784668,665454
2018-05-15T17:30,54.5,54.689998626708984,54.439998626708984,54.689998626708984,1036881
2018-05-16T13:30,54.689998626708984,54.790000915527344,53.900001525878906,53.93000030517578,970810
2018-05-16T15:30,53.93000030517578,53.93000030517578,53.68000030517578,53.79999923706055,1250537
2018-05-16T17:30,53.790000915527344,54.099998474121094,53.779998779296875,54.04999923706055,1741287
2018-05-17T13:30,54,54.15999984741211,53.439998626708984,53.459999084472656,1204517
2018-05-17T15:30,53.45000076293945,53.5,53.290000915527344,53.310001373291016,709365
2018-05-17T17:30,53.310001373291016,53.40999984741211,53.16999816894531,53.34000015258789,1310509
2018-05-18T13:30,53.43000030517578,53.630001068115234,52.83000183105469,52.84000015258789,1087073
2018-05-18T15:30,52.849998474121094,53.029998779296875,52.61000061035156,52.63999938964844,723875
2018-05-18T17:30,52.63999938964844,53.150001525878906,52.63999938964844,53.09000015258789,1463578
2018-05-21T13:30,53.220001220703125,53.27000045776367,52.77000045776367,52.88999938964844,1095969
2018-05-21T15:30,52.900001525878906,53.029998779296875,52.81999969482422,53.0099983215332,517838
2018-05-21T17:30,53.0099983215332,53.189998626708984,52.869998931884766,52.9900016784668,1222849
2018-05-22T13:30,52.81999969482422,53.45000076293945,52.79999923706055,53.290000915527344,968373
2018-05-22T15:30,53.29999923706055,53.310001373291016,53.02000045776367,53.060001373291016,588356
2018-05-22T17:30,53.04999923706055,53.380001068115234,53,53.290000915527344,1089165
2018-05-23T13:30,53.470001220703125,53.9900016784668,53.369998931884766,53.810001373291016,804554
2018-05-23T15:30,53.81999969482422,53.81999969482422,53.459999084472656,53.68000030517578,510047
2018-05-23T17:30,53.66999816894531,53.91999816894531,53.540000915527344,53.86000061035156,1129639
2018-05-24T13:30,53.86000061035156,54.33000183105469,53.689998626708984,54.27000045776367,1133512
2018-05-24T15:30,54.27000045776367,54.31999969482422,54.08000183105469,54.209999084472656,1145620
2018-05-24T17:30,54.209999084472656,54.529998779296875,54.189998626708984,54.4900016784668,1300858
2018-05-25T13:30,54.4900016784668,54.689998626708984,54.369998931884766,54.65999984741211,684715
2018-05-25T15:30,54.66999816894531,54.68000030517578,54.4900016784668,54.56999969482422,316777
2018-05-25T17:30,54.56999969482422,54.689998626708984,54.52000045776367,54.540000915527344,783849
2018-05-29T13:30,54.5,55.310001373291016,54.310001373291016,55.279998779296875,1150392
2018-05-29T15:30,55.279998779296875,55.41999816894531,55.0099983215332,55.06999969482422,1034831
2018-05-29T17:30,55.06999969482422,55.13999938964844,54.81999969482422,55.099998474121094,1388797
2018-05-30T13:30,54.869998931884766,55.2599983215332,54.70000076293945,55.08000183105469,827399
2018-05-30T15:30,55.09000015258789,55.459999084472656,55,55.400001525878906,426797
2018-05-30T17:30,55.400001525878906,55.529998779296875,55.290000915527344,55.380001068115234,658782
2018-05-31T13:30,55.349998474121094,55.68000030517578,55,55.58000183105469,836078
2018-05-31T15:30,55.56999969482422,55.79999923706055,55.459999084472656,55.470001220703125,458517
2018-05-31T17:30,55.470001220703125,55.56999969482422,55.31999969482422,55.5099983215332,973472
2018-06-01T13:30,55.47999954223633,55.5,54.52000045776367,54.529998779296875,866125
2018-06-01T15:30,54.540000915527344,54.58000183105469,54.34000015258789,54.5099983215332,634166
2018-06-01T17:30,54.5,54.86000061035156,54.34000015258789,54.720001220703125,1369167
2018-06-04T13:30,54.880001068115234,55.029998779296875,54.25,54.34000015258789,901739
2018-06-04T15:30,54.34000015258789,54.4900016784668,54.22999954223633,54.27000045776367,515632
2018-06-04T17:30,54.27000045776367,54.5,54.20000076293945,54.209999084472656,1037977
2018-06-05T13:30,54.27000045776367,54.31999969482422,54.040000915527344,54.08000183105469,606624
2018-06-05T15:30,54.08000183105469,54.11000061035156,53.650001525878906,53.689998626708984,513684
2018-06-05T17:30,53.70000076293945,53.88999938964844,53.689998626708984,53.77000045776367,949756
2018-06-06T13:30,53.75,53.849998474121094,52.709999084472656,52.790000915527344,1279607
2018-06-06T15:30,52.790000915527344,53.029998779296875,52.7400016784668,52.81999969482422,780628
2018-06-06T17:30,52.81999969482422,52.83000183105469,52.52000045776367,52.619998931884766,1325392
2018-06-07T13:30,52.619998931884766,52.880001068115234,52.38999938964844,52.65999984741211,989159
2018-06-07T15:30,52.65999984741211,53.43000030517578,52.59000015258789,53.11000061035156,690578
2018-06-07T17:30,53.099998474121094,53.279998779296875,52.720001220703125,52.86000061035156,933060
2018-06-08T13:30,52.869998931884766,53.060001373291016,52.459999084472656,52.529998779296875,1122198
2018-06-08T15:30,52.529998779296875,52.70000076293945,52.439998626708984,52.540000915527344,592234
2018-06-08T17:30,52.540000915527344,52.619998931884766,52.41999816894531,52.59000015258789,1123667
2018-06-11T13:30,52.529998779296875,52.689998626708984,51.959999084472656,52.029998779296875,1352929
2018-06-11T15:30,52.029998779296875,52.2599983215332,51.83000183105469,51.880001068115234,908012
2018-06-11T17:30,51.880001068115234,51.97999954223633,51.77000045776367,51.88999938964844,1414010
2018-06-12T13:30,51.88999938964844,52.40999984741211,51.779998779296875,52.08000183105469,1382605
2018-06-12T15:30,52.09000015258789,52.209999084472656,51.88999938964844,52,899319
2018-06-12T17:30,52,52.34000015258789,51.9900016784668,52.13999938964844,1519608
2018-06-13T13:30,52.18000030517578,52.43000030517578,51.88999938964844,52.029998779296875,1018933
2018-06-13T15:30,52.040000915527344,52.130001068115234,51.869998931884766,52.08000183105469,607495
2018-06-13T17:30,52.06999969482422,52.15999984741211,51.79999923706055,51.970001220703125,1537434
2018-06-14T13:30,52.15999984741211,52.81999969482422,52.060001373291016,52.790000915527344,1125925
2018-06-14T15:30,52.779998779296875,53,52.689998626708984,52.900001525878906,787480
2018-06-14T17:30,52.900001525878906,52.900001525878906,52.68000030517578,52.849998474121094,1359998
2018-06-15T13:30,52.720001220703125,53.22999954223633,52.59000015258789,53.11000061035156,2108361
2018-06-15T15:30,53.11000061035156,53.209999084472656,53.02000045776367,53.060001373291016,700689
2018-06-15T17:30,53.04999923706055,53.52000045776367,53.02000045776367,53.45000076293945,1459651
2018-06-18T13:30,53.439998626708984,53.70000076293945,53.27000045776367,53.540000915527344,883497
2018-06-18T15:30,53.540000915527344,53.56999969482422,53.2599983215332,53.529998779296875,502374
2018-06-18T17:30,53.529998779296875,53.56999969482422,53.400001525878906,53.52000045776367,893814
2018-06-19T13:30,53.7599983215332,54.56999969482422,53.65999984741211,54.4900016784668,1203014
2018-06-19T15:30,54.4900016784668,54.4900016784668,54.029998779296875,54.040000915527344,561630
2018-06-19T17:30,54.040000915527344,54.470001220703125,53.97999954223633,54.439998626708984,1101202
2018-06-20T13:30,54.880001068115234,54.95000076293945,54.5099983215332,54.95000076293945,1152377
2018-06-20T15:30,54.95000076293945,55.04999923706055,54.79999923706055,55.0099983215332,592001
2018-06-20T17:30,55,55.099998474121094,54.75,54.81999969482422,1264287
2018-06-21T13:30,54.810001373291016,55.52000045776367,54.720001220703125,55.34000015258789,1343960
2018-06-21T15:30,55.34000015258789,55.40999984741211,55.13999938964844,55.310001373291016,950644
2018-06-21T17:30,55.310001373291016,55.40999984741211,55.04999923706055,55.33000183105469,1346867
2018-06-22T13:30,55.31999969482422,55.810001373291016,55.220001220703125,55.59000015258789,681169
2018-06-22T15:30,55.59000015258789,55.77000045776367,55.540000915527344,55.630001068115234,459706
2018-06-22T17:30,55.630001068115234,55.869998931884766,55.599998474121094,55.689998626708984,1195762
2018-06-25T13:30,55.75,56.689998626708984,55.72999954223633,56.61000061035156,1373122
2018-06-25T15:30,56.61000061035156,56.720001220703125,56.310001373291016,56.63999938964844,941082
2018-06-25T17:30,56.63999938964844,56.95000076293945,56.599998474121094,56.880001068115234,2033174
2018-06-26T13:30,56.81999969482422,57.209999084472656,56.59000015258789,57.11000061035156,1330485
2018-06-26T15:30,57.119998931884766,57.20000076293945,56.83000183105469,56.900001525878906,1026873
2018-06-26T17:30,56.900001525878906,56.959999084472656,56.58000183105469,56.66999816894531,1290833
2018-06-27T13:30,56.65999984741211,56.90999984741211,56.470001220703125,56.81999969482422,960461
2018-06-27T15:30,56.81999969482422,57.16999816894531,56.81999969482422,57.119998931884766,844798
2018-06-27T17:30,57.119998931884766,57.34000015258789,57,57.209999084472656,1778688
2018-06-28T13:30,57.369998931884766,57.65999984741211,56.90999984741211,57.15999984741211,945345
2018-06-28T15:30,57.15999984741211,57.36000061035156,57.06999969482422,57.34000015258789,416481
2018-06-28T17:30,57.34000015258789,57.41999816894531,56.900001525878906,57,1057595
2018-06-29T13:30,56.869998931884766,57.0099983215332,56.47999954223633,57,853580
2018-06-29T15:30,57.02000045776367,57.220001220703125,57.02000045776367,57.16999816894531,509555
2018-06-29T17:30,57.16999816894531,57.209999084472656,56.849998474121094,56.88999938964844,1250961
2018-07-02T13:30,56.97999954223633,57.45000076293945,56.86000061035156,57.04999923706055,841829
2018-07-02T15:30,57.060001373291016,57.150001525878906,56.7599983215332,56.880001068115234,505632
2018-07-02T17:30,56.880001068115234,57.40999984741211,56.79999923706055,57.369998931884766,981978
2018-07-03T13:30,57.380001068115234,57.650001525878906,57.150001525878906,57.61000061035156,873273
2018-07-03T15:30,57.599998474121094,57.86000061035156,57.36000061035156,57.40999984741211,2579615
2018-07-05T13:30,57.54999923706055,57.779998779296875,57.27000045776367,57.63999938964844,945014
2018-07-05T15:30,57.630001068115234,57.849998474121094,57.5,57.599998474121094,450579
2018-07-05T17:30,57.599998474121094,58,57.56999969482422,57.97999954223633,937220
2018-07-06T13:30,57.970001220703125,58.5,57.900001525878906,58.40999984741211,843787
2018-07-06T15:30,58.40999984741211,58.70000076293945,58.33000183105469,58.689998626708984,663594
2018-07-06T17:30,58.689998626708984,58.77000045776367,58.54999923706055,58.709999084472656,1069397
2018-07-09T13:30,58.689998626708984,58.689998626708984,57.70000076293945,57.7400016784668,1017071
2018-07-09T15:30,57.75,57.959999084472656,57.08000183105469,57.08000183105469,742976
2018-07-09T17:30,57.08000183105469,57.189998626708984,56.380001068115234,56.58000183105469,1973165
2018-07-10T13:30,56.40999984741211,57.16999816894531,56.040000915527344,56.939998626708984,1457672
2018-07-10T15:30,56.939998626708984,57.439998626708984,56.86000061035156,57.2599983215332,686939
2018-07-10T17:30,57.2599983215332,57.5,57.18000030517578,57.209999084472656,1171522
2018-07-11T13:30,57.34000015258789,57.959999084472656,57.33000183105469,57.75,1103948
2018-07-11T15:30,57.75,57.88999938964844,57.47999954223633,57.560001373291016,597757
2018-07-11T17:30,57.560001373291016,57.95000076293945,57.52000045776367,57.81999969482422,1355139
2018-07-12T13:30,57.849998474121094,58,57.619998931884766,57.79999923706055,815580
2018-07-12T15:30,57.790000915527344,57.900001525878906,57.65999984741211,57.83000183105469,524153
2018-07-12T17:30,57.81999969482422,58.0099983215332,57.68000030517578,57.900001525878906,878089
2018-07-13T13:30,58.029998779296875,58.220001220703125,57.540000915527344,57.68000030517578,571716
2018-07-13T15:30,57.689998626708984,57.86000061035156,57.66999816894531,57.810001373291016,309105
2018-07-13T17:30,57.81999969482422,58.04999923706055,57.7400016784668,58,795538
2018-07-16T13:30,58.04999923706055,58.209999084472656,57.61000061035156,57.849998474121094,798272
2018-07-16T15:30,57.849998474121094,58.099998474121094,57.79999923706055,58.029998779296875,450339
2018-07-16T17:30,58.02000045776367,58.2599983215332,58,58.11000061035156,1068277
2018-07-17T13:30,58.220001220703125,58.27000045776367,58.0099983215332,58.18000030517578,689101
2018-07-17T15:30,58.18000030517578,58.27000045776367,58.040000915527344,58.060001373291016,625607
2018-07-17T17:30,58.08000183105469,58.150001525878906,57.939998626708984,58.029998779296875,734980
2018-07-18T13:30,58.08000183105469,58.08000183105469,57.47999954223633,57.720001220703125,1079709
2018-07-18T15:30,57.709999084472656,57.91999816894531,57.619998931884766,57.81999969482422,777394
2018-07-18T17:30,57.81999969482422,57.939998626708984,57.75,57.869998931884766,1035102
2018-07-19T13:30,58,58.459999084472656,57.91999816894531,58.2400016784668,906481
2018-07-19T15:30,58.25,58.810001373291016,58.22999954223633,58.63999938964844,757212
2018-07-19T17:30,58.63999938964844,58.650001525878906,58.31999969482422,58.41999816894531,1010131
2018-07-20T13:30,58.310001373291016,58.5099983215332,57.54999923706055,57.849998474121094,1245507
2018-07-20T15:30,57.86000061035156,58.04999923706055,57.83000183105469,57.90999984741211,383080
2018-07-20T17:30,57.90999984741211,58.13999938964844,57.77000045776367,58.029998779296875,838825
2018-07-23T13:30,58.439998626708984,58.439998626708984,57.470001220703125,57.4900016784668,918548
2018-07-23T15:30,57.4900016784668,57.529998779296875,57.310001373291016,57.5099983215332,517628
2018-07-23T17:30,57.5099983215332,57.7599983215332,57.4900016784668,57.529998779296875,1166530
2018-07-24T13:30,57.619998931884766,57.619998931884766,56.66999816894531,56.959999084472656,1242033
2018-07-24T15:30,56.970001220703125,57.470001220703125,56.91999816894531,57.27000045776367,812915
2018-07-24T17:30,57.2599983215332,57.650001525878906,57.09000015258789,57.470001220703125,1635470
2018-07-25T13:30,57.400001525878906,58,57.33000183105469,57.810001373291016,806283
2018-07-25T15:30,57.79999923706055,57.91999816894531,57.4900016784668,57.59000015258789,488605
2018-07-25T17:30,57.59000015258789,57.77000045776367,57.54999923706055,57.68000030517578,1086271
2018-07-26T13:30,57.869998931884766,58.5099983215332,57.849998474121094,58.279998779296875,906542
2018-07-26T15:30,58.290000915527344,58.310001373291016,58.08000183105469,58.099998474121094,483520
2018-07-26T17:30,58.099998474121094,58.400001525878906,57.97999954223633,58.36000061035156,965300
2018-07-27T13:30,58.27000045776367,58.61000061035156,58.130001068115234,58.29999923706055,564294
2018-07-27T15:30,58.29999923706055,58.77000045776367,58.25,58.56999969482422,441033
2018-07-27T17:30,58.56999969482422,58.56999969482422,58.09000015258789,58.33000183105469,806923
2018-07-30T13:30,58.15999984741211,58.33000183105469,57.97999954223633,58.27000045776367,692312
2018-07-30T15:30,58.2599983215332,58.40999984741211,58.08000183105469,58.119998931884766,520123
2018-07-30T17:30,58.11000061035156,58.2599983215332,57.9900016784668,58.099998474121094,920184
2018-07-31T13:30,58.40999984741211,58.779998779296875,58.150001525878906,58.40999984741211,712347
2018-07-31T15:30,58.40999984741211,58.40999984741211,58.099998474121094,58.38999938964844,460882
2018-07-31T17:30,58.38999938964844,58.7599983215332,58.279998779296875,58.720001220703125,1297037
2018-08-01T13:30,58.369998931884766,58.59000015258789,57.650001525878906,58.060001373291016,1062012
2018-08-01T15:30,58.060001373291016,58.33000183105469,58.0099983215332,58.15999984741211,465926
2018-08-01T17:30,58.15999984741211,58.38999938964844,58.0099983215332,58.29999923706055,1578450
2018-08-02T13:30,58,58.40999984741211,57.20000076293945,57.77000045776367,1645074
2018-08-02T15:30,57.77000045776367,57.93000030517578,57.459999084472656,57.56999969482422,720238
2018-08-02T17:30,57.56999969482422,58.029998779296875,57.439998626708984,57.869998931884766,1387506
2018-08-03T13:30,57.91999816894531,58.790000915527344,57.7599983215332,58.560001373291016,823833
2018-08-03T15:30,58.54999923706055,58.77000045776367,58.439998626708984,58.7400016784668,385209
2018-08-03T17:30,58.7400016784668,58.779998779296875,58.52000045776367,58.68000030517578,1295609
2018-08-06T13:30,58.68000030517578,59.150001525878906,58.66999816894531,58.849998474121094,715493
2018-08-06T15:30,58.849998474121094,59.060001373291016,58.720001220703125,58.880001068115234,460963
2018-08-06T17:30,58.88999938964844,58.95000076293945,58.130001068115234,58.349998474121094,1848829
2018-08-07T13:30,58.36000061035156,58.400001525878906,57.54999923706055,57.869998931884766,867601
2018-08-07T15:30,57.869998931884766,58.119998931884766,57.7599983215332,58.04999923706055,486697
2018-08-07T17:30,58.04999923706055,58.25,58.0099983215332,58.18000030517578,867527
2018-08-08T13:30,58,58.189998626708984,57.70000076293945,58.02000045776367,748585
2018-08-08T15:30,58,58.13999938964844,57.79999923706055,57.849998474121094,449772
2018-08-08T17:30,57.849998474121094,57.959999084472656,57.68000030517578,57.86000061035156,949293
2018-08-09T13:30,57.880001068115234,58.13999938964844,57.75,57.93000030517578,543210
2018-08-09T15:30,57.93000030517578,58.099998474121094,57.91999816894531,58.09000015258789,249642
2018-08-09T17:30,58.09000015258789,58.18000030517578,58.02000045776367,58.119998931884766,562544
2018-08-10T13:30,58.2599983215332,58.849998474121094,58.25,58.560001373291016,1020341
2018-08-10T15:30,58.560001373291016,58.619998931884766,58.2400016784668,58.279998779296875,983287
2018-08-10T17:30,58.279998779296875,58.45000076293945,58.15999984741211,58.20000076293945,1208018
2018-08-13T13:30,58.209999084472656,58.36000061035156,57.97999954223633,58.18000030517578,792781
2018-08-13T15:30,58.189998626708984,58.22999954223633,57.91999816894531,58.130001068115234,630932
2018-08-13T17:30,58.13999938964844,58.349998474121094,58.099998474121094,58.22999954223633,1092515
2018-08-14T13:30,58.22999954223633,58.59000015258789,58.11000061035156,58.380001068115234,766007
2018-08-14T15:30,58.38999938964844,58.650001525878906,58.380001068115234,58.540000915527344,604853
2018-08-14T17:30,58.540000915527344,58.56999969482422,58.400001525878906,58.43000030517578,794215
2018-08-15T13:30,58.59000015258789,59.310001373291016,58.4900016784668,59.08000183105469,1071343
2018-08-15T15:30,59.08000183105469,59.119998931884766,58.66999816894531,58.7400016784668,597982
2018-08-15T17:30,58.75,58.97999954223633,58.59000015258789,58.900001525878906,1592346
2018-08-16T13:30,58.869998931884766,59.13999938964844,58.61000061035156,59.119998931884766,1003170
2018-08-16T15:30,59.119998931884766,59.34000015258789,59.040000915527344,59.310001373291016,555811
2018-08-16T17:30,59.310001373291016,59.54999923706055,59.2400016784668,59.52000045776367,1190196
2018-08-17T13:30,59.400001525878906,60.189998626708984,59.36000061035156,60.0099983215332,1256610
2018-08-17T15:30,60.02000045776367,60.04999923706055,59.7599983215332,59.91999816894531,396830
2018-08-17T17:30,59.90999984741211,60.04999923706055,59.779998779296875,59.869998931884766,837751
2018-08-20T13:30,59.939998626708984,60.08000183105469,59.54999923706055,59.54999923706055,820177
2018-08-20T15:30,59.560001373291016,59.689998626708984,59.470001220703125,59.59000015258789,502002
2018-08-20T17:30,59.59000015258789,59.66999816894531,59.38999938964844,59.529998779296875,919361
2018-08-21T13:30,59.45000076293945,59.5099983215332,58.810001373291016,59.08000183105469,649553
2018-08-21T15:30,59.09000015258789,59.11000061035156,58.86000061035156,59.02000045776367,549436
2018-08-21T17:30,59.02000045776367,59.2400016784668,58.91999816894531,59.150001525878906,1024624
2018-08-22T13:30,59.22999954223633,59.52000045776367,58.63999938964844,58.779998779296875,899856
2018-08-22T15:30,58.77000045776367,58.88999938964844,58.63999938964844,58.83000183105469,752942
2018-08-22T17:30,58.83000183105469,59.040000915527344,58.599998474121094,58.810001373291016,1195452
2018-08-23T13:30,58.7400016784668,59.060001373291016,58.70000076293945,58.959999084472656,462702
2018-08-23T15:30,58.95000076293945,59.27000045776367,58.75,58.84000015258789,348609
2018-08-23T17:30,58.84000015258789,58.900001525878906,58.70000076293945,58.86000061035156,670662
2018-08-24T13:30,58.9900016784668,59.130001068115234,58.689998626708984,59,818081
2018-08-24T15:30,59.0099983215332,59.16999816894531,58.9900016784668,59.02000045776367,391678
2018-08-24T17:30,59.029998779296875,59.290000915527344,58.9900016784668,59.2400016784668,641315
2018-08-27T13:30,59.25,59.369998931884766,58.43000030517578,58.52000045776367,828278
2018-08-27T15:30,58.529998779296875,58.599998474121094,58.459999084472656,58.47999954223633,492743
2018-08-27T17:30,58.47999954223633,58.7599983215332,58.45000076293945,58.63999938964844,779196
2018-08-28T13:30,58.529998779296875,58.65999984741211,58.349998474121094,58.439998626708984,604307
2018-08-28T15:30,58.45000076293945,58.65999984741211,58.439998626708984,58.54999923706055,457222
2018-08-28T17:30,58.540000915527344,58.54999923706055,58.33000183105469,58.470001220703125,790520
2018-08-29T13:30,58.560001373291016,58.720001220703125,58.349998474121094,58.650001525878906,778032
2018-08-29T15:30,58.650001525878906,58.689998626708984,58.5099983215332,58.599998474121094,368874
2018-08-29T17:30,58.599998474121094,58.779998779296875,58.439998626708984,58.7599983215332,786027
2018-08-30T13:30,58.90999984741211,59.27000045776367,58.68000030517578,59.08000183105469,766419
2018-08-30T15:30,59.060001373291016,59.18000030517578,59.02000045776367,59.08000183105469,513953
2018-08-30T17:30,59.08000183105469,59.18000030517578,58.869998931884766,59.16999816894531,1104595
2018-08-31T13:30,59.15999984741211,59.52000045776367,59.130001068115234,59.13999938964844,780807
2018-08-31T15:30,59.150001525878906,59.209999084472656,58.84000015258789,58.939998626708984,664668
2018-08-31T17:30,58.95000076293945,59.13999938964844,58.869998931884766,59.11000061035156,1361178
2018-09-04T13:30,59.209999084472656,59.58000183105469,59.11000061035156,59.29999923706055,751797
2018-09-04T15:30,59.29999923706055,59.45000076293945,59.2400016784668,59.33000183105469,457622
2018-09-04T17:30,59.33000183105469,59.38999938964844,59.130001068115234,59.2599983215332,1201686
2018-09-05T13:30,59.310001373291016,60.099998474121094,59.310001373291016,59.9900016784668,1007708
2018-09-05T15:30,60,60.209999084472656,59.88999938964844,60.02000045776367,1209151
2018-09-05T17:30,60.0099983215332,60.61000061035156,60,60.529998779296875,1995492
2018-09-06T13:30,60.150001525878906,60.709999084472656,60.119998931884766,60.52000045776367,917859
2018-09-06T15:30,60.5099983215332,60.7400016784668,60.41999816894531,60.7400016784668,593208
2018-09-06T17:30,60.7400016784668,60.95000076293945,60.68000030517578,60.7400016784668,1200584
2018-09-07T13:30,60.310001373291016,60.529998779296875,59.619998931884766,60.20000076293945,1062572
2018-09-07T15:30,60.189998626708984,60.290000915527344,60.029998779296875,60.060001373291016,607094
2018-09-07T17:30,60.06999969482422,60.13999938964844,59.93000030517578,60.0099983215332,974126
2018-09-10T13:30,60.189998626708984,60.560001373291016,60.06999969482422,60.130001068115234,738912
2018-09-10T15:30,60.119998931884766,60.15999984741211,59.91999816894531,60.06999969482422,1250239
2018-09-10T17:30,60.06999969482422,60.22999954223633,59.849998474121094,59.88999938964844,1768275
2018-09-11T13:30,60.040000915527344,60.25,59.75,59.849998474121094,1259202
2018-09-11T15:30,59.849998474121094,59.869998931884766,59.279998779296875,59.400001525878906,778773
2018-09-11T17:30,59.40999984741211,59.459999084472656,59.130001068115234,59.22999954223633,1671064
2018-09-12T13:30,59.08000183105469,59.29999923706055,58.66999816894531,58.7599983215332,1592261
2018-09-12T15:30,58.7599983215332,58.97999954223633,58.68000030517578,58.689998626708984,756176
2018-09-12T17:30,58.689998626708984,58.93000030517578,58.650001525878906,58.869998931884766,1775377
2018-09-13T13:30,58.869998931884766,59.77000045776367,58.61000061035156,59.720001220703125,1712422
2018-09-13T15:30,59.720001220703125,59.81999969482422,59.59000015258789,59.72999954223633,909126
2018-09-13T17:30,59.720001220703125,59.81999969482422,59.689998626708984,59.779998779296875,1410124
2018-09-14T13:30,59.65999984741211,59.66999816894531,58.970001220703125,59.349998474121094,948552
2018-09-14T15:30,59.33000183105469,59.560001373291016,59.33000183105469,59.5,402360
2018-09-14T17:30,59.5,59.5099983215332,59.2599983215332,59.45000076293945,752410
2018-09-17T13:30,59.45000076293945,59.709999084472656,59.189998626708984,59.290000915527344,930332
2018-09-17T15:30,59.290000915527344,59.43000030517578,59.130001068115234,59.290000915527344,575652
2018-09-17T17:30,59.290000915527344,59.77000045776367,59.27000045776367,59.720001220703125,1072951
2018-09-18T13:30,59.9900016784668,60.029998779296875,59.459999084472656,59.689998626708984,2092306
2018-09-18T15:30,59.689998626708984,59.720001220703125,59.41999816894531,59.63999938964844,493812
2018-09-18T17:30,59.63999938964844,59.75,59.59000015258789,59.61000061035156,1111683
2018-09-19T13:30,59.59000015258789,59.63999938964844,58.68000030517578,58.68000030517578,1173161
2018-09-19T15:30,58.689998626708984,58.709999084472656,58.25,58.25,758238
2018-09-19T17:30,58.25,58.29999923706055,57.93000030517578,58.2599983215332,1903522
2018-09-20T13:30,58.209999084472656,58.68000030517578,57.68000030517578,58.58000183105469,1065336
2018-09-20T15:30,58.58000183105469,58.75,58.4900016784668,58.70000076293945,565588
2018-09-20T17:30,58.70000076293945,58.720001220703125,58.5099983215332,58.66999816894531,1245119
2018-09-21T13:30,58.56999969482422,58.880001068115234,57.97999954223633,58.72999954223633,3167542
2018-09-21T15:30,58.72999954223633,58.790000915527344,57.13999938964844,58.099998474121094,5752919
2018-09-21T17:30,58.099998474121094,58.290000915527344,57.97999954223633,58.06999969482422,2904808
2018-09-24T13:30,57.93000030517578,58.189998626708984,57.83000183105469,57.900001525878906,1007154
2018-09-24T15:30,57.88999938964844,57.9900016784668,57.81999969482422,57.95000076293945,542877
2018-09-24T17:30,57.939998626708984,57.97999954223633,57.79999923706055,57.91999816894531,1213078
2018-09-25T13:30,57.91999816894531,57.9900016784668,57.38999938964844,57.41999816894531,943591
2018-09-25T15:30,57.41999816894531,57.47999954223633,57.20000076293945,57.279998779296875,703909
2018-09-25T17:30,57.279998779296875,57.43000030517578,57.15999984741211,57.34000015258789,2044624
2018-09-26T13:30,57.34000015258789,57.65999984741211,57.13999938964844,57.2599983215332,1424913
2018-09-26T15:30,57.2599983215332,57.400001525878906,57.2400016784668,57.34000015258789,610201
2018-09-26T17:30,57.34000015258789,57.540000915527344,56.779998779296875,56.83000183105469,2225254
2018-09-27T13:30,56.7599983215332,57.459999084472656,56.7599983215332,57.369998931884766,853878
2018-09-27T15:30,57.369998931884766,57.720001220703125,57.290000915527344,57.5099983215332,762694
2018-09-27T17:30,57.5,57.56999969482422,57.25,57.45000076293945,1212559
2018-09-28T13:30,57.58000183105469,57.900001525878906,57.560001373291016,57.7400016784668,734259
2018-09-28T15:30,57.7599983215332,57.970001220703125,57.709999084472656,57.959999084472656,809097
2018-09-28T17:30,57.939998626708984,58.25,57.93000030517578,58.220001220703125,1661978
2018-10-01T13:30,58.13999938964844,58.209999084472656,57.619998931884766,57.689998626708984,819810
2018-10-01T15:30,57.70000076293945,57.849998474121094,57.65999984741211,57.81999969482422,603582
2018-10-01T17:30,57.81999969482422,57.939998626708984,57.7400016784668,57.880001068115234,995530
2018-10-02T13:30,58.16999816894531,58.630001068115234,58.13999938964844,58.290000915527344,588937
2018-10-02T15:30,58.290000915527344,58.72999954223633,58.290000915527344,58.709999084472656,460598
2018-10-02T17:30,58.70000076293945,58.7599983215332,58.52000045776367,58.52000045776367,1178991
2018-10-03T13:30,58.459999084472656,58.650001525878906,58.220001220703125,58.220001220703125,669791
2018-10-03T15:30,58.220001220703125,58.25,57.650001525878906,57.689998626708984,806073
2018-10-03T17:30,57.689998626708984,57.7400016784668,57.130001068115234,57.61000061035156,1939357
2018-10-04T13:30,57.560001373291016,57.869998931884766,57.15999984741211,57.810001373291016,1164952
2018-10-04T15:30,57.810001373291016,58.220001220703125,57.65999984741211,58.040000915527344,856292
2018-10-04T17:30,58.029998779296875,58.22999954223633,57.900001525878906,58.16999816894531,1262644
2018-10-05T13:30,58.13999938964844,59,58.09000015258789,58.83000183105469,1438472
2018-10-05T15:30,58.84000015258789,59.369998931884766,58.83000183105469,59.310001373291016,1202419
2018-10-05T17:30,59.310001373291016,59.459999084472656,59.15999984741211,59.22999954223633,1740598
2018-10-08T13:30,59.29999923706055,59.93000030517578,59.189998626708984,59.869998931884766,815170
2018-10-08T15:30,59.84000015258789,60.36000061035156,59.77000045776367,60.16999816894531,993833
2018-10-08T17:30,60.18000030517578,60.20000076293945,59.689998626708984,59.77000045776367,1456169
2018-10-09T13:30,59.86000061035156,60.16999816894531,59.529998779296875,59.959999084472656,1261248
2018-10-09T15:30,59.959999084472656,60,59.63999938964844,59.689998626708984,707238
2018-10-09T17:30,59.68000030517578,60,59.56999969482422,59.849998474121094,1322966
2018-10-10T13:30,59.810001373291016,60.619998931884766,59.619998931884766,60.16999816894531,1148556
2018-10-10T15:30,60.16999816894531,60.599998474121094,60.04999923706055,60.2599983215332,1013572
2018-10-10T17:30,60.25,60.400001525878906,59.540000915527344,59.59000015258789,1759367
2018-10-11T13:30,59.77000045776367,59.959999084472656,58.689998626708984,58.77000045776367,1169315
2018-10-11T15:30,58.77000045776367,58.86000061035156,58.40999984741211,58.529998779296875,1079930
2018-10-11T17:30,58.540000915527344,58.81999969482422,57.970001220703125,58.20000076293945,2185954
2018-10-12T13:30,58.040000915527344,58.16999816894531,57.4900016784668,57.83000183105469,2012647
2018-10-12T15:30,57.81999969482422,58.20000076293945,57.65999984741211,58.02000045776367,1001612
2018-10-12T17:30,58.0099983215332,58.290000915527344,57.689998626708984,58.16999816894531,1782102
2018-10-15T13:30,58.150001525878906,58.81999969482422,58,58.630001068115234,1009830
2018-10-15T15:30,58.630001068115234,58.66999816894531,58.310001373291016,58.650001525878906,575319
2018-10-15T17:30,58.63999938964844,58.83000183105469,58.29999923706055,58.310001373291016,1063059
2018-10-16T13:30,58.25,59.06999969482422,58.029998779296875,58.900001525878906,756772
2018-10-16T15:30,58.900001525878906,59.11000061035156,58.84000015258789,58.93000030517578,598724
2018-10-16T17:30,58.93000030517578,59.2400016784668,58.70000076293945,58.88999938964844,1143933
2018-10-17T13:30,58.810001373291016,58.9900016784668,58.349998474121094,58.619998931884766,775084
2018-10-17T15:30,58.619998931884766,58.900001525878906,58.619998931884766,58.79999923706055,585804
2018-10-17T17:30,58.810001373291016,58.91999816894531,58.56999969482422,58.7599983215332,927073
2018-10-18T13:30,59.290000915527344,59.47999954223633,58.90999984741211,59.400001525878906,1132275
2018-10-18T15:30,59.400001525878906,59.45000076293945,59.08000183105469,59.130001068115234,1048808
2018-10-18T17:30,59.130001068115234,59.310001373291016,58.869998931884766,59.130001068115234,1658106
2018-10-19T13:30,59.119998931884766,60.119998931884766,59.11000061035156,60.11000061035156,1078303
2018-10-19T15:30,60.11000061035156,60.70000076293945,60.0099983215332,60.54999923706055,1169364
2018-10-19T17:30,60.540000915527344,60.540000915527344,60.16999816894531,60.209999084472656,1555047
2018-10-22T13:30,60.400001525878906,60.54999923706055,60.0099983215332,60.060001373291016,1260293
2018-10-22T15:30,60.060001373291016,60.150001525878906,59.90999984741211,60.02000045776367,671450
2018-10-22T17:30,60.0099983215332,60.2599983215332,60.0099983215332,60.130001068115234,1638953
2018-10-23T13:30,60.369998931884766,61.13999938964844,60.0099983215332,60.09000015258789,2008612
2018-10-23T15:30,60.09000015258789,60.16999816894531,59.81999969482422,60.09000015258789,578314
2018-10-23T17:30,60.099998474121094,60.310001373291016,59.83000183105469,59.88999938964844,1519672
2018-10-24T13:30,60.130001068115234,61.27000045776367,59.869998931884766,61.27000045776367,948152
2018-10-24T15:30,61.27000045776367,61.70000076293945,61.189998626708984,61.47999954223633,931402
2018-10-24T17:30,61.47999954223633,61.90999984741211,61.459999084472656,61.66999816894531,2410532
2018-10-25T13:30,61.400001525878906,61.52000045776367,60.689998626708984,61.220001220703125,1681399
2018-10-25T15:30,61.220001220703125,61.2400016784668,60.91999816894531,61.130001068115234,1052552
2018-10-25T17:30,61.13999938964844,61.189998626708984,60.720001220703125,60.869998931884766,3397532
2018-10-26T13:30,61.13999938964844,61.59000015258789,59.720001220703125,59.93000030517578,1873920
2018-10-26T15:30,59.91999816894531,60.2400016784668,59.720001220703125,60.16999816894531,1020907
2018-10-26T17:30,60.16999816894531,60.22999954223633,59.2400016784668,59.59000015258789,1973006
2018-10-29T13:30,59.72999954223633,60.2400016784668,59.58000183105469,60.08000183105469,747448
2018-10-29T15:30,60.08000183105469,60.540000915527344,59.9900016784668,60.41999816894531,1158747
2018-10-29T17:30,60.41999816894531,60.84000015258789,60.290000915527344,60.7400016784668,1603900
2018-10-30T13:30,60.97999954223633,61.290000915527344,60.65999984741211,60.81999969482422,690208
2018-10-30T15:30,60.81999969482422,60.900001525878906,60.119998931884766,60.56999969482422,612865
2018-10-30T17:30,60.56999969482422,61.040000915527344,60.5,61,1075737
2018-10-31T13:30,60.54999923706055,60.630001068115234,59.689998626708984,60.040000915527344,872827
2018-10-31T15:30,60.040000915527344,60.47999954223633,60.0099983215332,60.439998626708984,778462
2018-10-31T17:30,60.43000030517578,60.650001525878906,59.959999084472656,60.119998931884766,1390810
2018-11-01T13:30,60.08000183105469,60.119998931884766,59.27000045776367,59.36000061035156,1763746
2018-11-01T15:30,59.349998474121094,59.4900016784668,58.95000076293945,59.220001220703125,1686024
2018-11-01T17:30,59.220001220703125,59.5099983215332,58.90999984741211,59.40999984741211,3076699
2018-11-02T13:30,60.689998626708984,61,58.86000061035156,60.22999954223633,2202172
2018-11-02T15:30,60.220001220703125,60.25,59.83000183105469,59.959999084472656,1688453
2018-11-02T17:30,59.959999084472656,60.43000030517578,59.720001220703125,60.09000015258789,2544997
2018-11-05T14:30,60.45000076293945,60.95000076293945,60.15999984741211,60.93000030517578,972797
2018-11-05T16:30,60.91999816894531,61,60.7400016784668,60.86000061035156,524901
2018-11-05T18:30,60.86000061035156,60.95000076293945,60.66999816894531,60.81999969482422,1053107
2018-11-06T14:30,60.869998931884766,61.11000061035156,60.709999084472656,61.029998779296875,473924
2018-11-06T16:30,61.040000915527344,61.18000030517578,60.95000076293945,61.15999984741211,417896
2018-11-06T18:30,61.15999984741211,61.45000076293945,61.029998779296875,61.349998474121094,1095921
2018-11-07T14:30,61.66999816894531,61.66999816894531,60.81999969482422,61.459999084472656,733823
2018-11-07T16:30,61.45000076293945,61.58000183105469,61.2400016784668,61.29999923706055,424297
2018-11-07T18:30,61.310001373291016,61.689998626708984,61.2400016784668,61.619998931884766,1242201
2018-11-08T14:30,61.65999984741211,61.86000061035156,60.68000030517578,60.709999084472656,881593
2018-11-08T16:30,60.709999084472656,61.08000183105469,60.630001068115234,61.060001373291016,485266
2018-11-08T18:30,61.060001373291016,61.40999984741211,61.029998779296875,61.38999938964844,1144941
2018-11-09T14:30,61.47999954223633,62.119998931884766,61.29999923706055,62.029998779296875,842208
2018-11-09T16:30,62.02000045776367,62.18000030517578,61.90999984741211,62.060001373291016,600198
2018-11-09T18:30,62.060001373291016,62.40999984741211,61.9900016784668,62.27000045776367,1313247
2018-11-12T14:30,62.029998779296875,63.27000045776367,61.9900016784668,62.9900016784668,1149300
2018-11-12T16:30,63,63.040000915527344,62.779998779296875,62.90999984741211,602231
2018-11-12T18:30,62.90999984741211,63.040000915527344,62.38999938964844,62.52000045776367,1182258
2018-11-13T14:30,62.5,62.70000076293945,62.06999969482422,62.400001525878906,597393
2018-11-13T16:30,62.380001068115234,62.61000061035156,62.25,62.41999816894531,458059
2018-11-13T18:30,62.41999816894531,63.029998779296875,62.41999816894531,62.849998474121094,1034186
2018-11-14T14:30,62.470001220703125,63.040000915527344,62.31999969482422,62.75,846137
2018-11-14T16:30,62.7400016784668,63.27000045776367,62.65999984741211,63.0099983215332,872834
2018-11-14T18:30,63.0099983215332,63.22999954223633,62.66999816894531,62.900001525878906,1572302
2018-11-15T14:30,62.15999984741211,62.970001220703125,61.810001373291016,62.95000076293945,970190
2018-11-15T16:30,62.970001220703125,63.25,62.849998474121094,63.22999954223633,625443
2018-11-15T18:30,63.22999954223633,63.470001220703125,63.18000030517578,63.369998931884766,1937602
2018-11-16T14:30,63.58000183105469,64.05999755859375,63.16999816894531,63.41999816894531,1143607
2018-11-16T16:30,63.43000030517578,63.70000076293945,63.2400016784668,63.41999816894531,583153
2018-11-16T18:30,63.41999816894531,63.86000061035156,63.36000061035156,63.7599983215332,1062043
2018-11-19T14:30,63.68000030517578,64.4000015258789,63.619998931884766,64.02999877929688,802010
2018-11-19T16:30,64.02999877929688,64.33000183105469,63.869998931884766,64.30999755859375,707393
2018-11-19T18:30,64.30999755859375,64.51000213623047,64.08000183105469,64.47000122070312,1747911
2018-11-20T14:30,64.72000122070312,65.62999725341797,64.58000183105469,65,2762279
2018-11-20T16:30,65,65.26000213623047,64.69999694824219,65.26000213623047,950912
2018-11-20T18:30,65.25,65.4000015258789,65.01000213623047,65.0999984741211,2079878
2018-11-21T14:30,64.76000213623047,64.86000061035156,63.70000076293945,64.01000213623047,1214151
2018-11-21T16:30,64.01000213623047,64.1500015258789,63.54999923706055,63.650001525878906,788421
2018-11-21T18:30,63.650001525878906,63.72999954223633,63.34000015258789,63.599998474121094,1218299
2018-11-23T14:30,63.709999084472656,63.97999954223633,63.400001525878906,63.91999816894531,557235
2018-11-23T16:30,63.939998626708984,63.97999954223633,63.529998779296875,63.810001373291016,1137948
2018-11-23T18:30,63.810001373291016,63.810001373291016,63.810001373291016,63.810001373291016,759
2018-11-26T14:30,63.77000045776367,64.20999908447266,63.45000076293945,63.720001220703125,619049
2018-11-26T16:30,63.70000076293945,63.91999816894531,63.65999984741211,63.88999938964844,370880
2018-11-26T18:30,63.88999938964844,64.16999816894531,63.83000183105469,63.97999954223633,822764
2018-11-27T14:30,64.01000213623047,64.2300033569336,63.63999938964844,64.16999816894531,585371
2018-11-27T16:30,64.18000030517578,64.56999969482422,64.18000030517578,64.52999877929688,470759
2018-11-27T18:30,64.52999877929688,64.7300033569336,64.38999938964844,64.5999984741211,1013752
2018-11-28T14:30,64.51000213623047,64.63999938964844,64.1500015258789,64.2300033569336,598082
2018-11-28T16:30,64.2300033569336,64.51000213623047,63.91999816894531,64.08000183105469,717848
2018-11-28T18:30,64.06999969482422,64.43000030517578,64.01000213623047,64.43000030517578,1074918
2018-11-29T14:30,64.44000244140625,64.51000213623047,63.72999954223633,64.36000061035156,768784
2018-11-29T16:30,64.37000274658203,64.7699966430664,64.20999908447266,64.4800033569336,525914
2018-11-29T18:30,64.4800033569336,64.5199966430664,64.33999633789062,64.43000030517578,1296297
2018-11-30T14:30,64.56999969482422,64.70999908447266,64.13999938964844,64.48999786376953,960068
2018-11-30T16:30,64.4800033569336,64.8499984741211,64.43000030517578,64.77999877929688,626509
2018-11-30T18:30,64.77999877929688,65.26000213623047,64.76000213623047,65.1500015258789,1698667
2018-12-03T14:30,64.7300033569336,65.30999755859375,64.13999938964844,65.19999694824219,1052922
2018-12-03T16:30,65.22000122070312,65.55999755859375,65.05999755859375,65.52999877929688,783828
2018-12-03T18:30,65.5199966430664,65.91999816894531,65.44000244140625,65.91999816894531,1620512
2018-12-04T14:30,66.01000213623047,66.44999694824219,65.91999816894531,66.4000015258789,994139
2018-12-04T16:30,66.4000015258789,66.70999908447266,66.37000274658203,66.58999633789062,819152
2018-12-04T18:30,66.5999984741211,66.63999938964844,66.01000213623047,66.2300033569336,1819613
2018-12-06T14:30,66.55999755859375,66.66999816894531,64.98999786376953,65.16000366210938,1097122
2018-12-06T16:30,65.16000366210938,65.4000015258789,65.08000183105469,65.19000244140625,598539
2018-12-06T18:30,65.19000244140625,66.11000061035156,65.08000183105469,66.05999755859375,1193957
2018-12-07T14:30,66.16000366210938,66.4000015258789,65.62000274658203,66.05999755859375,775484
2018-12-07T16:30,66.05999755859375,66.5999984741211,66.04000091552734,66.38999938964844,693056
2018-12-07T18:30,66.37999725341797,66.51000213623047,66.08999633789062,66.16999816894531,1454093
2018-12-10T14:30,66.30999755859375,66.52999877929688,65.30999755859375,65.5199966430664,792414
2018-12-10T16:30,65.5199966430664,66.25,65.31999969482422,66.1500015258789,652637
2018-12-10T18:30,66.1500015258789,66.68000030517578,66.13999938964844,66.55999755859375,1189350
2018-12-11T14:30,66.55999755859375,66.63999938964844,66.01000213623047,66.38999938964844,1207260
2018-12-11T16:30,66.38999938964844,66.7300033569336,66.36000061035156,66.62000274658203,582261
2018-12-11T18:30,66.61000061035156,66.91999816894531,66.44999694824219,66.7699966430664,1428116
2018-12-12T14:30,66.77999877929688,67.12000274658203,65.91999816894531,65.98999786376953,1145524
2018-12-12T16:30,66.01000213623047,66.19999694824219,65.94999694824219,66.08999633789062,487238
2018-12-12T18:30,66.08999633789062,66.31999969482422,65.83999633789062,65.9000015258789,1455235
2018-12-13T14:30,66.04000091552734,66.93000030517578,66.04000091552734,66.93000030517578,1047591
2018-12-13T16:30,66.91999816894531,67.12000274658203,66.77999877929688,66.93000030517578,683636
2018-12-13T18:30,66.91999816894531,67.05999755859375,66.69999694824219,66.86000061035156,1450915
2018-12-14T14:30,66.93000030517578,67.19000244140625,66.33000183105469,66.41000366210938,778241
2018-12-14T16:30,66.41999816894531,66.58999633789062,66.37000274658203,66.5199966430664,374492
2018-12-14T18:30,66.5199966430664,66.77999877929688,66.4000015258789,66.7699966430664,1259581
2018-12-17T14:30,66.93000030517578,67.1500015258789,65.54000091552734,65.56999969482422,1240478
2018-12-17T16:30,65.55999755859375,65.94999694824219,65.0199966430664,65.25,1061481
2018-12-17T18:30,65.25,65.26000213623047,64.45999908447266,64.77999877929688,2009415
2018-12-18T14:30,65.04000091552734,65.62999725341797,64.63999938964844,64.77999877929688,909406
2018-12-18T16:30,64.80999755859375,64.9800033569336,64.61000061035156,64.6500015258789,433777
2018-12-18T18:30,64.62000274658203,64.69999694824219,64.16999816894531,64.45999908447266,1249100
2018-12-19T14:30,64.62000274658203,64.7300033569336,63.790000915527344,64.44999694824219,741978
2018-12-19T16:30,64.44000244140625,64.86000061035156,64.37000274658203,64.58999633789062,408790
2018-12-19T18:30,64.5999984741211,64.95999908447266,63.84000015258789,64.16999816894531,1495567
2018-12-20T14:30,64.27999877929688,65.54000091552734,63.52000045776367,65.29000091552734,819145
2018-12-20T16:30,65.29000091552734,65.44000244140625,65.04000091552734,65.18000030517578,591500
2018-12-20T18:30,65.18000030517578,65.18000030517578,63.84000015258789,64.80999755859375,1883955
2018-12-21T14:30,64.62000274658203,66.37999725341797,64.5999984741211,66.08000183105469,1931781
2018-12-21T16:30,66.0999984741211,66.11000061035156,65.4000015258789,65.44999694824219,546282
2018-12-21T18:30,65.44000244140625,65.62000274658203,64.37000274658203,64.45999908447266,1071563
2018-12-24T14:30,64.4800033569336,65.01000213623047,61.310001373291016,61.4900016784668,1087291
2018-12-24T16:30,61.45000076293945,61.790000915527344,61.2400016784668,61.720001220703125,1867341
2018-12-26T14:30,61.779998779296875,62.45000076293945,60.88999938964844,60.959999084472656,687215
2018-12-26T16:30,60.970001220703125,61.86000061035156,60.880001068115234,61.380001068115234,521654
2018-12-26T18:30,61.400001525878906,62.720001220703125,61.36000061035156,62.70000076293945,1022821
2018-12-27T14:30,62.810001373291016,62.86000061035156,61.72999954223633,62.34000015258789,690229
2018-12-27T16:30,62.34000015258789,62.75,62.13999938964844,62.52000045776367,411485
2018-12-27T18:30,62.5,63.209999084472656,61.7599983215332,63.209999084472656,1030964
2018-12-28T14:30,63.34000015258789,63.9900016784668,63.16999816894531,63.369998931884766,638444
2018-12-28T16:30,63.349998474121094,63.66999816894531,63.25,63.459999084472656,397127
2018-12-28T18:30,63.470001220703125,64.12000274658203,63.09000015258789,63.34000015258789,866479
2018-12-31T14:30,63.5099983215332,63.689998626708984,62.75,63.060001373291016,414161
2018-12-31T16:30,63.04999923706055,63.59000015258789,62.84000015258789,63.58000183105469,330924
2018-12-31T18:30,63.59000015258789,63.66999816894531,63.15999984741211,63.47999954223633,926135
2019-01-02T14:30,63.34000015258789,63.38999938964844,62.119998931884766,62.25,654360
2019-01-02T16:30,62.22999954223633,62.459999084472656,62.06999969482422,62.439998626708984,380879
2019-01-02T18:30,62.439998626708984,62.47999954223633,62,62.310001373291016,948425
2019-01-03T14:30,62.34000015258789,62.959999084472656,61.83000183105469,62.119998931884766,876203
2019-01-03T16:30,62.08000183105469,62.560001373291016,61.88999938964844,62.279998779296875,486753
2019-01-03T18:30,62.290000915527344,62.540000915527344,62.20000076293945,62.22999954223633,898150
2019-01-04T14:30,61.900001525878906,62.849998474121094,61.83000183105469,62.41999816894531,677143
2019-01-04T16:30,62.400001525878906,62.72999954223633,62.2400016784668,62.43000030517578,347191
2019-01-04T18:30,62.43000030517578,62.810001373291016,62.16999816894531,62.779998779296875,1202110
2019-01-07T14:30,62.40999984741211,62.810001373291016,62.02000045776367,62.41999816894531,734231
2019-01-07T16:30,62.439998626708984,62.689998626708984,62.220001220703125,62.66999816894531,413630
2019-01-07T18:30,62.66999816894531,62.689998626708984,62.279998779296875,62.5,876384
2019-01-08T14:30,62.54999923706055,63.150001525878906,62.150001525878906,62.939998626708984,427573
2019-01-08T16:30,62.93000030517578,63.040000915527344,62.619998931884766,62.7400016784668,342225
2019-01-08T18:30,62.75,63.380001068115234,62.7400016784668,63.31999969482422,842561
2019-01-09T14:30,62.4900016784668,63.25,62.08000183105469,62.560001373291016,1091408
2019-01-09T16:30,62.560001373291016,62.599998474121094,62.31999969482422,62.369998931884766,448804
2019-01-09T18:30,62.380001068115234,62.43000030517578,62.029998779296875,62.369998931884766,1243889
2019-01-10T14:30,62.560001373291016,62.810001373291016,62.34000015258789,62.77000045776367,427480
2019-01-10T16:30,62.77000045776367,62.95000076293945,62.25,62.459999084472656,769601
2019-01-10T18:30,62.47999954223633,62.7599983215332,62.439998626708984,62.689998626708984,1965363
2019-01-11T14:30,62.66999816894531,62.66999816894531,62.029998779296875,62.470001220703125,659127
2019-01-11T16:30,62.4900016784668,62.52000045776367,61.939998626708984,62.060001373291016,677681
2019-01-11T18:30,62.060001373291016,62.25,61.970001220703125,62.22999954223633,1366346
2019-01-14T14:30,62.02000045776367,62.02000045776367,61.09000015258789,61.119998931884766,735422
2019-01-14T16:30,61.11000061035156,61.13999938964844,60.650001525878906,61,674312
2019-01-14T18:30,61.0099983215332,61.56999969482422,60.97999954223633,61.5099983215332,1263355
2019-01-15T14:30,61.45000076293945,62.779998779296875,61.290000915527344,62.560001373291016,796332
2019-01-15T16:30,62.54999923706055,62.84000015258789,62.5,62.63999938964844,453167
2019-01-15T18:30,62.650001525878906,62.86000061035156,62.41999816894531,62.63999938964844,1055513
2019-01-16T14:30,62.310001373291016,62.779998779296875,62.029998779296875,62.5099983215332,450660
2019-01-16T16:30,62.4900016784668,62.619998931884766,62.40999984741211,62.560001373291016,352504
2019-01-16T18:30,62.560001373291016,62.79999923706055,62.529998779296875,62.70000076293945,741558
2019-01-17T14:30,62.72999954223633,63.040000915527344,62.459999084472656,62.90999984741211,437543
2019-01-17T16:30,62.900001525878906,63.040000915527344,62.83000183105469,62.90999984741211,274161
2019-01-17T18:30,62.93000030517578,63.09000015258789,62.66999816894531,62.9900016784668,647297
2019-01-18T14:30,63.209999084472656,63.27000045776367,62.810001373291016,62.81999969482422,783025
2019-01-18T16:30,62.81999969482422,63.060001373291016,62.790000915527344,62.97999954223633,370783
2019-01-18T18:30,62.970001220703125,63.060001373291016,62.66999816894531,62.95000076293945,1028570
2019-01-22T14:30,62.529998779296875,63.630001068115234,62.529998779296875,62.91999816894531,660893
2019-01-22T16:30,62.95000076293945,62.959999084472656,62.47999954223633,62.75,431191
2019-01-22T18:30,62.7599983215332,62.9900016784668,62.40999984741211,62.97999954223633,866825
2019-01-23T14:30,62.880001068115234,63.150001525878906,62.72999954223633,63.130001068115234,603461
2019-01-23T16:30,63.130001068115234,63.25,63.060001373291016,63.06999969482422,398841
2019-01-23T18:30,63.06999969482422,63.369998931884766,62.93000030517578,63.34000015258789,891979
2019-01-24T14:30,63.41999816894531,63.619998931884766,62.779998779296875,63.189998626708984,546229
2019-01-24T16:30,63.189998626708984,63.34000015258789,63.13999938964844,63.25,372207
2019-01-24T18:30,63.25,63.81999969482422,63.16999816894531,63.77000045776367,1066286
2019-01-25T14:30,63.5099983215332,63.97999954223633,63.380001068115234,63.5099983215332,477176
2019-01-25T16:30,63.5099983215332,63.54999923706055,63.09000015258789,63.34000015258789,504838
2019-01-25T18:30,63.33000183105469,63.380001068115234,62.97999954223633,63.13999938964844,909892
2019-01-28T14:30,63.27000045776367,63.470001220703125,62.619998931884766,62.900001525878906,387703
2019-01-28T16:30,62.900001525878906,62.97999954223633,62.63999938964844,62.869998931884766,370997
2019-01-28T18:30,62.869998931884766,63,62.779998779296875,62.9900016784668,688820
2019-01-29T14:30,63.220001220703125,63.369998931884766,62.810001373291016,62.88999938964844,590211
2019-01-29T16:30,62.88999938964844,62.95000076293945,62.790000915527344,62.900001525878906,444628
2019-01-29T18:30,62.900001525878906,62.97999954223633,62.72999954223633,62.970001220703125,934908
2019-01-30T14:30,62.779998779296875,63.43000030517578,62.709999084472656,63.25,546129
2019-01-30T16:30,63.25,63.310001373291016,63.029998779296875,63.029998779296875,317212
2019-01-30T18:30,63.029998779296875,63.650001525878906,62.93000030517578,63.29999923706055,1086089
2019-01-31T14:30,63.31999969482422,64.13999938964844,62.900001525878906,64.08999633789062,956087
2019-01-31T16:30,64.0999984741211,64.43000030517578,64.05000305175781,64.23999786376953,802800
2019-01-31T18:30,64.25,65.08000183105469,64.25,64.69000244140625,2642588
2019-02-01T14:30,64.58999633789062,64.76000213623047,63.900001525878906,63.91999816894531,881079
2019-02-01T16:30,63.91999816894531,64.2699966430664,63.88999938964844,64.20999908447266,549932
2019-02-01T18:30,64.22000122070312,64.58999633789062,64.02999877929688,64.5199966430664,1244771
2019-02-04T14:30,64.11000061035156,64.27999877929688,63.61000061035156,64.20999908447266,813260
2019-02-04T16:30,64.2300033569336,64.37000274658203,64.08000183105469,64.33000183105469,414961
2019-02-04T18:30,64.33999633789062,64.5999984741211,64.16999816894531,64.58999633789062,954601
2019-02-05T14:30,64.6500015258789,65.11000061035156,64.29000091552734,65.06999969482422,807115
2019-02-05T16:30,65.08000183105469,65.08999633789062,64.80000305175781,64.86000061035156,483771
2019-02-05T18:30,64.87000274658203,65.19999694824219,64.77999877929688,65.08000183105469,1391483
2019-02-06T14:30,65.05999755859375,65.1500015258789,64.58999633789062,65.12000274658203,462344
2019-02-06T16:30,65.12000274658203,65.30999755859375,65.02999877929688,65.12000274658203,330504
2019-02-06T18:30,65.12999725341797,65.16999816894531,64.83999633789062,65.05000305175781,1050531
2019-02-07T14:30,65.0199966430664,65.55000305175781,64.62000274658203,65.52999877929688,713904
2019-02-07T16:30,65.52999877929688,65.66999816894531,65.30000305175781,65.52999877929688,641696
2019-02-07T18:30,65.5199966430664,65.83000183105469,65.36000061035156,65.81999969482422,1042525
2019-02-08T14:30,65.79000091552734,66.5,65.68000030517578,66.4000015258789,1119032
2019-02-08T16:30,66.4000015258789,66.62000274658203,66.33000183105469,66.38999938964844,749041
2019-02-08T18:30,66.38999938964844,66.44999694824219,66.2699966430664,66.41999816894531,1342781
2019-02-11T14:30,66.26000213623047,66.68000030517578,66.12000274658203,66.26000213623047,553590
2019-02-11T16:30,66.23999786376953,66.2699966430664,66,66.01000213623047,389112
2019-02-11T18:30,66.01000213623047,66.37000274658203,65.9800033569336,66.31999969482422,875225
2019-02-12T14:30,66.37000274658203,66.61000061035156,65.94000244140625,66.56999969482422,846382
2019-02-12T16:30,66.56999969482422,66.73999786376953,66.3499984741211,66.43000030517578,515193
2019-02-12T18:30,66.43000030517578,66.4800033569336,66.12999725341797,66.36000061035156,869668
2019-02-13T14:30,66.12000274658203,66.3499984741211,65.97000122070312,66.05000305175781,1144111
2019-02-13T16:30,66.04000091552734,66.04000091552734,65.69000244140625,65.88999938964844,879152
2019-02-13T18:30,65.87999725341797,66.02999877929688,65.76000213623047,65.9000015258789,2365458
2019-02-14T14:30,65.80000305175781,65.86000061035156,64.8499984741211,65.36000061035156,1432412
2019-02-14T16:30,65.3499984741211,65.69000244140625,65.30999755859375,65.44999694824219,554115
2019-02-14T18:30,65.44999694824219,65.5999984741211,65.18000030517578,65.2699966430664,1503225
2019-02-15T14:30,65.73999786376953,65.7699966430664,64.69999694824219,64.93000030517578,1225165
2019-02-15T16:30,64.93000030517578,65.0999984741211,64.80000305175781,64.80000305175781,786050
2019-02-15T18:30,64.80999755859375,65.19999694824219,64.66999816894531,65.04000091552734,1606936
2019-02-19T14:30,65.13999938964844,65.2699966430664,64.83999633789062,65.08999633789062,1035825
2019-02-19T16:30,65.08999633789062,65.16999816894531,64.98999786376953,65.08999633789062,577108
2019-02-19T18:30,65.08999633789062,65.51000213623047,64.91000366210938,65.37000274658203,1602226
2019-02-20T14:30,65.36000061035156,65.77999877929688,65.05999755859375,65.72000122070312,651610
2019-02-20T16:30,65.72000122070312,66.1500015258789,65.69999694824219,66.12999725341797,611283
2019-02-20T18:30,66.13999938964844,66.19000244140625,65.9000015258789,66.04000091552734,1045067
2019-02-21T14:30,65.63999938964844,66.51000213623047,65.5999984741211,66.4000015258789,795920
2019-02-21T16:30,66.41000366210938,66.55999755859375,66.12999725341797,66.18000030517578,530760
2019-02-21T18:30,66.19000244140625,66.62999725341797,66.19000244140625,66.58000183105469,1277201
2019-02-22T14:30,66.66999816894531,67.11000061035156,66.41000366210938,66.87000274658203,706904
2019-02-22T16:30,66.87000274658203,67,66.80999755859375,66.80999755859375,402678
2019-02-22T18:30,66.81999969482422,66.91000366210938,66.73999786376953,66.83000183105469,1117411
2019-02-25T14:30,66.81999969482422,66.8499984741211,66.08999633789062,66.45999908447266,656825
2019-02-25T16:30,66.45999908447266,66.55000305175781,66.30000305175781,66.31999969482422,460610
2019-02-25T18:30,66.31999969482422,66.55999755859375,66.25,66.5,1039042
2019-02-26T14:30,66.61000061035156,66.80999755859375,65.63999938964844,65.81999969482422,1149773
2019-02-26T16:30,65.83000183105469,65.94999694824219,65.55000305175781,65.94000244140625,569570
2019-02-26T18:30,65.94999694824219,66.37999725341797,65.94000244140625,66.05999755859375,1185804
2019-02-27T14:30,65.94999694824219,66.47000122070312,65.75,66.36000061035156,665943
2019-02-27T16:30,66.36000061035156,66.37999725341797,66.1500015258789,66.27999877929688,323300
2019-02-27T18:30,66.27999877929688,66.41000366210938,66.20999908447266,66.3499984741211,809113
2019-02-28T14:30,66.30000305175781,66.70999908447266,66.1500015258789,66.62999725341797,869537
2019-02-28T16:30,66.63999938964844,66.87999725341797,66.61000061035156,66.83000183105469,637166
2019-02-28T18:30,66.81999969482422,66.83000183105469,66.55000305175781,66.63999938964844,1297883
2019-03-01T14:30,66.58999633789062,66.81999969482422,66.11000061035156,66.16000366210938,1045152
2019-03-01T16:30,66.1500015258789,66.4000015258789,66.08999633789062,66.33999633789062,1019070
2019-03-01T18:30,66.33000183105469,66.66999816894531,66.25,66.55999755859375,2550840
2019-03-04T14:30,66.76000213623047,66.8499984741211,66.29000091552734,66.43000030517578,815535
2019-03-04T16:30,66.43000030517578,66.43000030517578,66.12999725341797,66.2300033569336,455933
2019-03-04T18:30,66.2300033569336,66.81999969482422,66.19999694824219,66.80000305175781,1137221
2019-03-05T14:30,66.63999938964844,66.83999633789062,66.5,66.75,484079
2019-03-05T16:30,66.73999786376953,66.79000091552734,66.48999786376953,66.5,1023952
2019-03-05T18:30,66.5,66.72000122070312,66.47000122070312,66.52999877929688,1030785
2019-03-06T14:30,66.62999725341797,66.80999755859375,66.41000366210938,66.6500015258789,743130
2019-03-06T16:30,66.6500015258789,66.86000061035156,66.58000183105469,66.62000274658203,631457
2019-03-06T18:30,66.62000274658203,66.75,66.52999877929688,66.58000183105469,1124868
2019-03-07T14:30,66.86000061035156,67.37000274658203,66.63999938964844,66.79000091552734,1200699
2019-03-07T16:30,66.80000305175781,66.93000030517578,66.6500015258789,66.7300033569336,612647
2019-03-07T18:30,66.7300033569336,66.7300033569336,66.36000061035156,66.5999984741211,1189305
2019-03-08T14:30,66.79000091552734,67.01000213623047,66.37000274658203,66.52999877929688,682867
2019-03-08T16:30,66.52999877929688,66.76000213623047,66.45999908447266,66.55000305175781,390892
2019-03-08T18:30,66.55999755859375,67.05999755859375,66.55000305175781,67.04000091552734,891638
2019-03-11T13:30,67.04000091552734,67.23999786376953,66.80000305175781,67.06999969482422,927624
2019-03-11T15:30,67.06999969482422,67.12000274658203,66.83000183105469,66.95999908447266,797536
2019-03-11T17:30,66.97000122070312,67.22000122070312,66.91000366210938,67.16000366210938,1404406
2019-03-12T13:30,67.2300033569336,67.54000091552734,66.97000122070312,67.44999694824219,1160831
2019-03-12T15:30,67.44000244140625,67.4800033569336,67.2300033569336,67.31999969482422,657424
2019-03-12T17:30,67.30999755859375,67.41999816894531,67.1500015258789,67.27999877929688,1811618
2019-03-13T13:30,67.18000030517578,67.41999816894531,67.12999725341797,67.33999633789062,819778
2019-03-13T15:30,67.33999633789062,67.44000244140625,67.16999816894531,67.27999877929688,672708
2019-03-13T17:30,67.27999877929688,67.4800033569336,67.19999694824219,67.30999755859375,1840914
2019-03-14T13:30,67.23999786376953,67.62999725341797,66.9800033569336,67.5,869692
2019-03-14T15:30,67.51000213623047,67.69000244140625,67.19999694824219,67.20999908447266,608286
2019-03-14T17:30,67.20999908447266,67.33999633789062,67.0999984741211,67.16000366210938,1197271
2019-03-15T13:30,67.22000122070312,67.51000213623047,67.06999969482422,67.38999938964844,1674929
2019-03-15T15:30,67.41000366210938,67.66000366210938,67.30000305175781,67.45999908447266,581865
2019-03-15T17:30,67.44999694824219,67.5999984741211,67.33999633789062,67.37000274658203,1499447
2019-03-18T13:30,67.52999877929688,67.56999969482422,66.83999633789062,66.8499984741211,834093
2019-03-18T15:30,66.8499984741211,66.95999908447266,66.79000091552734,66.83999633789062,643154
2019-03-18T17:30,66.83999633789062,66.9800033569336,66.69000244140625,66.94000244140625,1152945
2019-03-19T13:30,66.94999694824219,67.05999755859375,66.37000274658203,66.43000030517578,943375
2019-03-19T15:30,66.43000030517578,66.55999755859375,65.88999938964844,66.05999755859375,932281
2019-03-19T17:30,66.06999969482422,66.29000091552734,65.95999908447266,66.26000213623047,1849750
2019-03-20T13:30,66.4000015258789,66.5,66.1500015258789,66.47000122070312,664129
2019-03-20T15:30,66.4800033569336,66.54000091552734,66.31999969482422,66.4000015258789,414205
2019-03-20T17:30,66.38999938964844,67.01000213623047,66.2699966430664,66.44000244140625,1469307
2019-03-21T13:30,66.44000244140625,66.9000015258789,66.30000305175781,66.66000366210938,781765
2019-03-21T15:30,66.63999938964844,67.0199966430664,66.61000061035156,66.87000274658203,494442
2019-03-21T17:30,66.87999725341797,67.06999969482422,66.76000213623047,66.83999633789062,2070096
2019-03-22T13:30,67.01000213623047,67.97000122070312,66.81999969482422,67.91999816894531,1517575
2019-03-22T15:30,67.9000015258789,68.12999725341797,67.56999969482422,67.6500015258789,863638
2019-03-22T17:30,67.6500015258789,67.83000183105469,67.38999938964844,67.41000366210938,1386604
2019-03-25T13:30,67.55999755859375,67.63999938964844,67.22000122070312,67.43000030517578,573891
2019-03-25T15:30,67.43000030517578,67.7300033569336,67.41999816894531,67.66000366210938,506315
2019-03-25T17:30,67.66000366210938,67.66999816894531,67.37000274658203,67.45999908447266,796108
2019-03-26T13:30,67.44999694824219,68.12000274658203,67.36000061035156,68.02999877929688,641476
2019-03-26T15:30,68.04000091552734,68.12999725341797,67.83999633789062,67.88999938964844,395606
2019-03-26T17:30,67.88999938964844,68.02999877929688,67.79000091552734,68.0199966430664,999861
2019-03-27T13:30,67.9800033569336,68.0999984741211,67.05999755859375,67.08000183105469,900364
2019-03-27T15:30,67.08000183105469,67.44000244140625,67.08000183105469,67.41999816894531,939667
2019-03-27T17:30,67.41000366210938,67.54000091552734,67.1500015258789,67.23999786376953,1088773
2019-03-28T13:30,67.4000015258789,67.55999755859375,66.38999938964844,66.47000122070312,844742
2019-03-28T15:30,66.44999694824219,66.47000122070312,66.16000366210938,66.33999633789062,746084
2019-03-28T17:30,66.33999633789062,66.5199966430664,66.2300033569336,66.44000244140625,1432420
2019-03-29T13:30,66.31999969482422,66.61000061035156,66.01000213623047,66.5,1150867
2019-03-29T15:30,66.5,66.58000183105469,66.36000061035156,66.45999908447266,798987
2019-03-29T17:30,66.45999908447266,66.95999908447266,66.38999938964844,66.88999938964844,1934923
2019-04-01T13:30,66.69999694824219,66.76000213623047,65.87000274658203,66.1500015258789,1485592
2019-04-01T15:30,66.13999938964844,66.4800033569336,66.13999938964844,66.36000061035156,967986
2019-04-01T17:30,66.3499984741211,66.47000122070312,66.11000061035156,66.3499984741211,1564317
2019-04-02T13:30,66.58999633789062,66.58999633789062,65.88999938964844,65.98999786376953,977692
2019-04-02T15:30,66,66.1500015258789,65.91999816894531,65.95999908447266,579715
2019-04-02T17:30,65.97000122070312,66.25,65.9000015258789,66.23999786376953,1161114
2019-04-03T13:30,66.1500015258789,66.2699966430664,65.56999969482422,66.25,783196
2019-04-03T15:30,66.25,66.29000091552734,66.12999725341797,66.26000213623047,510380
2019-04-03T17:30,66.2699966430664,66.29000091552734,65.9800033569336,66.02999877929688,920349
2019-04-04T13:30,66.16999816894531,66.29000091552734,65.37000274658203,65.43000030517578,909425
2019-04-04T15:30,65.43000030517578,66.37000274658203,65.3499984741211,66.30999755859375,1186346
2019-04-04T17:30,66.30999755859375,66.54000091552734,66.2300033569336,66.41000366210938,1975620
2019-04-05T13:30,66.51000213623047,66.87000274658203,66.27999877929688,66.68000030517578,1452513
2019-04-05T15:30,66.69000244140625,66.8499984741211,66.56999969482422,66.83999633789062,562893
2019-04-05T17:30,66.83999633789062,67.3499984741211,66.83999633789062,67.27999877929688,2090088
2019-04-08T13:30,67.26000213623047,67.3499984741211,66.62999725341797,66.62999725341797,786640
2019-04-08T15:30,66.63999938964844,67.0199966430664,66.62999725341797,66.97000122070312,586773
2019-04-08T17:30,66.97000122070312,67.0999984741211,66.87999725341797,66.98999786376953,1060593
2019-04-09T13:30,66.93000030517578,67.25,66.87000274658203,67.12000274658203,610483
2019-04-09T15:30,67.12000274658203,67.12000274658203,66.79000091552734,66.80000305175781,489401
2019-04-09T17:30,66.80999755859375,67.08000183105469,66.75,67.08000183105469,1025415
2019-04-10T13:30,67.25,67.69000244140625,67.06999969482422,67.16000366210938,715669
2019-04-10T15:30,67.16000366210938,67.19999694824219,66.66999816894531,66.83000183105469,1162545
2019-04-10T17:30,66.83000183105469,66.88999938964844,66.68000030517578,66.8499984741211,1028294
2019-04-11T13:30,66.91999816894531,67.2300033569336,66.73999786376953,67.08999633789062,448562
2019-04-11T15:30,67.0999984741211,67.1500015258789,66.80000305175781,66.86000061035156,437387
2019-04-11T17:30,66.86000061035156,67.12999725341797,66.73999786376953,67.08000183105469,1090403
2019-04-12T13:30,66.66999816894531,67.08999633789062,66.30000305175781,67.06999969482422,885981
2019-04-12T15:30,67.06999969482422,67.1500015258789,66.91000366210938,66.94000244140625,847631
2019-04-12T17:30,66.94000244140625,67.23999786376953,66.93000030517578,67.22000122070312,1414600
2019-04-15T13:30,67.26000213623047,67.44000244140625,67.01000213623047,67.31999969482422,544280
2019-04-15T15:30,67.31999969482422,67.44000244140625,67.2300033569336,67.2699966430664,463954
2019-04-15T17:30,67.26000213623047,67.37000274658203,67.0199966430664,67.19999694824219,1227785
2019-04-16T13:30,66.98999786376953,67.37000274658203,66.69000244140625,66.8499984741211,554697
2019-04-16T15:30,66.8499984741211,66.8499984741211,66.33000183105469,66.33999633789062,534570
2019-04-16T17:30,66.33999633789062,66.41999816894531,66.04000091552734,66.22000122070312,1567654
2019-04-17T13:30,66.23999786376953,66.5999984741211,65.93000030517578,66.56999969482422,662699
2019-04-17T15:30,66.56999969482422,66.68000030517578,66.30999755859375,66.44000244140625,1014000
2019-04-17T17:30,66.44000244140625,66.4800033569336,66.16999816894531,66.16999816894531,1494130
2019-04-18T13:30,66.37999725341797,66.62999725341797,66.20999908447266,66.33999633789062,774383
2019-04-18T15:30,66.33999633789062,66.5999984741211,66.2300033569336,66.38999938964844,648884
2019-04-18T17:30,66.4000015258789,66.4000015258789,66.0999984741211,66.2300033569336,1092284
2019-04-22T13:30,66.1500015258789,66.55999755859375,65.9800033569336,66.05000305175781,607701
2019-04-22T15:30,66.05000305175781,66.06999969482422,65.83000183105469,65.91000366210938,498861
2019-04-22T17:30,65.91999816894531,65.98999786376953,65.80000305175781,65.93000030517578,970303
2019-04-23T13:30,66.01000213623047,66.37999725341797,65.69999694824219,65.91999816894531,527093
2019-04-23T15:30,65.91999816894531,65.9800033569336,65.62000274658203,65.8499984741211,472363
2019-04-23T17:30,65.8499984741211,66.19000244140625,65.81999969482422,66.1500015258789,947483
2019-04-24T13:30,66.3499984741211,66.73999786376953,66.05999755859375,66.63999938964844,491882
2019-04-24T15:30,66.63999938964844,66.6500015258789,66.31999969482422,66.4000015258789,309266
2019-04-24T17:30,66.4000015258789,66.87000274658203,66.38999938964844,66.66000366210938,762830
2019-04-25T13:30,66.47000122070312,67.27999877929688,66.3499984741211,66.9800033569336,632005
2019-04-25T15:30,66.9800033569336,67.12999725341797,66.81999969482422,67.11000061035156,415036
2019-04-25T17:30,67.11000061035156,67.37999725341797,67.08999633789062,67.22000122070312,760224
2019-04-26T13:30,67.41000366210938,67.87999725341797,67.38999938964844,67.5999984741211,632993
2019-04-26T15:30,67.58000183105469,67.63999938964844,67.33999633789062,67.41000366210938,306165
2019-04-26T17:30,67.4000015258789,67.44999694824219,67.0999984741211,67.12999725341797,719885
2019-04-29T13:30,66.69999694824219,67.11000061035156,66.37999725341797,66.5,592932
2019-04-29T15:30,66.5,66.66999816894531,66.4800033569336,66.5999984741211,471085
2019-04-29T17:30,66.58000183105469,66.69999694824219,66.45999908447266,66.58000183105469,708336
2019-04-30T13:30,66.66000366210938,67.11000061035156,66.47000122070312,67.05999755859375,721077
2019-04-30T15:30,67.06999969482422,67.41999816894531,67.05000305175781,67.38999938964844,525313
2019-04-30T17:30,67.37999725341797,67.80000305175781,67.25,67.70999908447266,982800
2019-05-01T13:30,67.38999938964844,67.68000030517578,67.08000183105469,67.23999786376953,588993
2019-05-01T15:30,67.2300033569336,67.4800033569336,67.06999969482422,67.37999725341797,555537
2019-05-01T17:30,67.37999725341797,67.62999725341797,66.95999908447266,67.19000244140625,865388
2019-05-02T13:30,67.22000122070312,67.48999786376953,66.61000061035156,66.80000305175781,540953
2019-05-02T15:30,66.79000091552734,67.27999877929688,66.75,67.19000244140625,655901
2019-05-02T17:30,67.18000030517578,67.22000122070312,66.68000030517578,66.76000213623047,1053319
2019-05-03T13:30,67.0199966430664,67.12999725341797,66.76000213623047,67,775179
2019-05-03T15:30,67.01000213623047,67.22000122070312,66.91000366210938,67.0999984741211,505510
2019-05-03T17:30,67.0999984741211,67.19000244140625,66.88999938964844,67,1408325
2019-05-06T13:30,67.0199966430664,67.19999694824219,66.5199966430664,66.54000091552734,725909
2019-05-06T15:30,66.52999877929688,66.68000030517578,66.4800033569336,66.6500015258789,535581
2019-05-06T17:30,66.66000366210938,66.66999816894531,66.37000274658203,66.5,1083737
2019-05-07T13:30,66.5199966430664,66.62000274658203,66.11000061035156,66.38999938964844,586331
2019-05-07T15:30,66.38999938964844,66.61000061035156,66.26000213623047,66.31999969482422,427535
2019-05-07T17:30,66.31999969482422,66.45999908447266,66.0199966430664,66.3499984741211,1131818
2019-05-08T13:30,66.26000213623047,66.37000274658203,65.36000061035156,65.48999786376953,703106
2019-05-08T15:30,65.4800033569336,65.7699966430664,65.37000274658203,65.66999816894531,528647
2019-05-08T17:30,65.66999816894531,65.73999786376953,65.19000244140625,65.25,1112803
2019-05-09T13:30,65.91000366210938,65.91000366210938,64.62000274658203,64.72000122070312,852138
2019-05-09T15:30,64.70999908447266,64.94999694824219,64.41000366210938,64.8499984741211,467231
2019-05-09T17:30,64.83999633789062,64.91000366210938,64.48999786376953,64.52999877929688,1355975
2019-05-10T13:30,64.37999725341797,64.68000030517578,64.25,64.3499984741211,665593
2019-05-10T15:30,64.33000183105469,64.88999938964844,64.30999755859375,64.86000061035156,490160
2019-05-10T17:30,64.8499984741211,65.45999908447266,64.77999877929688,65.4000015258789,1345027
2019-05-13T13:30,65.18000030517578,65.5199966430664,64.51000213623047,64.93000030517578,1190073
2019-05-13T15:30,64.93000030517578,65.20999908447266,64.8499984741211,64.93000030517578,555179
2019-05-13T17:30,64.94000244140625,65.51000213623047,64.93000030517578,65.44000244140625,1668554
2019-05-14T13:30,64.9000015258789,65.12000274658203,64.33000183105469,64.66000366210938,1930348
2019-05-14T15:30,64.66000366210938,64.8499984741211,64.58999633789062,64.73999786376953,871435
2019-05-14T17:30,64.75,64.91000366210938,64.55999755859375,64.66000366210938,1604460
2019-05-15T13:30,64.81999969482422,65.08000183105469,64.52999877929688,64.76000213623047,1346871
2019-05-15T15:30,64.76000213623047,64.87999725341797,64.63999938964844,64.6500015258789,648565
2019-05-15T17:30,64.63999938964844,64.80000305175781,64.48999786376953,64.51000213623047,1311822
2019-05-16T13:30,64.5199966430664,65.13999938964844,64.4000015258789,64.97000122070312,1567504
2019-05-16T15:30,64.9800033569336,64.9800033569336,64.72000122070312,64.86000061035156,1062453
2019-05-16T17:30,64.8499984741211,64.94999694824219,64.5,64.79000091552734,1122037
2019-05-17T13:30,64.37999725341797,64.91000366210938,64.37000274658203,64.9000015258789,1683232
2019-05-17T15:30,64.9000015258789,65.25,64.87000274658203,65.25,1044413
2019-05-17T17:30,65.26000213623047,65.69000244140625,65.20999908447266,65.51000213623047,1125498
2019-05-20T13:30,65.66000366210938,65.80999755859375,65.41000366210938,65.55999755859375,599747
2019-05-20T15:30,65.56999969482422,65.61000061035156,65.26000213623047,65.41000366210938,405708
2019-05-20T17:30,65.41000366210938,65.47000122070312,65.0999984741211,65.30999755859375,940634
2019-05-21T13:30,65.5199966430664,66.02999877929688,65.26000213623047,66.02999877929688,688697
2019-05-21T15:30,66.04000091552734,66.12999725341797,65.8499984741211,65.93000030517578,435632
2019-05-21T17:30,65.93000030517578,65.93000030517578,65.4000015258789,65.43000030517578,1132017
2019-05-22T13:30,65.63999938964844,66.0199966430664,65.47000122070312,65.87999725341797,384702
2019-05-22T15:30,65.88999938964844,65.97000122070312,65.81999969482422,65.95999908447266,278484
2019-05-22T17:30,65.95999908447266,66.11000061035156,65.87000274658203,65.9800033569336,884743
2019-05-23T13:30,66.19999694824219,66.41000366210938,66.05999755859375,66.4000015258789,765882
2019-05-23T15:30,66.4000015258789,66.52999877929688,66.23999786376953,66.45999908447266,647296
2019-05-23T17:30,66.45999908447266,66.8499984741211,66.43000030517578,66.83000183105469,1373560
2019-05-24T13:30,66.79000091552734,67.19999694824219,66.61000061035156,66.86000061035156,448400
2019-05-24T15:30,66.86000061035156,66.9000015258789,66.5999984741211,66.77999877929688,462518
2019-05-24T17:30,66.7699966430664,66.80000305175781,66.66000366210938,66.72000122070312,734050
2019-05-28T13:30,66.72000122070312,66.73999786376953,66.19999694824219,66.25,690217
2019-05-28T15:30,66.23999786376953,66.2699966430664,65.9000015258789,65.91999816894531,374896
2019-05-28T17:30,65.91000366210938,66.0199966430664,65.30999755859375,65.41000366210938,873662
2019-05-29T13:30,65.66000366210938,65.79000091552734,65.0999984741211,65.27999877929688,462274
2019-05-29T15:30,65.2699966430664,65.27999877929688,64.72000122070312,64.80000305175781,382287
2019-05-29T17:30,64.80000305175781,64.83999633789062,64.4000015258789,64.47000122070312,883224
2019-05-30T13:30,64.5199966430664,64.81999969482422,64.4000015258789,64.54000091552734,463677
2019-05-30T15:30,64.55000305175781,64.55000305175781,64.22000122070312,64.27999877929688,413166
2019-05-30T17:30,64.29000091552734,64.38999938964844,64.11000061035156,64.25,786423
2019-05-31T13:30,64.2699966430664,64.66999816894531,63.45000076293945,63.779998779296875,795809
2019-05-31T15:30,63.790000915527344,63.869998931884766,63.689998626708984,63.849998474121094,503096
2019-05-31T17:30,63.849998474121094,64.3499984741211,63.83000183105469,64.30000305175781,1238738
2019-06-03T13:30,64.61000061035156,64.68000030517578,64.08000183105469,64.27999877929688,492484
2019-06-03T15:30,64.27999877929688,64.3499984741211,64.05999755859375,64.19000244140625,441347
2019-06-03T17:30,64.20999908447266,64.70999908447266,64.05000305175781,64.61000061035156,1561535
2019-06-04T13:30,64.58999633789062,64.72000122070312,63.310001373291016,63.459999084472656,705997
2019-06-04T15:30,63.470001220703125,63.86000061035156,63.41999816894531,63.790000915527344,375681
2019-06-04T17:30,63.790000915527344,64.62000274658203,63.77000045776367,64.5199966430664,1067941
2019-06-05T13:30,64.72000122070312,65.41999816894531,64.23999786376953,65.41000366210938,646542
2019-06-05T15:30,65.43000030517578,65.48999786376953,65.19000244140625,65.43000030517578,427367
2019-06-05T17:30,65.43000030517578,65.86000061035156,65.31999969482422,65.5199966430664,1252176
2019-06-06T13:30,65.5999984741211,65.86000061035156,65.33000183105469,65.58000183105469,589879
2019-06-06T15:30,65.58999633789062,65.91000366210938,65.37000274658203,65.88999938964844,836122
2019-06-06T17:30,65.9000015258789,66.11000061035156,65.83000183105469,65.9000015258789,1178690
2019-06-07T13:30,66.08000183105469,66.55999755859375,66.02999877929688,66.19999694824219,686818
2019-06-07T15:30,66.20999908447266,66.2699966430664,65.83000183105469,66.08999633789062,380669
2019-06-07T17:30,66.11000061035156,66.13999938964844,65.31999969482422,65.4000015258789,1684423
2019-06-10T13:30,65.30999755859375,65.33999633789062,64.66999816894531,65.06999969482422,731621
2019-06-10T15:30,65.05999755859375,65.16000366210938,64.8499984741211,64.91999816894531,432643
2019-06-10T17:30,64.91999816894531,64.93000030517578,64.63999938964844,64.80000305175781,1157273
2019-06-11T13:30,64.63999938964844,64.9800033569336,64.63999938964844,64.76000213623047,589601
2019-06-11T15:30,64.75,64.87999725341797,64.31999969482422,64.4000015258789,672864
2019-06-11T17:30,64.4000015258789,64.51000213623047,63.90999984741211,64.33000183105469,1150749
2019-06-12T13:30,64.69999694824219,65.19999694824219,64.69999694824219,65.11000061035156,804779
2019-06-12T15:30,65.11000061035156,65.26000213623047,64.98999786376953,65.04000091552734,488085
2019-06-12T17:30,65.04000091552734,65.12999725341797,64.87999725341797,65.0999984741211,1189282
2019-06-13T13:30,65.31999969482422,65.69000244140625,64.83999633789062,65.0999984741211,830560
2019-06-13T15:30,65.0999984741211,65.22000122070312,65.0199966430664,65.19999694824219,424781
2019-06-13T17:30,65.19999694824219,65.22000122070312,64.88999938964844,65.19000244140625,1096153
2019-06-14T13:30,65.19000244140625,65.69999694824219,65.16999816894531,65.63999938964844,1179650
2019-06-14T15:30,65.63999938964844,65.8499984741211,65.51000213623047,65.75,553217
2019-06-14T17:30,65.73999786376953,66.2300033569336,65.69999694824219,66,997959
2019-06-17T13:30,66.16999816894531,66.55000305175781,65.75,65.81999969482422,705128
2019-06-17T15:30,65.81999969482422,66.01000213623047,65.79000091552734,65.87999725341797,390572
2019-06-17T17:30,65.88999938964844,66.2300033569336,65.87000274658203,66.06999969482422,833892
2019-06-18T13:30,66.3499984741211,66.48999786376953,64.83999633789062,65.19000244140625,805182
2019-06-18T15:30,65.19999694824219,65.45999908447266,65.12000274658203,65.16000366210938,315152
2019-06-18T17:30,65.19000244140625,65.56999969482422,65.0999984741211,65.55000305175781,865472
2019-06-19T13:30,65.27999877929688,65.52999877929688,65.12000274658203,65.31999969482422,514258
2019-06-19T15:30,65.30999755859375,65.55999755859375,65.30999755859375,65.55999755859375,661323
2019-06-19T17:30,65.55000305175781,66.19999694824219,65.4800033569336,65.8499984741211,1085393
2019-06-20T13:30,66.20999908447266,66.62000274658203,65.87000274658203,66.11000061035156,754944
2019-06-20T15:30,66.12000274658203,66.37999725341797,65.98999786376953,66.36000061035156,292974
2019-06-20T17:30,66.37000274658203,66.73999786376953,66.18000030517578,66.54000091552734,909397
2019-06-21T13:30,66.58999633789062,66.61000061035156,66.08000183105469,66.54000091552734,1634658
2019-06-21T15:30,66.55000305175781,66.81999969482422,66.51000213623047,66.79000091552734,517571
2019-06-21T17:30,66.79000091552734,67.30999755859375,66.79000091552734,67.25,1916302
2019-06-24T13:30,67.33000183105469,67.56999969482422,67.02999877929688,67.55999755859375,872382
2019-06-24T15:30,67.55999755859375,67.70999908447266,67.51000213623047,67.58000183105469,690947
2019-06-24T17:30,67.58000183105469,67.5999984741211,67.37000274658203,67.54000091552734,1143390
2019-06-25T13:30,67.54000091552734,68.12000274658203,67.44000244140625,67.94000244140625,987946
2019-06-25T15:30,67.94999694824219,68.08999633789062,67.8499984741211,67.93000030517578,750156
2019-06-25T17:30,67.91999816894531,68.12000274658203,67.62000274658203,67.69999694824219,1649481
2019-06-26T13:30,67.5199966430664,67.56999969482422,66.66999816894531,66.69999694824219,862115
2019-06-26T15:30,66.68000030517578,66.81999969482422,66.52999877929688,66.55000305175781,551288
2019-06-26T17:30,66.55000305175781,66.66999816894531,66.05999755859375,66.0999984741211,1223084
2019-06-27T13:30,66.16000366210938,66.5199966430664,65.94000244140625,66.37999725341797,692930
2019-06-27T15:30,66.37999725341797,66.5199966430664,66.30999755859375,66.5,424582
2019-06-27T17:30,66.48999786376953,66.6500015258789,66.3499984741211,66.5199966430664,1234383
2019-06-28T13:30,66.4800033569336,66.97000122070312,66.22000122070312,66.30000305175781,516664
2019-06-28T15:30,66.30000305175781,66.5,66.18000030517578,66.47000122070312,398273
2019-06-28T17:30,66.45999908447266,66.48999786376953,66.05999755859375,66.2699966430664,1132566
2019-07-01T13:30,66.12000274658203,66.27999877929688,65.54000091552734,66.22000122070312,716287
2019-07-01T15:30,66.22000122070312,66.29000091552734,65.62999725341797,65.80000305175781,506798
2019-07-01T17:30,65.80000305175781,66.27999877929688,65.79000091552734,66.12999725341797,1165137
2019-07-02T13:30,66.23999786376953,66.91999816894531,66.2300033569336,66.56999969482422,400407
2019-07-02T15:30,66.55999755859375,66.80999755859375,66.52999877929688,66.72000122070312,284712
2019-07-02T17:30,66.72000122070312,67.19999694824219,66.69999694824219,66.97000122070312,874746
2019-07-03T13:30,67.01000213623047,67.87999725341797,67.01000213623047,67.69999694824219,593763
2019-07-03T15:30,67.69999694824219,68.05999755859375,67.5999984741211,67.69000244140625,1538207
2019-07-03T17:30,67.69000244140625,67.69000244140625,67.69000244140625,67.69000244140625,5400
2019-07-05T13:30,67.18000030517578,67.30999755859375,66.2699966430664,66.80000305175781,594902
2019-07-05T15:30,66.81999969482422,67.16999816894531,66.70999908447266,67.06999969482422,213517
2019-07-05T17:30,67.05999755859375,67.44000244140625,67.05999755859375,67.37000274658203,600502
2019-07-08T13:30,67.54000091552734,67.66000366210938,67.08999633789062,67.0999984741211,484322
2019-07-08T15:30,67.08999633789062,67.19999694824219,66.91000366210938,67.05000305175781,383524
2019-07-08T17:30,67.05000305175781,67.55999755859375,67.01000213623047,67.36000061035156,875610
2019-07-09T13:30,67.80000305175781,67.80999755859375,66.76000213623047,67.06999969482422,715100
2019-07-09T15:30,67.05999755859375,67.08999633789062,66.87999725341797,66.9800033569336,307007
2019-07-09T17:30,66.98999786376953,67.33000183105469,66.88999938964844,67.16999816894531,885773
2019-07-10T13:30,67.45999908447266,67.66999816894531,67.08999633789062,67.56999969482422,547945
2019-07-10T15:30,67.56999969482422,67.66000366210938,67.33999633789062,67.44000244140625,412788
2019-07-10T17:30,67.43000030517578,67.72000122070312,67.23999786376953,67.31999969482422,902435
2019-07-11T13:30,67.2300033569336,67.62999725341797,66.97000122070312,67.12000274658203,625306
2019-07-11T15:30,67.13999938964844,67.20999908447266,66.69999694824219,66.72000122070312,456547
2019-07-11T17:30,66.70999908447266,67.19999694824219,66.55999755859375,67.19000244140625,947513
2019-07-12T13:30,67.30000305175781,67.30000305175781,66.48999786376953,66.94999694824219,597181
2019-07-12T15:30,66.94000244140625,67.12999725341797,66.62000274658203,66.63999938964844,356371
2019-07-12T17:30,66.63999938964844,66.75,66.44000244140625,66.62999725341797,833141
2019-07-15T13:30,66.72000122070312,67.19999694824219,66.5199966430664,66.94999694824219,410460
2019-07-15T15:30,66.95999908447266,67.12000274658203,66.83999633789062,67.12000274658203,284378
2019-07-15T17:30,67.11000061035156,67.26000213623047,67.02999877929688,67.1500015258789,586177
2019-07-16T13:30,66.94000244140625,67.26000213623047,66.52999877929688,66.52999877929688,433797
2019-07-16T15:30,66.52999877929688,66.86000061035156,66.38999938964844,66.83999633789062,320609
2019-07-16T17:30,66.83000183105469,66.94000244140625,66.62000274658203,66.87999725341797,664090
2019-07-17T13:30,67.05000305175781,67.37999725341797,66.87999725341797,67.08999633789062,522485
2019-07-17T15:30,67.08999633789062,67.0999984741211,66.77999877929688,66.87000274658203,399353
2019-07-17T17:30,66.87000274658203,67.2300033569336,66.86000061035156,66.97000122070312,820012
2019-07-18T13:30,67.0199966430664,67.02999877929688,66.61000061035156,66.88999938964844,348137
2019-07-18T15:30,66.87000274658203,67.1500015258789,66.69999694824219,67.13999938964844,388104
2019-07-18T17:30,67.1500015258789,67.5,67.04000091552734,67.45999908447266,703979
2019-07-19T13:30,67.38999938964844,67.4800033569336,67.05999755859375,67.12000274658203,484442
2019-07-19T15:30,67.11000061035156,67.29000091552734,66.9000015258789,66.93000030517578,323443
2019-07-19T17:30,66.94000244140625,67.0199966430664,66.43000030517578,66.45999908447266,1083441
2019-07-22T13:30,66.55999755859375,66.62999725341797,66.02999877929688,66.16000366210938,570382
2019-07-22T15:30,66.16999816894531,66.30000305175781,65.98999786376953,66.2699966430664,390703
2019-07-22T17:30,66.2699966430664,66.47000122070312,65.98999786376953,66.22000122070312,716732
2019-07-23T13:30,66.22000122070312,66.29000091552734,65.70999908447266,65.98999786376953,735285
2019-07-23T15:30,66,66,65.7300033569336,65.73999786376953,553558
2019-07-23T17:30,65.73999786376953,66.02999877929688,65.63999938964844,65.8499984741211,897621
2019-07-24T13:30,66.06999969482422,66.08999633789062,65.23999786376953,65.33999633789062,691427
2019-07-24T15:30,65.33000183105469,65.56999969482422,65.31999969482422,65.37000274658203,298928
2019-07-24T17:30,65.37000274658203,65.56999969482422,65.20999908447266,65.4800033569336,1083277
2019-07-25T13:30,65.36000061035156,65.6500015258789,64.75,65.02999877929688,640715
2019-07-25T15:30,65.04000091552734,65.05999755859375,64.75,64.91999816894531,659198
2019-07-25T17:30,64.91999816894531,65.16000366210938,64.7300033569336,64.9800033569336,1116213
2019-07-26T13:30,64.9800033569336,65.41000366210938,64.80999755859375,65.23999786376953,1034236
2019-07-26T15:30,65.25,65.41999816894531,65.08999633789062,65.1500015258789,347638
2019-07-26T17:30,65.16000366210938,65.3499984741211,65.04000091552734,65.29000091552734,742145
2019-07-29T13:30,65.52999877929688,65.9800033569336,65.38999938964844,65.48999786376953,571038
2019-07-29T15:30,65.4800033569336,65.58000183105469,65.37000274658203,65.5,395391
2019-07-29T17:30,65.51000213623047,66.0199966430664,65.43000030517578,65.94999694824219,994902
2019-07-30T13:30,65.81999969482422,66.23999786376953,65.76000213623047,65.91000366210938,565846
2019-07-30T15:30,65.91000366210938,65.91000366210938,65.44999694824219,65.48999786376953,553644
2019-07-30T17:30,65.48999786376953,65.93000030517578,65.29000091552734,65.91000366210938,1316721
2019-07-31T13:30,65.8499984741211,65.9800033569336,65.55999755859375,65.63999938964844,597108
2019-07-31T15:30,65.63999938964844,65.87999725341797,65.5199966430664,65.80000305175781,323633
2019-07-31T17:30,65.79000091552734,65.81999969482422,64.83999633789062,65.1500015258789,1248597
2019-08-01T13:30,65.20999908447266,65.77999877929688,64.88999938964844,65.61000061035156,586652
2019-08-01T15:30,65.61000061035156,66.0199966430664,65.36000061035156,65.56999969482422,601605
2019-08-01T17:30,65.61000061035156,66.12000274658203,65.52999877929688,65.7300033569336,1544490
2019-08-02T13:30,65.98999786376953,66.58000183105469,65.7699966430664,66.27999877929688,780368
2019-08-02T15:30,66.29000091552734,66.55000305175781,66.1500015258789,66.23999786376953,450967
2019-08-02T17:30,66.23999786376953,66.66000366210938,66.0999984741211,66.19999694824219,950378
2019-08-05T13:30,66.4800033569336,66.75,66.06999969482422,66.25,875667
2019-08-05T15:30,66.26000213623047,66.31999969482422,65.70999908447266,65.73999786376953,502480
2019-08-05T17:30,65.7300033569336,65.79000091552734,65.01000213623047,65.33000183105469,1651218
2019-08-06T13:30,65.58000183105469,66.36000061035156,64.83999633789062,66.33999633789062,1196136
2019-08-06T15:30,66.33000183105469,66.68000030517578,65.91999816894531,66.62999725341797,596295
2019-08-06T17:30,66.62999725341797,67.18000030517578,66.55000305175781,66.80999755859375,1616683
2019-08-07T13:30,66.79000091552734,67.08000183105469,65.98999786376953,66.4800033569336,838868
2019-08-07T15:30,66.48999786376953,66.66999816894531,66.18000030517578,66.5999984741211,402414
2019-08-07T17:30,66.62000274658203,67.23999786376953,66.55999755859375,66.75,843438
2019-08-08T13:30,66.43000030517578,67.20999908447266,66.36000061035156,67.16999816894531,474746
2019-08-08T15:30,67.13999938964844,67.25,66.94000244140625,67.05000305175781,434395
2019-08-08T17:30,67.05999755859375,67.16999816894531,66.94000244140625,67.08999633789062,856531
2019-08-09T13:30,67.2300033569336,67.62000274658203,67.06999969482422,67.43000030517578,567318
2019-08-09T15:30,67.43000030517578,67.58999633789062,67.16000366210938,67.56999969482422,446519
2019-08-09T17:30,67.56999969482422,67.75,67.41999816894531,67.44999694824219,932681
2019-08-12T13:30,67.56999969482422,67.61000061035156,66.83999633789062,66.91999816894531,512247
2019-08-12T15:30,66.91999816894531,67.2699966430664,66.91999816894531,67.18000030517578,365712
2019-08-12T17:30,67.16999816894531,67.25,66.86000061035156,67.25,420534
2019-08-13T13:30,67.33999633789062,67.41999816894531,66.70999908447266,67.20999908447266,649380
2019-08-13T15:30,67.20999908447266,67.51000213623047,67.1500015258789,67.36000061035156,473057
2019-08-13T17:30,67.36000061035156,67.62999725341797,67.25,67.47000122070312,960405
2019-08-14T13:30,67.7300033569336,68.02999877929688,67.33000183105469,67.77999877929688,923935
2019-08-14T15:30,67.79000091552734,67.91000366210938,67.16000366210938,67.25,1005051
2019-08-14T17:30,67.25,67.33999633789062,66.5999984741211,66.72000122070312,1043868
2019-08-15T13:30,66.5999984741211,67.8499984741211,66.48999786376953,67.7300033569336,789881
2019-08-15T15:30,67.73999786376953,67.79000091552734,67.47000122070312,67.63999938964844,430143
2019-08-15T17:30,67.63999938964844,68.0199966430664,67.33999633789062,67.81999969482422,808011
2019-08-16T13:30,67.87999725341797,68.44999694824219,67.75,68.05999755859375,778477
2019-08-16T15:30,68.04000091552734,68.2300033569336,67.91999816894531,68.0999984741211,343738
2019-08-16T17:30,68.0999984741211,68.30000305175781,67.94000244140625,68.16000366210938,660627
2019-08-19T13:30,68.0999984741211,68.9800033569336,67.8499984741211,68.79000091552734,813106
2019-08-19T15:30,68.79000091552734,69.08999633789062,68.7300033569336,69.05000305175781,410525
2019-08-19T17:30,69.04000091552734,69.19000244140625,68.80999755859375,68.83000183105469,901482
2019-08-20T13:30,69.12000274658203,69.45999908447266,68.8499984741211,69.3499984741211,1061045
2019-08-20T15:30,69.36000061035156,69.51000213623047,69.22000122070312,69.38999938964844,549472
2019-08-20T17:30,69.38999938964844,69.4000015258789,69.02999877929688,69.23999786376953,1465938
2019-08-21T13:30,68.69999694824219,69.01000213623047,68.4000015258789,68.55000305175781,971530
2019-08-21T15:30,68.54000091552734,69.1500015258789,68.54000091552734,69.1500015258789,463576
2019-08-21T17:30,69.13999938964844,69.31999969482422,68.81999969482422,69.29000091552734,1051145
2019-08-22T13:30,69.26000213623047,69.94000244140625,68.72000122070312,68.87000274658203,560554
2019-08-22T15:30,68.87999725341797,69.2699966430664,68.86000061035156,69.19999694824219,284788
2019-08-22T17:30,69.19000244140625,69.45999908447266,69.13999938964844,69.36000061035156,658620
2019-08-23T13:30,69.44000244140625,69.61000061035156,68.86000061035156,69.30000305175781,637523
2019-08-23T15:30,69.26000213623047,69.33999633789062,69.01000213623047,69.18000030517578,356867
2019-08-23T17:30,69.18000030517578,69.38999938964844,68.54000091552734,68.95999908447266,1176536
2019-08-26T13:30,69.05000305175781,69.33000183105469,68.7699966430664,69.12000274658203,518175
2019-08-26T15:30,69.11000061035156,69.18000030517578,68.94999694824219,69.0199966430664,343809
2019-08-26T17:30,69.02999877929688,69.38999938964844,68.91000366210938,69.37999725341797,811275
2019-08-27T13:30,69.69000244140625,70.0999984741211,69.5999984741211,69.93000030517578,659066
2019-08-27T15:30,69.93000030517578,70.31999969482422,69.9000015258789,70.2699966430664,982022
2019-08-27T17:30,70.26000213623047,70.5,69.91000366210938,69.97000122070312,1441045
2019-08-28T13:30,70.16999816894531,70.7300033569336,70.05999755859375,70.30000305175781,781644
2019-08-28T15:30,70.29000091552734,70.29000091552734,69.77999877929688,70.0199966430664,554392
2019-08-28T17:30,70.0199966430664,70.12999725341797,69.91000366210938,70.08000183105469,861745
2019-08-29T13:30,70.43000030517578,70.43000030517578,69.5,69.79000091552734,700649
2019-08-29T15:30,69.80000305175781,70.29000091552734,69.80000305175781,70.08000183105469,422572
2019-08-29T17:30,70.08999633789062,70.47000122070312,70.05999755859375,70.43000030517578,841616
2019-08-30T13:30,70.62000274658203,70.87999725341797,70.31999969482422,70.37000274658203,519965
2019-08-30T15:30,70.37000274658203,70.72000122070312,70.36000061035156,70.58999633789062,255025
2019-08-30T17:30,70.58000183105469,70.62999725341797,70.36000061035156,70.36000061035156,776464
2019-09-03T13:30,70.23999786376953,70.72000122070312,70.11000061035156,70.58999633789062,549794
2019-09-03T15:30,70.58000183105469,70.93000030517578,70.5,70.91000366210938,292278
2019-09-03T17:30,70.91999816894531,71.16000366210938,70.7699966430664,71.12999725341797,888343
2019-09-04T13:30,71.30000305175781,71.51000213623047,70.79000091552734,71.26000213623047,513101
2019-09-04T15:30,71.26000213623047,71.4800033569336,71.18000030517578,71.27999877929688,443509
2019-09-04T17:30,71.29000091552734,71.44000244140625,70.83999633789062,71.3499984741211,791362
2019-09-05T13:30,71,71.26000213623047,70.47000122070312,70.9000015258789,770766
2019-09-05T15:30,70.88999938964844,71.1500015258789,70.87999725341797,71.08999633789062,469282
2019-09-05T17:30,71.08999633789062,71.12000274658203,70.7300033569336,70.93000030517578,874696
2019-09-06T13:30,71.0999984741211,71.5999984741211,70.9000015258789,71.37000274658203,723830
2019-09-06T15:30,71.37000274658203,71.44000244140625,71.26000213623047,71.29000091552734,429941
2019-09-06T17:30,71.27999877929688,71.33999633789062,70.91999816894531,71.22000122070312,1041728
2019-09-09T13:30,71.04000091552734,71.16000366210938,70.68000030517578,70.72000122070312,618521
2019-09-09T15:30,70.70999908447266,71.26000213623047,70.69000244140625,71.12000274658203,441535
2019-09-09T17:30,71.12000274658203,71.25,70.80999755859375,71.16000366210938,1026644
2019-09-10T13:30,70.80999755859375,71.58000183105469,70.80000305175781,71.25,747553
2019-09-10T15:30,71.23999786376953,71.79000091552734,71.04000091552734,71.47000122070312,520736
2019-09-10T17:30,71.47000122070312,71.47000122070312,71.0199966430664,71.33999633789062,1499070
2019-09-11T13:30,71.02999877929688,71.55000305175781,70.80999755859375,71.23999786376953,641479
2019-09-11T15:30,71.23999786376953,71.55999755859375,71.22000122070312,71.51000213623047,684251
2019-09-11T17:30,71.5199966430664,71.79000091552734,71.26000213623047,71.75,891619
2019-09-12T13:30,72.26000213623047,72.66999816894531,72.13999938964844,72.41999816894531,887338
2019-09-12T15:30,72.41999816894531,72.41999816894531,71.91999816894531,72.02999877929688,391955
2019-09-12T17:30,72.04000091552734,72.19999694824219,71.88999938964844,72.11000061035156,686132
2019-09-13T13:30,71.75,72.13999938964844,71.44000244140625,71.81999969482422,633797
2019-09-13T15:30,71.8499984741211,71.8499984741211,71.29000091552734,71.36000061035156,471657
2019-09-13T17:30,71.37999725341797,71.41000366210938,71.12000274658203,71.30000305175781,1105401
2019-09-16T13:30,71.25,71.36000061035156,70.58999633789062,70.62999725341797,825875
2019-09-16T15:30,70.6500015258789,70.75,70.41999816894531,70.47000122070312,529203
2019-09-16T17:30,70.47000122070312,70.94000244140625,70.45999908447266,70.70999908447266,1108179
2019-09-17T13:30,70.87000274658203,71.52999877929688,70.80999755859375,71.02999877929688,837671
2019-09-17T15:30,71.02999877929688,71.05000305175781,70.73999786376953,70.83000183105469,593058
2019-09-17T17:30,70.83000183105469,71.3499984741211,70.83000183105469,71.27999877929688,941853
2019-09-18T13:30,71.5999984741211,71.88999938964844,71.2699966430664,71.81999969482422,873667
2019-09-18T15:30,71.81999969482422,71.8499984741211,71.56999969482422,71.7300033569336,348617
2019-09-18T17:30,71.75,71.77999877929688,71.01000213623047,71.56999969482422,1100440
2019-09-19T13:30,71.7300033569336,71.80000305175781,71.19000244140625,71.41000366210938,376312
2019-09-19T15:30,71.41999816894531,71.69999694824219,71.3499984741211,71.63999938964844,312456
2019-09-19T17:30,71.66000366210938,71.80000305175781,71.51000213623047,71.73999786376953,803410
2019-09-20T13:30,72.30000305175781,72.30000305175781,71.55999755859375,72.06999969482422,1752198
2019-09-20T15:30,72.08000183105469,72.33999633789062,72.01000213623047,72.13999938964844,546719
2019-09-20T17:30,72.16000366210938,72.47000122070312,72.05999755859375,72.30999755859375,1272960
2019-09-23T13:30,72.36000061035156,72.5199966430664,72.19999694824219,72.33999633789062,430752
2019-09-23T15:30,72.36000061035156,72.63999938964844,72.25,72.62999725341797,278611
2019-09-23T17:30,72.62999725341797,72.68000030517578,72.4000015258789,72.44999694824219,853838
2019-09-24T13:30,72.63999938964844,73.5,72.55000305175781,73.36000061035156,895152
2019-09-24T15:30,73.36000061035156,73.4000015258789,72.97000122070312,73.05000305175781,467389
2019-09-24T17:30,73.05000305175781,73.43000030517578,72.98999786376953,73.12000274658203,1073683
2019-09-25T13:30,73.02999877929688,73.37000274658203,72.87999725341797,73.06999969482422,710110
2019-09-25T15:30,73.06999969482422,73.22000122070312,72.73999786376953,72.8499984741211,409068
2019-09-25T17:30,72.86000061035156,72.95999908447266,72.69000244140625,72.9000015258789,929673
2019-09-26T13:30,72.9000015258789,73.1500015258789,72.80000305175781,72.98999786376953,325040
2019-09-26T15:30,72.98999786376953,73.23999786376953,72.94000244140625,73.23999786376953,263660
2019-09-26T17:30,73.23999786376953,73.36000061035156,72.9800033569336,73.05999755859375,711750
2019-09-27T13:30,73.12000274658203,73.16999816894531,72.69999694824219,73.12000274658203,441403
2019-09-27T15:30,73.12000274658203,73.23999786376953,72.7699966430664,72.9000015258789,357503
2019-09-27T17:30,72.9000015258789,73.12000274658203,72.63999938964844,73.12000274658203,819694
2019-09-30T13:30,73.08000183105469,73.2699966430664,72.7699966430664,72.97000122070312,365296
2019-09-30T15:30,72.97000122070312,73.04000091552734,72.83000183105469,72.8499984741211,381820
2019-09-30T17:30,72.8499984741211,72.98999786376953,72.58000183105469,72.79000091552734,1046275
2019-10-01T13:30,72.56999969482422,72.81999969482422,72.31999969482422,72.66999816894531,529205
2019-10-01T15:30,72.66999816894531,72.70999908447266,72.44000244140625,72.66000366210938,247874
2019-10-01T17:30,72.66000366210938,73.05000305175781,72.6500015258789,73.02999877929688,826752
2019-10-02T13:30,73.05000305175781,73.16000366210938,72.16999816894531,72.30999755859375,653570
2019-10-02T15:30,72.30999755859375,72.36000061035156,71.87000274658203,72.05999755859375,592457
2019-10-02T17:30,72.05999755859375,72.22000122070312,71.83999633789062,71.94000244140625,963050
2019-10-03T13:30,72.13999938964844,72.5999984741211,71.95999908447266,72.30000305175781,815821
2019-10-03T15:30,72.30000305175781,72.36000061035156,72.11000061035156,72.11000061035156,353077
2019-10-03T17:30,72.11000061035156,72.23999786376953,71.94999694824219,72.2300033569336,772511
2019-10-04T13:30,72.48999786376953,73.37999725341797,72.37000274658203,73.06999969482422,1094697
2019-10-04T15:30,73.08999633789062,73.37000274658203,73.08000183105469,73.23999786376953,350856
2019-10-04T17:30,73.26000213623047,73.94000244140625,73.25,73.77999877929688,1136060
2019-10-07T13:30,73.45999908447266,73.54000091552734,73.19999694824219,73.47000122070312,449052
2019-10-07T15:30,73.5,73.73999786376953,73.48999786376953,73.69999694824219,315920
2019-10-07T17:30,73.69999694824219,73.83999633789062,73.55000305175781,73.58999633789062,935805
2019-10-08T13:30,73.58000183105469,73.69999694824219,72.9800033569336,73.12000274658203,600447
2019-10-08T15:30,73.11000061035156,73.4000015258789,73.05999755859375,73.37000274658203,337478
2019-10-08T17:30,73.37000274658203,73.45999908447266,72.88999938964844,72.95999908447266,1036183
2019-10-09T13:30,73.11000061035156,73.31999969482422,72.9000015258789,72.9800033569336,812186
2019-10-09T15:30,72.98999786376953,73.05999755859375,72.87000274658203,73.0199966430664,566414
2019-10-09T17:30,73.0199966430664,73.25,72.87000274658203,72.93000030517578,919897
2019-10-10T13:30,72.80000305175781,73.08999633789062,72.5199966430664,73.05999755859375,479243
2019-10-10T15:30,73.05999755859375,73.16000366210938,72.91999816894531,73.08999633789062,354391
2019-10-10T17:30,73.08999633789062,73.23999786376953,72.93000030517578,73.11000061035156,1069503
2019-10-11T13:30,73.12000274658203,73.12000274658203,72.4800033569336,73.06999969482422,699892
2019-10-11T15:30,73.06999969482422,73.3499984741211,72.95999908447266,73.19000244140625,497264
2019-10-11T17:30,73.19999694824219,73.29000091552734,72.83000183105469,72.86000061035156,866661
2019-10-14T13:30,73.0199966430664,73.0199966430664,72.30000305175781,72.5199966430664,567766
2019-10-14T15:30,72.5,72.5199966430664,72.01000213623047,72.11000061035156,443972
2019-10-14T17:30,72.11000061035156,72.4000015258789,72.08000183105469,72.2300033569336,667106
2019-10-15T13:30,72.25,72.48999786376953,71.87999725341797,72.26000213623047,519989
2019-10-15T15:30,72.2300033569336,72.26000213623047,72.0199966430664,72.05000305175781,296673
2019-10-15T17:30,72.04000091552734,72.27999877929688,71.93000030517578,72.12999725341797,847972
2019-10-16T13:30,71.93000030517578,72.05000305175781,71.69000244140625,72,443631
2019-10-16T15:30,72.01000213623047,72.13999938964844,71.94000244140625,72.04000091552734,288778
2019-10-16T17:30,72.04000091552734,72.25,71.83999633789062,72.2300033569336,917471
2019-10-17T13:30,72.22000122070312,72.4800033569336,72.12999725341797,72.1500015258789,499527
2019-10-17T15:30,72.16000366210938,72.5999984741211,72.08999633789062,72.41000366210938,357503
2019-10-17T17:30,72.41999816894531,72.55000305175781,72.26000213623047,72.2699966430664,560696
2019-10-18T13:30,72.0999984741211,72.27999877929688,71.76000213623047,72.16999816894531,801669
2019-10-18T15:30,72.16999816894531,72.36000061035156,72.13999938964844,72.30000305175781,276119
2019-10-18T17:30,72.30000305175781,72.58000183105469,72.2300033569336,72.37999725341797,998357
2019-10-21T13:30,72.23999786376953,72.4000015258789,71.87999725341797,72.20999908447266,402937
2019-10-21T15:30,72.20999908447266,72.2699966430664,71.98999786376953,72.18000030517578,272278
2019-10-21T17:30,72.16999816894531,72.44000244140625,72.08000183105469,72.37999725341797,568023
2019-10-22T13:30,72.5199966430664,72.5199966430664,72.20999908447266,72.48999786376953,380270
2019-10-22T15:30,72.4800033569336,72.58000183105469,72.30000305175781,72.58000183105469,354550
2019-10-22T17:30,72.58000183105469,72.5999984741211,72.19999694824219,72.37999725341797,840315
2019-10-23T13:30,72.54000091552734,72.80000305175781,72.41000366210938,72.55000305175781,563697
2019-10-23T15:30,72.55000305175781,72.62000274658203,72.33999633789062,72.48999786376953,262132
2019-10-23T17:30,72.48999786376953,73.02999877929688,72.47000122070312,73,925481
2019-10-24T13:30,72.93000030517578,73.1500015258789,72.86000061035156,73.1500015258789,358968
2019-10-24T15:30,73.1500015258789,73.2699966430664,73.05999755859375,73.19000244140625,231427
2019-10-24T17:30,73.18000030517578,73.19999694824219,72.9000015258789,72.94999694824219,543657
2019-10-25T13:30,73.0999984741211,73.16999816894531,72.45999908447266,72.62999725341797,421260
2019-10-25T15:30,72.61000061035156,72.69000244140625,72.33999633789062,72.37000274658203,319443
2019-10-25T17:30,72.36000061035156,72.55000305175781,72.12999725341797,72.44999694824219,673632
2019-10-28T13:30,72.16000366210938,72.30000305175781,71.87999725341797,72.2300033569336,541554
2019-10-28T15:30,72.2300033569336,72.33000183105469,71.91999816894531,71.95999908447266,423365
2019-10-28T17:30,71.94999694824219,72.01000213623047,71.29000091552734,71.44000244140625,1181195
2019-10-29T13:30,71.22000122070312,71.33000183105469,70.87000274658203,71.05000305175781,626199
2019-10-29T15:30,71.05000305175781,71.19999694824219,70.97000122070312,71.01000213623047,383001
2019-10-29T17:30,71.0199966430664,71.16999816894531,70.87999725341797,71,1092066
2019-10-30T13:30,71.11000061035156,71.51000213623047,71.02999877929688,71.45999908447266,347015
2019-10-30T15:30,71.45999908447266,71.66000366210938,71.26000213623047,71.29000091552734,242044
2019-10-30T17:30,71.30000305175781,71.6500015258789,70.94000244140625,71.37999725341797,777370
2019-10-31T13:30,71.30000305175781,71.70999908447266,71.05999755859375,71.31999969482422,508528
2019-10-31T15:30,71.30999755859375,71.45999908447266,71.19000244140625,71.38999938964844,329343
2019-10-31T17:30,71.38999938964844,71.58999633789062,71.25,71.55999755859375,906262
2019-11-01T13:30,71.5999984741211,71.79000091552734,71.20999908447266,71.38999938964844,467726
2019-11-01T15:30,71.4000015258789,71.5999984741211,71.29000091552734,71.37999725341797,450537
2019-11-01T17:30,71.37999725341797,71.68000030517578,71.27999877929688,71.66999816894531,996761
2019-11-04T14:30,71.62999725341797,71.69999694824219,71.23999786376953,71.2699966430664,729118
2019-11-04T16:30,71.26000213623047,71.27999877929688,71.02999877929688,71.08999633789062,393303
2019-11-04T18:30,71.08000183105469,71.22000122070312,70.66000366210938,71.0999984741211,1265702
2019-11-05T14:30,70.69000244140625,70.97000122070312,70.16000366210938,70.58000183105469,836681
2019-11-05T16:30,70.58000183105469,70.83999633789062,70.56999969482422,70.75,390199
2019-11-05T18:30,70.75,71.05999755859375,70.58999633789062,70.73999786376953,1063352
2019-11-06T14:30,70.7699966430664,71.13999938964844,70.69000244140625,70.77999877929688,450256
2019-11-06T16:30,70.7699966430664,71.02999877929688,70.66000366210938,71.0199966430664,326004
2019-11-06T18:30,71.01000213623047,71.12999725341797,70.8499984741211,70.91000366210938,639675
2019-11-07T14:30,70.62000274658203,70.8499984741211,69.98999786376953,70.12999725341797,780747
2019-11-07T16:30,70.12000274658203,70.33999633789062,69.66999816894531,69.94000244140625,859034
2019-11-07T18:30,69.94000244140625,70.44999694824219,69.91999816894531,70.30999755859375,1128792
2019-11-08T14:30,69.62999725341797,69.69000244140625,67.97000122070312,68.05000305175781,2247553
2019-11-08T16:30,68.05000305175781,68.19000244140625,67.75,68.01000213623047,1030272
2019-11-08T18:30,68.0199966430664,68.58999633789062,67.97000122070312,68.29000091552734,2122720
2019-11-11T14:30,68.31999969482422,68.33999633789062,66.75,67.08999633789062,1616956
2019-11-11T16:30,67.08999633789062,67.11000061035156,66.56999969482422,66.66999816894531,1131565
2019-11-11T18:30,66.66000366210938,66.76000213623047,66.41999816894531,66.5199966430664,1686700
2019-11-12T14:30,66.66999816894531,66.9000015258789,66.33999633789062,66.54000091552734,1098071
2019-11-12T16:30,66.5199966430664,66.55000305175781,66.23999786376953,66.38999938964844,556171
2019-11-12T18:30,66.4000015258789,66.5999984741211,66.29000091552734,66.48999786376953,1780086
2019-11-13T14:30,66.81999969482422,67.2300033569336,66.30000305175781,67,2284479
2019-11-13T16:30,67,67.19000244140625,66.93000030517578,67.0999984741211,892171
2019-11-13T18:30,67.08999633789062,67.33999633789062,67.05999755859375,67.2300033569336,1813805
2019-11-14T14:30,67.30999755859375,68.16999816894531,67.16999816894531,68.01000213623047,1062154
2019-11-14T16:30,68.01000213623047,68.05999755859375,67.73999786376953,67.76000213623047,917522
2019-11-14T18:30,67.7699966430664,67.8499984741211,67.62000274658203,67.75,1260746
2019-11-15T14:30,68.02999877929688,68.08999633789062,67.61000061035156,67.98999786376953,1127318
2019-11-15T16:30,68,68.01000213623047,67.83999633789062,67.93000030517578,453997
2019-11-15T18:30,67.94000244140625,68.05999755859375,67.83000183105469,67.98999786376953,1180573
2019-11-18T14:30,68.2300033569336,68.86000061035156,68.16999816894531,68.68000030517578,852922
2019-11-18T16:30,68.68000030517578,68.81999969482422,68.58000183105469,68.62999725341797,514085
2019-11-18T18:30,68.62999725341797,68.66000366210938,67.86000061035156,68.02999877929688,1467348
2019-11-19T14:30,66.80999755859375,67.12999725341797,66.41000366210938,66.8499984741211,7455989
2019-11-19T16:30,66.8499984741211,67,66.54000091552734,66.83000183105469,2064998
2019-11-19T18:30,66.83999633789062,67.12000274658203,66.7699966430664,66.77999877929688,4450224
2019-11-20T14:30,66.75,67.23999786376953,66.75,66.9800033569336,2187603
2019-11-20T16:30,66.97000122070312,66.98999786376953,66.41000366210938,66.91999816894531,1272878
2019-11-20T18:30,66.91999816894531,67.11000061035156,66.81999969482422,66.87000274658203,1732991
2019-11-21T14:30,67.19000244140625,67.19999694824219,66.33999633789062,66.80000305175781,2138702
2019-11-21T16:30,66.80000305175781,66.87000274658203,66.36000061035156,66.37999725341797,1363697
2019-11-21T18:30,66.37999725341797,66.69000244140625,66.33999633789062,66.51000213623047,2210717
2019-11-22T14:30,66.97000122070312,67.02999877929688,66.27999877929688,66.58000183105469,1648436
2019-11-22T16:30,66.58000183105469,66.73999786376953,66.37999725341797,66.6500015258789,700962
2019-11-22T18:30,66.63999938964844,67.02999877929688,66.61000061035156,66.88999938964844,1671485
2019-11-25T14:30,66.93000030517578,67.25,66.56999969482422,66.9800033569336,1022374
2019-11-25T16:30,66.97000122070312,67.16000366210938,66.91999816894531,67.06999969482422,688916
2019-11-25T18:30,67.08000183105469,67.29000091552734,67.05000305175781,67.25,1721409
2019-11-26T14:30,67.13999938964844,67.79000091552734,67.12000274658203,67.70999908447266,1187516
2019-11-26T16:30,67.69999694824219,67.8499984741211,67.63999938964844,67.68000030517578,934188
2019-11-26T18:30,67.68000030517578,67.86000061035156,67.43000030517578,67.69999694824219,1860662
2019-11-27T14:30,67.63999938964844,67.94999694824219,67.55999755859375,67.87999725341797,866128
2019-11-27T16:30,67.88999938964844,68.05999755859375,67.76000213623047,67.88999938964844,465275
2019-11-27T18:30,67.9000015258789,68.13999938964844,67.81999969482422,67.9800033569336,1319774
2019-11-29T14:30,68.01000213623047,68.26000213623047,67.41000366210938,67.48999786376953,449616
2019-11-29T16:30,67.5,67.93000030517578,67.45999908447266,67.70999908447266,1234171
2019-11-29T18:30,67.54000091552734,67.66999816894531,67.52999877929688,67.66999816894531,4226
2019-12-02T14:30,67.44000244140625,67.66999816894531,67.2300033569336,67.61000061035156,1178373
2019-12-02T16:30,67.61000061035156,67.66999816894531,67.16000366210938,67.26000213623047,460944
2019-12-02T18:30,67.2699966430664,67.38999938964844,66.97000122070312,67,1347321
2019-12-03T14:30,67.16000366210938,67.4000015258789,66.88999938964844,67.16999816894531,684920
2019-12-03T16:30,67.16999816894531,67.4000015258789,67.0999984741211,67.37000274658203,761959
2019-12-03T18:30,67.37000274658203,67.48999786376953,67.27999877929688,67.44000244140625,1421841
2019-12-04T14:30,67.43000030517578,68.36000061035156,67.43000030517578,68.31999969482422,969047
2019-12-04T16:30,68.31999969482422,68.33999633789062,68.12000274658203,68.19000244140625,512299
2019-12-04T18:30,68.19000244140625,68.4000015258789,68.1500015258789,68.26000213623047,1341772
2019-12-05T14:30,68.19999694824219,68.36000061035156,68,68.36000061035156,950051
2019-12-05T16:30,68.36000061035156,68.4800033569336,68.22000122070312,68.33000183105469,433673
2019-12-05T18:30,68.33000183105469,68.56999969482422,68.29000091552734,68.55999755859375,949495
2019-12-06T14:30,68.4800033569336,68.83000183105469,68.31999969482422,68.81999969482422,639948
2019-12-06T16:30,68.81999969482422,68.86000061035156,68.61000061035156,68.66999816894531,366382
2019-12-06T18:30,68.68000030517578,69.02999877929688,68.62999725341797,68.91000366210938,1228178
2019-12-09T14:30,68.94999694824219,68.97000122070312,68.55000305175781,68.81999969482422,582134
2019-12-09T16:30,68.80000305175781,68.80000305175781,68.61000061035156,68.61000061035156,359630
2019-12-09T18:30,68.61000061035156,68.69999694824219,68.45999908447266,68.5199966430664,945143
2019-12-10T14:30,68.5,68.6500015258789,68.18000030517578,68.29000091552734,616338
2019-12-10T16:30,68.30000305175781,68.45999908447266,68.27999877929688,68.37000274658203,375234
2019-12-10T18:30,68.37999725341797,68.5,68.19999694824219,68.31999969482422,755646
2019-12-11T14:30,68.44999694824219,68.58999633789062,68.16000366210938,68.23999786376953,788263
2019-12-11T16:30,68.23999786376953,68.36000061035156,68.08999633789062,68.08999633789062,456061
2019-12-11T18:30,68.0999984741211,68.44000244140625,68.05999755859375,68.30999755859375,1044764
2019-12-12T14:30,68.29000091552734,68.80999755859375,68.2300033569336,68.68000030517578,1100613
2019-12-12T16:30,68.69000244140625,68.8499984741211,68.62999725341797,68.83000183105469,763157
2019-12-12T18:30,68.81999969482422,68.91999816894531,68.58000183105469,68.75,1603705
2019-12-13T14:30,68.55000305175781,69.16999816894531,68.44000244140625,69.16000366210938,1395297
2019-12-13T16:30,69.16000366210938,69.25,69.05000305175781,69.20999908447266,663374
2019-12-13T18:30,69.20999908447266,69.41000366210938,69.1500015258789,69.16999816894531,1324804
2019-12-16T14:30,69.6500015258789,69.68000030517578,68.6500015258789,68.91999816894531,1070415
2019-12-16T16:30,68.91999816894531,69.3499984741211,68.87000274658203,68.98999786376953,1030584
2019-12-16T18:30,68.9800033569336,69.48999786376953,68.95999908447266,69.44000244140625,1369174
2019-12-17T14:30,69.37999725341797,70.2300033569336,69.16999816894531,69.88999938964844,963870
2019-12-17T16:30,69.9000015258789,69.94000244140625,69.5199966430664,69.62000274658203,443142
2019-12-17T18:30,69.62999725341797,69.76000213623047,69.5,69.5,915105
2019-12-18T14:30,69.61000061035156,69.7699966430664,69.27999877929688,69.48999786376953,928620
2019-12-18T16:30,69.48999786376953,69.70999908447266,69.37000274658203,69.61000061035156,727571
2019-12-18T18:30,69.61000061035156,69.73999786376953,69.37000274658203,69.54000091552734,1287533
2019-12-19T14:30,69.4800033569336,69.6500015258789,68.68000030517578,68.72000122070312,1342298
2019-12-19T16:30,68.70999908447266,68.94999694824219,68.62000274658203,68.94000244140625,1028666
2019-12-19T18:30,68.94999694824219,69.20999908447266,68.9000015258789,69,1337728
2019-12-20T14:30,69.25,69.30999755859375,68.87999725341797,69.19000244140625,1549072
2019-12-20T16:30,69.19999694824219,69.41000366210938,69.18000030517578,69.37999725341797,429932
2019-12-20T18:30,69.37999725341797,69.77999877929688,69.22000122070312,69.5199966430664,1347025
2019-12-23T14:30,69.55000305175781,69.75,69.22000122070312,69.30999755859375,633663
2019-12-23T16:30,69.30999755859375,69.3499984741211,68.77999877929688,69,516705
2019-12-23T18:30,69,69.20999908447266,68.94000244140625,69.18000030517578,919419
2019-12-24T14:30,69.1500015258789,69.47000122070312,68.87000274658203,69.30999755859375,425375
2019-12-24T16:30,69.30999755859375,69.3499984741211,69.18000030517578,69.25,489979
2019-12-24T18:30,69.4000015258789,69.4000015258789,69.4000015258789,69.4000015258789,236
2019-12-26T14:30,69.08000183105469,69.37999725341797,69.04000091552734,69.20999908447266,325757
2019-12-26T16:30,69.20999908447266,69.4800033569336,69.11000061035156,69.33000183105469,275950
2019-12-26T18:30,69.31999969482422,69.38999938964844,69.13999938964844,69.38999938964844,465835
2019-12-27T14:30,69.43000030517578,69.76000213623047,69.25,69.62999725341797,310120
2019-12-27T16:30,69.63999938964844,69.68000030517578,69.44999694824219,69.58000183105469,220361
2019-12-27T18:30,69.56999969482422,69.83999633789062,69.5,69.80999755859375,754275
2019-12-30T14:30,69.54000091552734,69.87999725341797,69.43000030517578,69.4800033569336,512040
2019-12-30T16:30,69.48999786376953,69.5999984741211,69.44999694824219,69.5199966430664,345611
2019-12-30T18:30,69.51000213623047,69.72000122070312,69.51000213623047,69.69000244140625,729528
2019-12-31T14:30,69.76000213623047,69.91999816894531,69.63999938964844,69.76000213623047,509516
2019-12-31T16:30,69.75,69.83000183105469,69.56999969482422,69.56999969482422,316218
2019-12-31T18:30,69.56999969482422,70.02999877929688,69.55000305175781,69.97000122070312,747717
2020-01-02T14:30,70.08000183105469,70.44000244140625,69.62000274658203,69.63999938964844,761572
2020-01-02T16:30,69.63999938964844,69.69999694824219,69.0999984741211,69.19999694824219,741642
2020-01-02T18:30,69.19000244140625,69.4000015258789,69.13999938964844,69.33999633789062,1148785
2020-01-03T14:30,69.25,69.9000015258789,69.19000244140625,69.63999938964844,592154
2020-01-03T16:30,69.62999725341797,69.7699966430664,69.56999969482422,69.66000366210938,433101
2020-01-03T18:30,69.6500015258789,69.66999816894531,69.27999877929688,69.38999938964844,740079
2020-01-06T14:30,69.37999725341797,69.66999816894531,69.30999755859375,69.37000274658203,495901
2020-01-06T16:30,69.37000274658203,69.87000274658203,69.33999633789062,69.83999633789062,407806
2020-01-06T18:30,69.83999633789062,69.87000274658203,69.55999755859375,69.70999908447266,773733
2020-01-07T14:30,69.76000213623047,69.76000213623047,68.94999694824219,69.30000305175781,629096
2020-01-07T16:30,69.30000305175781,69.30000305175781,68.98999786376953,69.04000091552734,367054
2020-01-07T18:30,69.04000091552734,69.30999755859375,69,69.27999877929688,890704
2020-01-08T14:30,69.43000030517578,69.55999755859375,69.05000305175781,69.3499984741211,624321
2020-01-08T16:30,69.3499984741211,69.58000183105469,69.30999755859375,69.48999786376953,447999
2020-01-08T18:30,69.5,69.73999786376953,69.37000274658203,69.38999938964844,838033
2020-01-09T14:30,69.27999877929688,69.5199966430664,69.13999938964844,69.43000030517578,450287
2020-01-09T16:30,69.41999816894531,69.62000274658203,69.33999633789062,69.51000213623047,284832
2020-01-09T18:30,69.51000213623047,69.68000030517578,69.45999908447266,69.55000305175781,796851
2020-01-10T14:30,69.75,70.0199966430664,69.6500015258789,69.80999755859375,822411
2020-01-10T16:30,69.80999755859375,69.83999633789062,69.55000305175781,69.63999938964844,450529
2020-01-10T18:30,69.63999938964844,69.63999938964844,69.36000061035156,69.41000366210938,1111830
2020-01-13T14:30,69.45999908447266,70.11000061035156,69.45999908447266,69.91000366210938,516112
2020-01-13T16:30,69.91000366210938,70.04000091552734,69.83000183105469,69.88999938964844,294789
2020-01-13T18:30,69.88999938964844,70.2699966430664,69.83000183105469,70.02999877929688,1158136
2020-01-14T14:30,69.97000122070312,70.18000030517578,69.5999984741211,69.66000366210938,537091
2020-01-14T16:30,69.6500015258789,69.77999877929688,69.45999908447266,69.68000030517578,396873
2020-01-14T18:30,69.66999816894531,70.06999969482422,69.55999755859375,70.05999755859375,1061460
2020-01-15T14:30,70.26000213623047,70.68000030517578,70.12000274658203,70.68000030517578,503460
2020-01-15T16:30,70.66999816894531,70.91000366210938,70.66999816894531,70.9000015258789,448788
2020-01-15T18:30,70.9000015258789,71.05999755859375,70.83000183105469,71.0199966430664,858712
2020-01-16T14:30,71.19999694824219,71.5,71.12999725341797,71.41999816894531,517879
2020-01-16T16:30,71.43000030517578,71.61000061035156,71.38999938964844,71.47000122070312,367129
2020-01-16T18:30,71.45999908447266,71.69999694824219,71.37999725341797,71.5199966430664,1240543
2020-01-17T14:30,71.48999786376953,71.80999755859375,71.36000061035156,71.69000244140625,889437
2020-01-17T16:30,71.69000244140625,71.94999694824219,71.62000274658203,71.86000061035156,386875
2020-01-17T18:30,71.87999725341797,72.08999633789062,71.86000061035156,71.94000244140625,967447
2020-01-21T14:30,72.1500015258789,72.33000183105469,71.79000091552734,72.27999877929688,494597
2020-01-21T16:30,72.27999877929688,72.44000244140625,72.12999725341797,72.33999633789062,363226
2020-01-21T18:30,72.33000183105469,72.80999755859375,72.30999755859375,72.73999786376953,1165657
2020-01-22T14:30,72.91000366210938,73.37000274658203,72.80999755859375,73.19999694824219,776778
2020-01-22T16:30,73.19999694824219,73.29000091552734,73.12999725341797,73.19999694824219,368916
2020-01-22T18:30,73.20999908447266,73.2699966430664,72.9800033569336,73.1500015258789,1128351
2020-01-23T14:30,73.12999725341797,73.62000274658203,73.08000183105469,73.25,501339
2020-01-23T16:30,73.23999786376953,73.44000244140625,73.18000030517578,73.36000061035156,290952
2020-01-23T18:30,73.36000061035156,73.80000305175781,73.3499984741211,73.7300033569336,1267208
2020-01-24T14:30,73.62999725341797,74.13999938964844,73.54000091552734,74,767393
2020-01-24T16:30,74,74.1500015258789,73.7699966430664,73.86000061035156,334831
2020-01-24T18:30,73.8499984741211,73.93000030517578,73.61000061035156,73.88999938964844,665291
2020-01-27T14:30,73.77999877929688,74.19000244140625,73.47000122070312,73.72000122070312,440912
2020-01-27T16:30,73.70999908447266,73.83000183105469,73.61000061035156,73.7699966430664,275025
2020-01-27T18:30,73.76000213623047,73.87000274658203,73.5,73.75,759969
2020-01-28T14:30,73.91000366210938,74.51000213623047,73.69999694824219,74.36000061035156,683253
2020-01-28T16:30,74.36000061035156,74.36000061035156,74,74,381428
2020-01-28T18:30,74,74.22000122070312,73.81999969482422,73.83999633789062,1470095
2020-01-29T14:30,73.94999694824219,74.2300033569336,73.80000305175781,74.08999633789062,437713
2020-01-29T16:30,74.0999984741211,74.19999694824219,73.91999816894531,74.18000030517578,272443
2020-01-29T18:30,74.18000030517578,74.5199966430664,74.12000274658203,74.2699966430664,1018078
2020-01-30T14:30,74.08000183105469,74.44999694824219,74,74.38999938964844,437029
2020-01-30T16:30,74.4000015258789,74.66000366210938,74.30999755859375,74.41999816894531,652582
2020-01-30T18:30,74.41000366210938,74.87000274658203,74.16000366210938,74.80999755859375,1007457
2020-01-31T14:30,74.7300033569336,75.26000213623047,74.6500015258789,74.79000091552734,675163
2020-01-31T16:30,74.79000091552734,74.8499984741211,74.43000030517578,74.5199966430664,405585
2020-01-31T18:30,74.5199966430664,75,74.5,74.94000244140625,1055818
2020-02-03T14:30,74.93000030517578,75.12000274658203,74.69999694824219,74.7300033569336,463029
2020-02-03T16:30,74.75,74.98999786376953,74.69000244140625,74.94000244140625,250570
2020-02-03T18:30,74.94000244140625,75.06999969482422,74.83999633789062,74.95999908447266,702607
2020-02-04T14:30,74.87000274658203,75.2300033569336,74.5999984741211,74.68000030517578,493129
2020-02-04T16:30,74.69000244140625,74.80000305175781,74.33000183105469,74.41999816894531,358322
2020-02-04T18:30,74.4000015258789,74.62000274658203,74.0999984741211,74.13999938964844,1141865
2020-02-05T14:30,73.94999694824219,74.7300033569336,73.91000366210938,74.62999725341797,546759
2020-02-05T16:30,74.62999725341797,74.66000366210938,74.41000366210938,74.54000091552734,299090
2020-02-05T18:30,74.52999877929688,74.62999725341797,74.4000015258789,74.55999755859375,744559
2020-02-06T14:30,74.44999694824219,74.75,74.30000305175781,74.61000061035156,428633
2020-02-06T16:30,74.5999984741211,74.7300033569336,74.45999908447266,74.47000122070312,278324
2020-02-06T18:30,74.47000122070312,74.5999984741211,74.30999755859375,74.4000015258789,587447
2020-02-07T14:30,74.63999938964844,74.66999816894531,74.4000015258789,74.44000244140625,439416
2020-02-07T16:30,74.44000244140625,74.44999694824219,74.16999816894531,74.26000213623047,270120
2020-02-07T18:30,74.25,74.25,73.83000183105469,73.87000274658203,1503252
2020-02-10T14:30,73.94999694824219,73.98999786376953,73.45999908447266,73.69999694824219,643597
2020-02-10T16:30,73.69999694824219,73.75,73.5999984741211,73.69999694824219,479805
2020-02-10T18:30,73.69999694824219,73.8499984741211,73.63999938964844,73.83999633789062,1093784
2020-02-11T14:30,73.97000122070312,74.52999877929688,73.9000015258789,74.52999877929688,757503
2020-02-11T16:30,74.52999877929688,74.62999725341797,74.19999694824219,74.2300033569336,646269
2020-02-11T18:30,74.20999908447266,74.5199966430664,74.19999694824219,74.44000244140625,1297347
2020-02-12T14:30,74.43000030517578,75.16999816894531,74.4000015258789,75.16000366210938,1007889
2020-02-12T16:30,75.16000366210938,75.26000213623047,75.05000305175781,75.22000122070312,874746
2020-02-12T18:30,75.22000122070312,75.4000015258789,75.12000274658203,75.20999908447266,1695694
2020-02-13T14:30,75.80000305175781,77.1500015258789,75.61000061035156,76.98999786376953,1708064
2020-02-13T16:30,77.01000213623047,77.5199966430664,76.9000015258789,77.44000244140625,770468
2020-02-13T18:30,77.44000244140625,77.80000305175781,77.36000061035156,77.62000274658203,1986377
2020-02-14T14:30,77.62000274658203,78.61000061035156,77.56999969482422,78.30999755859375,1205331
2020-02-14T16:30,78.30000305175781,78.87000274658203,78.20999908447266,78.86000061035156,884308
2020-02-14T18:30,78.86000061035156,78.86000061035156,78.23999786376953,78.51000213623047,1976403
2020-02-18T14:30,78.77999877929688,79.38999938964844,78.70999908447266,79.02999877929688,1240110
2020-02-18T16:30,79.04000091552734,79.33999633789062,78.95999908447266,79.16999816894531,1002590
2020-02-18T18:30,79.16999816894531,79.29000091552734,78.86000061035156,79.06999969482422,1976112
2020-02-19T14:30,79.22000122070312,79.33999633789062,78.83999633789062,78.83999633789062,634138
2020-02-19T16:30,78.83999633789062,79.08000183105469,78.83999633789062,78.88999938964844,425743
2020-02-19T18:30,78.88999938964844,78.93000030517578,78.55999755859375,78.56999969482422,1034700
2020-02-20T14:30,78.41000366210938,78.93000030517578,78.27999877929688,78.51000213623047,599730
2020-02-20T16:30,78.51000213623047,78.77999877929688,78.33000183105469,78.54000091552734,588541
2020-02-20T18:30,78.55000305175781,78.66999816894531,78.27999877929688,78.62000274658203,1200561
2020-02-21T14:30,78.52999877929688,79.16999816894531,78.51000213623047,79.08000183105469,578886
2020-02-21T16:30,79.08999633789062,79.58999633789062,79.08000183105469,79.5,304445
2020-02-21T18:30,79.51000213623047,79.81999969482422,79.30999755859375,79.37999725341797,1179383
2020-02-24T14:30,79.11000061035156,80.16999816894531,78.83000183105469,80.05999755859375,1112950
2020-02-24T16:30,80.06999969482422,80.44000244140625,79.31999969482422,79.58000183105469,1063347
2020-02-24T18:30,79.55999755859375,79.86000061035156,79.2699966430664,79.2699966430664,1298795
2020-02-25T14:30,79.44000244140625,79.58000183105469,78.41000366210938,78.55000305175781,799529
2020-02-25T16:30,78.54000091552734,78.72000122070312,77.7699966430664,77.8499984741211,560135
2020-02-25T18:30,77.86000061035156,77.94999694824219,76.73999786376953,76.93000030517578,1702099
2020-02-26T14:30,76.94999694824219,77.87999725341797,76.7699966430664,77.7699966430664,766126
2020-02-26T16:30,77.75,77.75,77.05999755859375,77.2300033569336,348808
2020-02-26T18:30,77.22000122070312,77.26000213623047,76.58000183105469,76.68000030517578,1087572
2020-02-27T14:30,76.0199966430664,76.94999694824219,75.66000366210938,76.02999877929688,1159880
2020-02-27T16:30,76.0199966430664,76.69000244140625,75.5,76.20999908447266,773004
2020-02-27T18:30,76.23999786376953,76.27999877929688,73.58999633789062,73.62000274658203,1874863
2020-02-28T14:30,72.30999755859375,72.30999755859375,69.27999877929688,70.87000274658203,2338691
2020-02-28T16:30,70.86000061035156,71.5199966430664,70.52999877929688,71.08999633789062,1163605
2020-02-28T18:30,71.06999969482422,71.41999816894531,69.69999694824219,71.11000061035156,2764516
2020-03-02T14:30,70.98999786376953,73.29000091552734,70.94000244140625,73.13999938964844,1858595
2020-03-02T16:30,73.16000366210938,73.9800033569336,73.08000183105469,73.41999816894531,1331265
2020-03-02T18:30,73.43000030517578,75.12999725341797,72.9000015258789,74.91000366210938,2286926
2020-03-03T14:30,74.83000183105469,76.5,73.62000274658203,73.93000030517578,1439144
2020-03-03T16:30,73.95999908447266,75.93000030517578,73.9000015258789,74.88999938964844,916121
2020-03-03T18:30,74.87999725341797,75.37000274658203,73.47000122070312,74.04000091552734,1813366
2020-03-04T14:30,74.9800033569336,76.63999938964844,74.86000061035156,76.36000061035156,851577
2020-03-04T16:30,76.3499984741211,77.55999755859375,75.95999908447266,77.41999816894531,842116
2020-03-04T18:30,77.47000122070312,78.80999755859375,77.44999694824219,78.79000091552734,1841063
2020-03-05T14:30,77.79000091552734,78.6500015258789,77.11000061035156,78.54000091552734,912825
2020-03-05T16:30,78.5199966430664,78.55000305175781,77.44999694824219,77.81999969482422,620403
2020-03-05T18:30,77.80000305175781,78.12999725341797,76.72000122070312,77.5999984741211,1583641
2020-03-06T14:30,75.5199966430664,76.43000030517578,74.06999969482422,76.06999969482422,1348797
2020-03-06T16:30,76.0999984741211,76.27999877929688,74.83999633789062,75.69999694824219,691040
2020-03-06T18:30,75.66999816894531,77.11000061035156,74.56999969482422,76.73999786376953,2141444
2020-03-09T13:30,73.23999786376953,74.27999877929688,72.45999908447266,74.13999938964844,1447716
2020-03-09T15:30,74.12999725341797,74.94000244140625,73.31999969482422,73.3499984741211,795596
2020-03-09T17:30,73.30000305175781,74.41999816894531,71.95999908447266,73.30000305175781,2642210
2020-03-10T13:30,74.12000274658203,74.87999725341797,71.58999633789062,71.58999633789062,2034846
2020-03-10T15:30,71.6500015258789,72.9800033569336,71.5,72.38999938964844,1015766
2020-03-10T17:30,72.3499984741211,73.7300033569336,70.83999633789062,73.68000030517578,2225716
2020-03-11T13:30,71.87999725341797,72.20999908447266,70.86000061035156,70.88999938964844,1566086
2020-03-11T15:30,70.87000274658203,71.6500015258789,69.81999969482422,70.55999755859375,1221762
2020-03-11T17:30,70.56999969482422,70.97000122070312,69.58999633789062,70.48999786376953,2666777
2020-03-12T13:30,66.2699966430664,66.93000030517578,58.900001525878906,65.31999969482422,2237946
2020-03-12T15:30,65.33999633789062,66.75,63.04999923706055,64.5,1452474
2020-03-12T17:30,64.48999786376953,64.86000061035156,62.08000183105469,62.38999938964844,3032889
2020-03-13T13:30,65.87999725341797,66.31999969482422,62.79999923706055,62.79999923706055,1737041
2020-03-13T15:30,62.810001373291016,64.38999938964844,62,64.25,1154524
2020-03-13T17:30,64.31999969482422,66.54000091552734,62.720001220703125,66.45999908447266,2175552
2020-03-16T13:30,61.459999084472656,65.5999984741211,60.2599983215332,64.66999816894531,1876447
2020-03-16T15:30,64.66999816894531,64.80999755859375,60.869998931884766,61.18000030517578,1348408
2020-03-16T17:30,61.16999816894531,62.59000015258789,58.900001525878906,59.349998474121094,2938729
2020-03-17T13:30,60.84000015258789,65.25,60.56999969482422,63.95000076293945,1881690
2020-03-17T15:30,63.88999938964844,65.12999725341797,63.04999923706055,63.84000015258789,1262776
2020-03-17T17:30,63.810001373291016,67.08000183105469,63.52000045776367,66.6500015258789,2815768
2020-03-18T13:30,62.849998474121094,64.0999984741211,61.08000183105469,62.18000030517578,1414344
2020-03-18T15:30,62.150001525878906,64.30999755859375,61.959999084472656,62.709999084472656,1090103
2020-03-18T17:30,62.70000076293945,63.869998931884766,59.810001373291016,61.439998626708984,3140435
2020-03-19T13:30,61.31999969482422,61.36000061035156,58.68000030517578,60.0099983215332,1695878
2020-03-19T15:30,59.95000076293945,60.599998474121094,58.119998931884766,58.27000045776367,1231916
2020-03-19T17:30,58.279998779296875,59.5,57.349998474121094,58.13999938964844,2791577
2020-03-20T13:30,58.810001373291016,58.900001525878906,56.16999816894531,56.2400016784668,2260676
2020-03-20T15:30,56.22999954223633,58.36000061035156,55.65999984741211,57.59000015258789,1343339
2020-03-20T17:30,57.56999969482422,57.91999816894531,52.779998779296875,52.9900016784668,3248351
2020-03-23T13:30,51.380001068115234,52.650001525878906,50.08000183105469,50.439998626708984,2171120
2020-03-23T15:30,50.47999954223633,52.130001068115234,49.83000183105469,51.130001068115234,1544452
2020-03-23T17:30,50.9900016784668,51.38999938964844,48.150001525878906,49.630001068115234,2749389
2020-03-24T13:30,51.93000030517578,53.15999984741211,51.25,52.75,1751604
2020-03-24T15:30,52.7400016784668,55.16999816894531,52.38999938964844,53.97999954223633,1514638
2020-03-24T17:30,53.970001220703125,55.72999954223633,52.45000076293945,55.369998931884766,2235695
2020-03-25T13:30,55.20000076293945,56.56999969482422,54.400001525878906,55.95000076293945,1390631
2020-03-25T15:30,56.0099983215332,59.41999816894531,55.81999969482422,59.29999923706055,1104265
2020-03-25T17:30,59.29999923706055,60.880001068115234,57.369998931884766,57.869998931884766,2345739
2020-03-26T13:30,58.2599983215332,62.7400016784668,58.130001068115234,62.04999923706055,1707556
2020-03-26T15:30,62.13999938964844,63.36000061035156,61.43000030517578,62.599998474121094,985929
2020-03-26T17:30,62.59000015258789,63.5,61.7599983215332,62.79999923706055,2048313
2020-03-27T13:30,60.470001220703125,63.150001525878906,60.40999984741211,61.630001068115234,1034616
2020-03-27T15:30,61.59000015258789,62.5,61.189998626708984,62,791003
2020-03-27T17:30,62.04999923706055,64.86000061035156,61.27000045776367,62.15999984741211,2450519
2020-03-30T13:30,63.04999923706055,63.88999938964844,62.439998626708984,63.75,997458
2020-03-30T15:30,63.7599983215332,64.75,63.400001525878906,64.58999633789062,779840
2020-03-30T17:30,64.56999969482422,65.05000305175781,63.56999969482422,64.7699966430664,1663394
2020-03-31T13:30,63.790000915527344,64.70999908447266,62.810001373291016,64.66999816894531,1166712
2020-03-31T15:30,64.66999816894531,65.06999969482422,62.93000030517578,63.5,1052084
2020-03-31T17:30,63.52000045776367,63.86000061035156,62.38999938964844,62.68000030517578,1990792
2020-04-01T13:30,60.38999938964844,61.79999923706055,59.9900016784668,60.40999984741211,1336886
2020-04-01T15:30,60.43000030517578,60.59000015258789,59.4900016784668,59.93000030517578,921127
2020-04-01T17:30,59.88999938964844,60.540000915527344,59.18000030517578,60.16999816894531,1730836
2020-04-02T13:30,59.22999954223633,61.7400016784668,59.09000015258789,60.7599983215332,886286
2020-04-02T15:30,60.709999084472656,61.220001220703125,59.66999816894531,59.66999816894531,558736
2020-04-02T17:30,59.720001220703125,61.970001220703125,59.5,61.529998779296875,1378931
2020-04-03T13:30,60.709999084472656,61.4900016784668,59.869998931884766,60.02000045776367,549216
2020-04-03T15:30,60.0099983215332,60.18000030517578,58.91999816894531,58.95000076293945,414407
2020-04-03T17:30,58.93000030517578,59.43000030517578,58.56999969482422,58.90999984741211,1041088
2020-04-06T13:30,61.189998626708984,62.7599983215332,60.77000045776367,62.7400016784668,1003490
2020-04-06T15:30,62.75,63.529998779296875,62.63999938964844,63.02000045776367,539873
2020-04-06T17:30,63.0099983215332,63.47999954223633,62.33000183105469,62.95000076293945,1522773
2020-04-07T13:30,64.70999908447266,64.86000061035156,63.02000045776367,63.83000183105469,1091183
2020-04-07T15:30,63.880001068115234,64.19999694824219,63.43000030517578,63.52000045776367,550860
2020-04-07T17:30,63.540000915527344,63.599998474121094,62,62.08000183105469,1213135
2020-04-08T13:30,62.529998779296875,63.63999938964844,62.02000045776367,63.459999084472656,717147
2020-04-08T15:30,63.5099983215332,64.83999633789062,63.43000030517578,64.62000274658203,682380
2020-04-08T17:30,64.63999938964844,67.0999984741211,64.43000030517578,66.2699966430664,1899199
2020-04-09T13:30,67.04000091552734,72.06999969482422,66.9000015258789,70.5,2469355
2020-04-09T15:30,70.48999786376953,70.94000244140625,69.76000213623047,69.87999725341797,1207887
2020-04-09T17:30,69.87999725341797,70.48999786376953,68.22000122070312,70.01000213623047,1827209
2020-04-13T13:30,68.97000122070312,69.7699966430664,67.06999969482422,67.87999725341797,901427
2020-04-13T15:30,67.86000061035156,68.76000213623047,67.44000244140625,67.45999908447266,737591
2020-04-13T17:30,67.44000244140625,68.22000122070312,66.9800033569336,67.69999694824219,1363762
2020-04-14T13:30,69.23999786376953,70.04000091552734,68.58000183105469,68.81999969482422,934404
2020-04-14T15:30,68.83999633789062,69.0999984741211,68.36000061035156,68.76000213623047,581106
2020-04-14T17:30,68.79000091552734,70.43000030517578,68.77999877929688,70.11000061035156,1231864
2020-04-15T13:30,68.58999633789062,69.31999969482422,67.5,68.29000091552734,860152
2020-04-15T15:30,68.27999877929688,68.77999877929688,67.63999938964844,68.61000061035156,623456
2020-04-15T17:30,68.5999984741211,68.7699966430664,67.5,67.87999725341797,1286232
2020-04-16T13:30,68.19999694824219,68.66000366210938,67.55999755859375,67.69999694824219,513503
2020-04-16T15:30,67.7300033569336,68.0199966430664,67.44999694824219,67.77999877929688,489418
2020-04-16T17:30,67.7699966430664,68.22000122070312,67.55999755859375,67.88999938964844,892536
2020-04-17T13:30,69.22000122070312,69.2699966430664,67.87000274658203,68.3499984741211,975396
2020-04-17T15:30,68.41999816894531,69.45999908447266,68.30999755859375,69.13999938964844,573656
2020-04-17T17:30,69.1500015258789,70.20999908447266,68.66000366210938,69.80000305175781,928606
2020-04-20T13:30,69.0199966430664,69.3499984741211,67.95999908447266,68.54000091552734,823816
2020-04-20T15:30,68.55999755859375,69.08000183105469,67.91000366210938,68.01000213623047,569795
2020-04-20T17:30,67.9800033569336,68.0999984741211,67.0999984741211,67.1500015258789,1119160
2020-04-21T13:30,66.11000061035156,67,65.77999877929688,65.97000122070312,899901
2020-04-21T15:30,65.98999786376953,66.25,65.52999877929688,65.77999877929688,656796
2020-04-21T17:30,65.79000091552734,66.45999908447266,65.38999938964844,66.25,1462993
2020-04-22T13:30,67.2300033569336,68.13999938964844,67.0199966430664,67.94000244140625,751546
2020-04-22T15:30,67.93000030517578,68.51000213623047,67.83999633789062,68.19000244140625,571516
2020-04-22T17:30,68.18000030517578,68.3499984741211,67.47000122070312,67.55000305175781,1423520
2020-04-23T13:30,67.80000305175781,68.33999633789062,66.51000213623047,66.69999694824219,753191
2020-04-23T15:30,66.66000366210938,66.79000091552734,65.81999969482422,66.2699966430664,664994
2020-04-23T17:30,66.22000122070312,66.62999725341797,65.80000305175781,65.95999908447266,1419935
2020-04-24T13:30,66.23999786376953,66.33000183105469,64.87000274658203,65.1500015258789,827954
2020-04-24T15:30,65.1500015258789,65.6500015258789,65,65.6500015258789,464755
2020-04-24T17:30,65.62999725341797,66.77999877929688,65.48999786376953,66.41999816894531,1044485
2020-04-27T13:30,66.87000274658203,67.5199966430664,66.77999877929688,67.31999969482422,706798
2020-04-27T15:30,67.30000305175781,67.94999694824219,67.25,67.25,467447
2020-04-27T17:30,67.26000213623047,67.48999786376953,67.08999633789062,67.20999908447266,904928
2020-04-28T13:30,68.29000091552734,69.08000183105469,68.1500015258789,68.62000274658203,1221911
2020-04-28T15:30,68.58999633789062,68.7699966430664,67.81999969482422,68.18000030517578,533856
2020-04-28T17:30,68.1500015258789,68.4000015258789,67.68000030517578,67.91000366210938,1018958
2020-04-29T13:30,68.62000274658203,68.77999877929688,67,67.80000305175781,914071
2020-04-29T15:30,67.79000091552734,68.43000030517578,67.44999694824219,68.2300033569336,459199
2020-04-29T17:30,68.22000122070312,68.26000213623047,67.08000183105469,67.1500015258789,1018378
2020-04-30T13:30,66.6500015258789,66.97000122070312,65.51000213623047,65.54000091552734,797342
2020-04-30T15:30,65.51000213623047,65.93000030517578,65.23999786376953,65.69999694824219,661207
2020-04-30T17:30,65.69999694824219,65.9800033569336,65.41000366210938,65.5999984741211,1068980
2020-05-01T13:30,64.98999786376953,65.05999755859375,64.01000213623047,64.2300033569336,866466
2020-05-01T15:30,64.22000122070312,64.2300033569336,63.619998931884766,63.81999969482422,556765
2020-05-01T17:30,63.779998779296875,64.19999694824219,63.650001525878906,64.05000305175781,1189675
2020-05-04T13:30,64.12000274658203,64.29000091552734,62.9900016784668,63.15999984741211,1073155
2020-05-04T15:30,63.15999984741211,63.560001373291016,63.150001525878906,63.459999084472656,447098
2020-05-04T17:30,63.459999084472656,64.2699966430664,63.459999084472656,64.06999969482422,1055966
2020-05-05T13:30,64.19000244140625,64.91999816894531,64.18000030517578,64.81999969482422,746291
2020-05-05T15:30,64.81999969482422,65.01000213623047,64.4800033569336,64.5,558083
2020-05-05T17:30,64.51000213623047,64.97000122070312,64.31999969482422,64.38999938964844,1060914
2020-05-06T13:30,64.45999908447266,64.61000061035156,63.13999938964844,63.349998474121094,963609
2020-05-06T15:30,63.349998474121094,63.43000030517578,62.720001220703125,62.900001525878906,817583
2020-05-06T17:30,62.880001068115234,63.119998931884766,62.029998779296875,62.04999923706055,1441477
2020-05-07T13:30,62.689998626708984,62.869998931884766,62.029998779296875,62.349998474121094,1111728
2020-05-07T15:30,62.34000015258789,63.119998931884766,62.29999923706055,62.689998626708984,586093
2020-05-07T17:30,62.689998626708984,62.939998626708984,62.09000015258789,62.22999954223633,1302682
2020-05-08T13:30,63.150001525878906,63.2599983215332,62.38999938964844,62.689998626708984,650464
2020-05-08T15:30,62.70000076293945,63.060001373291016,62.56999969482422,63.040000915527344,528548
2020-05-08T17:30,63.040000915527344,63.599998474121094,62.88999938964844,63.36000061035156,1320931
2020-05-11T13:30,63.16999816894531,63.16999816894531,62.2599983215332,63.04999923706055,1194513
2020-05-11T15:30,63.04999923706055,63.7599983215332,63.04999923706055,63.66999816894531,624610
2020-05-11T17:30,63.68000030517578,63.7599983215332,63.02000045776367,63.27000045776367,1611124
2020-05-12T13:30,63.93000030517578,64.83999633789062,63.54999923706055,64.20999908447266,1262761
2020-05-12T15:30,64.22000122070312,64.38999938964844,63.5099983215332,63.70000076293945,653669
2020-05-12T17:30,63.70000076293945,64.12000274658203,63.459999084472656,63.470001220703125,1168268
2020-05-13T13:30,63.20000076293945,63.41999816894531,62.63999938964844,62.959999084472656,964023
2020-05-13T15:30,62.97999954223633,63.34000015258789,62.47999954223633,63.119998931884766,1065159
2020-05-13T17:30,63.119998931884766,63.630001068115234,62.77000045776367,63.5099983215332,1440537
2020-05-14T13:30,62.720001220703125,63.459999084472656,62.5,63.02000045776367,1174007
2020-05-14T15:30,63.040000915527344,64.4000015258789,62.689998626708984,64.38999938964844,852575
2020-05-14T17:30,64.38999938964844,64.5999984741211,63.90999984741211,64.52999877929688,1209939
2020-05-15T13:30,63.880001068115234,64.12999725341797,62.900001525878906,63.060001373291016,1089701
2020-05-15T15:30,63.06999969482422,63.2599983215332,62.86000061035156,62.939998626708984,749687
2020-05-15T17:30,62.93000030517578,63.95000076293945,62.869998931884766,63.650001525878906,2051352
2020-05-18T13:30,64.83000183105469,66.0999984741211,64.75,66.08000183105469,1585512
2020-05-18T15:30,66.08999633789062,66.43000030517578,65.98999786376953,66.20999908447266,762023
2020-05-18T17:30,66.22000122070312,66.98999786376953,66.13999938964844,66.56999969482422,1662925
2020-05-19T13:30,66.16000366210938,66.16000366210938,65.43000030517578,65.7300033569336,751015
2020-05-19T15:30,65.73999786376953,65.80000305175781,65.44999694824219,65.62999725341797,472082
2020-05-19T17:30,65.63999938964844,65.94999694824219,65.2699966430664,65.29000091552734,1181439
2020-05-20T13:30,65.81999969482422,65.93000030517578,65.30000305175781,65.5999984741211,729288
2020-05-20T15:30,65.61000061035156,65.73999786376953,65.37999725341797,65.38999938964844,419178
2020-05-20T17:30,65.4000015258789,65.66000366210938,65.19000244140625,65.30000305175781,1099460
2020-05-21T13:30,65.12000274658203,65.68000030517578,64.86000061035156,64.88999938964844,835280
2020-05-21T15:30,64.9000015258789,65.11000061035156,64.37999725341797,64.43000030517578,402882
2020-05-21T17:30,64.43000030517578,64.69000244140625,64.30000305175781,64.55000305175781,1542443
2020-05-22T13:30,64.44000244140625,64.83999633789062,64.20999908447266,64.45999908447266,843039
2020-05-22T15:30,64.43000030517578,64.68000030517578,64.33000183105469,64.62999725341797,598681
2020-05-22T17:30,64.6500015258789,65.33000183105469,64.56999969482422,65.26000213623047,1082160
2020-05-26T13:30,66.22000122070312,66.38999938964844,65.30000305175781,65.94000244140625,982814
2020-05-26T15:30,65.94000244140625,66.08000183105469,65.41999816894531,65.4800033569336,548085
2020-05-26T17:30,65.4800033569336,65.7300033569336,64.83000183105469,64.93000030517578,1364629
2020-05-27T13:30,65.94999694824219,66.0199966430664,65.25,65.44000244140625,846027
2020-05-27T15:30,65.45999908447266,65.58999633789062,64.91999816894531,64.95999908447266,586451
2020-05-27T17:30,64.95999908447266,65.69000244140625,64.83000183105469,65.6500015258789,1150383
2020-05-28T13:30,66.56999969482422,67.4000015258789,66.38999938964844,67.4000015258789,988951
2020-05-28T15:30,67.38999938964844,67.48999786376953,67.0999984741211,67.26000213623047,602651
2020-05-28T17:30,67.2699966430664,67.51000213623047,66.9800033569336,67.30999755859375,1289328
2020-05-29T13:30,67.06999969482422,67.37999725341797,66.38999938964844,66.97000122070312,643504
2020-05-29T15:30,66.94999694824219,67.12000274658203,66.62999725341797,66.87999725341797,340890
2020-05-29T17:30,66.87999725341797,67.72000122070312,66.87000274658203,67.16000366210938,1251706
2020-06-01T13:30,67.30000305175781,67.73999786376953,66.81999969482422,67.58999633789062,682637
2020-06-01T15:30,67.58000183105469,68.05999755859375,67.51000213623047,68.05999755859375,363897
2020-06-01T17:30,68.05999755859375,68.66000366210938,68.01000213623047,68.55000305175781,1075509
2020-06-02T13:30,68.8499984741211,68.9800033569336,67.9000015258789,68.88999938964844,1001753
2020-06-02T15:30,68.87000274658203,69.06999969482422,68.63999938964844,68.80000305175781,576148
2020-06-02T17:30,68.80000305175781,68.81999969482422,68.16000366210938,68.72000122070312,794430
2020-06-03T13:30,69.25,69.9800033569336,69,69.80000305175781,754078
2020-06-03T15:30,69.80000305175781,70.29000091552734,69.62999725341797,69.73999786376953,444977
2020-06-03T17:30,69.73999786376953,70.13999938964844,69.6500015258789,69.97000122070312,886921
2020-06-04T13:30,69.62000274658203,70.08000183105469,69.33000183105469,69.66999816894531,796894
2020-06-04T15:30,69.66999816894531,69.7300033569336,69.27999877929688,69.33999633789062,464477
2020-06-04T17:30,69.3499984741211,69.41999816894531,68.58999633789062,69.33999633789062,1161661
2020-06-05T13:30,70.08999633789062,71.61000061035156,69.9000015258789,71.5,916892
2020-06-05T15:30,71.54000091552734,71.79000091552734,70.95999908447266,71.30999755859375,530975
2020-06-05T17:30,71.31999969482422,71.33999633789062,70.11000061035156,70.16000366210938,1030958
2020-06-08T13:30,70.19000244140625,71.76000213623047,69.87000274658203,71.56999969482422,891174
2020-06-08T15:30,71.55000305175781,71.73999786376953,71.37000274658203,71.6500015258789,420950
2020-06-08T17:30,71.6500015258789,72.29000091552734,71.58000183105469,72.05999755859375,932861
2020-06-09T13:30,71.3499984741211,71.4000015258789,69.7300033569336,70.27999877929688,1109504
2020-06-09T15:30,70.2699966430664,70.66999816894531,70.04000091552734,70.62999725341797,477015
2020-06-09T17:30,70.62999725341797,71.01000213623047,70.44000244140625,70.80999755859375,901672
2020-06-10T13:30,70.88999938964844,71.30999755859375,70.16999816894531,70.41000366210938,1034125
2020-06-10T15:30,70.4000015258789,70.80999755859375,70.16999816894531,70.5999984741211,362821
2020-06-10T17:30,70.61000061035156,71.11000061035156,70.3499984741211,70.73999786376953,960098
2020-06-11T13:30,69.62999725341797,69.81999969482422,67.94000244140625,68.62000274658203,1696362
2020-06-11T15:30,68.63999938964844,68.70999908447266,67.83999633789062,67.83999633789062,792974
2020-06-11T17:30,67.8499984741211,68.52999877929688,67.69000244140625,68.27999877929688,1923272
2020-06-12T13:30,69.7300033569336,69.7699966430664,67.91000366210938,68.26000213623047,1024864
2020-06-12T15:30,68.2699966430664,68.70999908447266,67.81999969482422,67.87000274658203,618778
2020-06-12T17:30,67.86000061035156,68.30999755859375,67.22000122070312,68.01000213623047,1371085
2020-06-15T13:30,66.68000030517578,67.55999755859375,66.08999633789062,67.30999755859375,1539767
2020-06-15T15:30,67.29000091552734,68.0199966430664,67.11000061035156,67.83000183105469,670016
2020-06-15T17:30,67.80000305175781,68.54000091552734,67.44999694824219,68.18000030517578,1563926
2020-06-16T13:30,69.77999877929688,70.16000366210938,68.31999969482422,69.25,1574967
2020-06-16T15:30,69.27999877929688,69.48999786376953,68.44999694824219,69.04000091552734,530438
2020-06-16T17:30,69.05999755859375,69.12999725341797,67.75,68.19999694824219,1323629
2020-06-17T13:30,68.20999908447266,68.48999786376953,67.0199966430664,67.12999725341797,968342
2020-06-17T15:30,67.12000274658203,67.80999755859375,67.0999984741211,67.76000213623047,510554
2020-06-17T17:30,67.76000213623047,68.0199966430664,67.33000183105469,67.55000305175781,1038058
2020-06-18T13:30,67.16000366210938,67.7300033569336,66.69000244140625,66.88999938964844,689093
2020-06-18T15:30,66.88999938964844,66.97000122070312,66.63999938964844,66.86000061035156,542376
2020-06-18T17:30,66.86000061035156,67.51000213623047,66.66000366210938,67.25,1292099
2020-06-19T13:30,68.01000213623047,68.16000366210938,66.83000183105469,66.83999633789062,1231598
2020-06-19T15:30,66.83000183105469,66.86000061035156,66.0999984741211,66.27999877929688,794119
2020-06-19T17:30,66.27999877929688,66.63999938964844,64.56999969482422,64.79000091552734,2745558
2020-06-22T13:30,64.54000091552734,65.51000213623047,63.75,65.11000061035156,1252407
2020-06-22T15:30,65.13999938964844,65.44000244140625,64.75,64.83000183105469,577720
2020-06-22T17:30,64.81999969482422,65.01000213623047,64.41000366210938,64.69999694824219,1050720
2020-06-23T13:30,65.26000213623047,65.47000122070312,64.05999755859375,64.0999984741211,817858
2020-06-23T15:30,64.08999633789062,64.25,63.88999938964844,64.1500015258789,669597
2020-06-23T17:30,64.1500015258789,64.3499984741211,63.90999984741211,64.18000030517578,1388158
2020-06-24T13:30,63.56999969482422,63.77000045776367,62.880001068115234,62.95000076293945,1099990
2020-06-24T15:30,62.939998626708984,63.08000183105469,62.58000183105469,62.7599983215332,804926
2020-06-24T17:30,62.7400016784668,63.5099983215332,62.599998474121094,63.09000015258789,1333322
2020-06-25T13:30,62.810001373291016,62.900001525878906,62.099998474121094,62.11000061035156,1017423
2020-06-25T15:30,62.099998474121094,62.36000061035156,61.77000045776367,61.9900016784668,656721
2020-06-25T17:30,61.97999954223633,62.5,61.86000061035156,62.279998779296875,1819845
2020-06-26T13:30,62.209999084472656,62.65999984741211,60.869998931884766,60.93000030517578,1127899
2020-06-26T15:30,60.97999954223633,61.560001373291016,60.83000183105469,61.52000045776367,770924
2020-06-26T17:30,61.529998779296875,61.970001220703125,61.20000076293945,61.880001068115234,1777464
2020-06-29T13:30,62.38999938964844,62.400001525878906,61.560001373291016,62.220001220703125,977487
2020-06-29T15:30,62.209999084472656,62.56999969482422,62.11000061035156,62.52000045776367,531800
2020-06-29T17:30,62.52000045776367,62.90999984741211,62.41999816894531,62.90999984741211,1049429
2020-06-30T13:30,62.790000915527344,63.099998474121094,62.43000030517578,62.88999938964844,1368791
2020-06-30T15:30,62.880001068115234,62.88999938964844,61.90999984741211,61.97999954223633,854533
2020-06-30T17:30,61.959999084472656,62.95000076293945,61.880001068115234,62.650001525878906,1602248
2020-07-01T13:30,62.70000076293945,63.70000076293945,62.540000915527344,63.439998626708984,795605
2020-07-01T15:30,63.459999084472656,64.01000213623047,63.439998626708984,63.88999938964844,396278
2020-07-01T17:30,63.900001525878906,64.58999633789062,63.810001373291016,64.23999786376953,1155316
2020-07-02T13:30,64.79000091552734,65.01000213623047,64.19999694824219,64.48999786376953,798641
2020-07-02T15:30,64.5,64.70999908447266,64.23999786376953,64.41000366210938,552271
2020-07-02T17:30,64.41999816894531,64.6500015258789,63.849998474121094,64.16999816894531,1116449
2020-07-06T13:30,63.119998931884766,64.18000030517578,62.20000076293945,62.380001068115234,1854499
2020-07-06T15:30,62.369998931884766,62.529998779296875,62.029998779296875,62.29999923706055,1497628
2020-07-06T17:30,62.29999923706055,62.75,62.27000045776367,62.56999969482422,1728998
2020-07-07T13:30,62.06999969482422,63.310001373291016,62.060001373291016,63.13999938964844,1314925
2020-07-07T15:30,63.150001525878906,63.279998779296875,62.849998474121094,63.2599983215332,565596
2020-07-07T17:30,63.2599983215332,63.650001525878906,63.209999084472656,63.380001068115234,1692322
2020-07-08T13:30,63.400001525878906,63.47999954223633,62.97999954223633,63.189998626708984,1049133
2020-07-08T15:30,63.20000076293945,63.880001068115234,63.15999984741211,63.790000915527344,662796
2020-07-08T17:30,63.790000915527344,64.25,63.77000045776367,63.849998474121094,1242339
2020-07-09T13:30,63.7400016784668,63.77000045776367,62.08000183105469,62.209999084472656,1157310
2020-07-09T15:30,62.18000030517578,62.709999084472656,62.029998779296875,62.68000030517578,569179
2020-07-09T17:30,62.66999816894531,62.970001220703125,62.40999984741211,62.529998779296875,1412533
2020-07-10T13:30,62.58000183105469,63.599998474121094,62.540000915527344,63.58000183105469,947941
2020-07-10T15:30,63.56999969482422,63.959999084472656,63.47999954223633,63.72999954223633,522403
2020-07-10T17:30,63.75,63.880001068115234,63.63999938964844,63.77000045776367,767466
2020-07-13T13:30,63.630001068115234,64.2699966430664,63.47999954223633,64.22000122070312,527727
2020-07-13T15:30,64.19000244140625,64.20999908447266,63.790000915527344,64.05999755859375,342627
2020-07-13T17:30,64.08000183105469,64.19000244140625,63.52000045776367,63.84000015258789,1037041
2020-07-14T13:30,63.84000015258789,64.66000366210938,63.84000015258789,64.16999816894531,954689
2020-07-14T15:30,64.16999816894531,64.37999725341797,63.93000030517578,63.9900016784668,416631
2020-07-14T17:30,63.9900016784668,64.41999816894531,63.810001373291016,64.05000305175781,1347685
2020-07-15T13:30,64.66999816894531,64.79000091552734,63.84000015258789,64.1500015258789,1694721
2020-07-15T15:30,64.1500015258789,64.25,63.630001068115234,63.70000076293945,658549
2020-07-15T17:30,63.70000076293945,63.72999954223633,62.970001220703125,63.060001373291016,1483348
2020-07-16T13:30,63.27000045776367,63.77000045776367,63.060001373291016,63.61000061035156,785567
2020-07-16T15:30,63.599998474121094,63.630001068115234,63.20000076293945,63.310001373291016,693365
2020-07-16T17:30,63.31999969482422,63.650001525878906,63.150001525878906,63.54999923706055,1092104
2020-07-17T13:30,64.05000305175781,64.66000366210938,63.869998931884766,64.56999969482422,873642
2020-07-17T15:30,64.58000183105469,64.72000122070312,64.45999908447266,64.69999694824219,456049
2020-07-17T17:30,64.69000244140625,64.79000091552734,64.3499984741211,64.61000061035156,1792089
2020-07-20T13:30,64.33000183105469,64.47000122070312,63.66999816894531,63.68000030517578,681056
2020-07-20T15:30,63.66999816894531,63.720001220703125,63.470001220703125,63.65999984741211,472656
2020-07-20T17:30,63.63999938964844,63.849998474121094,63.47999954223633,63.58000183105469,1004981
2020-07-21T13:30,63.900001525878906,64.91000366210938,63.59000015258789,64.5999984741211,882852
2020-07-21T15:30,64.61000061035156,64.80999755859375,64.48999786376953,64.63999938964844,527487
2020-07-21T17:30,64.63999938964844,64.80000305175781,64.23999786376953,64.56999969482422,2099443
2020-07-22T13:30,64.29000091552734,65.45999908447266,63.91999816894531,65.38999938964844,872006
2020-07-22T15:30,65.37999725341797,65.94000244140625,65.33000183105469,65.76000213623047,628767
2020-07-22T17:30,65.7699966430664,66.26000213623047,65.66000366210938,66.02999877929688,1199583
2020-07-23T13:30,65.91000366210938,66.1500015258789,65.44999694824219,65.75,638411
2020-07-23T15:30,65.7699966430664,66.16999816894531,65.73999786376953,65.97000122070312,461729
2020-07-23T17:30,65.98999786376953,66.1500015258789,65.44999694824219,65.8499984741211,938082
2020-07-24T13:30,66.12999725341797,66.56999969482422,65.22000122070312,65.26000213623047,1114499
2020-07-24T15:30,65.25,65.43000030517578,64.91000366210938,64.97000122070312,602706
2020-07-24T17:30,64.98999786376953,65.06999969482422,64.77999877929688,64.9000015258789,981549
2020-07-27T13:30,64.68000030517578,64.79000091552734,63.58000183105469,64.23999786376953,1341940
2020-07-27T15:30,64.23999786376953,64.4000015258789,63.810001373291016,63.9900016784668,781925
2020-07-27T17:30,63.970001220703125,64.23999786376953,63.59000015258789,63.7400016784668,1593809
2020-07-28T13:30,63.70000076293945,66.44000244140625,63.66999816894531,66.41999816894531,2000030
2020-07-28T15:30,66.41999816894531,66.52999877929688,65.7300033569336,66.16999816894531,978365
2020-07-28T17:30,66.16999816894531,66.62999725341797,66.08000183105469,66.33999633789062,1540609
2020-07-29T13:30,66.25,66.48999786376953,65.7300033569336,65.86000061035156,747236
2020-07-29T15:30,65.86000061035156,66.22000122070312,65.86000061035156,66.06999969482422,348670
2020-07-29T17:30,66.05999755859375,66.68000030517578,65.94000244140625,66.63999938964844,1002706
2020-07-30T13:30,66.0999984741211,66.23999786376953,65.63999938964844,65.70999908447266,804964
2020-07-30T15:30,65.7300033569336,66.2300033569336,65.45999908447266,65.91000366210938,476324
2020-07-30T17:30,65.9000015258789,66.30999755859375,65.83000183105469,66.30000305175781,1057134
2020-07-31T13:30,65.9000015258789,66.41999816894531,65.55000305175781,66.05999755859375,784714
2020-07-31T15:30,66.05999755859375,66.05999755859375,65.69999694824219,65.9000015258789,480863
2020-07-31T17:30,65.87999725341797,66.48999786376953,65.80000305175781,66.44999694824219,1170666
2020-08-03T13:30,66.38999938964844,66.44999694824219,65.16000366210938,65.5,788011
2020-08-03T15:30,65.47000122070312,65.80000305175781,65.37000274658203,65.7300033569336,473506
2020-08-03T17:30,65.72000122070312,66.01000213623047,65.63999938964844,65.72000122070312,1008938
2020-08-04T13:30,65.47000122070312,66.33999633789062,65.33999633789062,66.30000305175781,1003539
2020-08-04T15:30,66.30999755859375,66.62000274658203,66.05000305175781,66.0999984741211,718558
2020-08-04T17:30,66.11000061035156,66.45999908447266,65.94000244140625,66.41000366210938,864476
2020-08-05T13:30,66.44000244140625,66.52999877929688,65.55000305175781,65.87999725341797,708435
2020-08-05T15:30,65.87000274658203,65.87000274658203,65.30000305175781,65.66000366210938,504789
2020-08-05T17:30,65.6500015258789,65.7699966430664,65.44999694824219,65.4800033569336,922461
2020-08-06T13:30,65.29000091552734,66.01000213623047,64.81999969482422,65.48999786376953,994620
2020-08-06T15:30,65.4800033569336,65.81999969482422,65.27999877929688,65.80999755859375,541670
2020-08-06T17:30,65.80000305175781,66.16999816894531,65.75,66.02999877929688,1206289
2020-08-07T13:30,65.69999694824219,67.33000183105469,65.61000061035156,67.33000183105469,992833
2020-08-07T15:30,67.30999755859375,67.97000122070312,67.30999755859375,67.76000213623047,953719
2020-08-07T17:30,67.7699966430664,67.91000366210938,67.16000366210938,67.9000015258789,1824478
2020-08-10T13:30,68.36000061035156,68.37999725341797,66.88999938964844,67.04000091552734,1401483
2020-08-10T15:30,67.05999755859375,67.16999816894531,66.2699966430664,66.55000305175781,975088
2020-08-10T17:30,66.52999877929688,66.86000061035156,66.4000015258789,66.45999908447266,1445793
2020-08-11T13:30,66.63999938964844,66.72000122070312,65.6500015258789,66.06999969482422,918357
2020-08-11T15:30,66.08000183105469,66.19999694824219,65.61000061035156,65.62000274658203,505459
2020-08-11T17:30,65.62000274658203,65.80999755859375,65.44000244140625,65.5999984741211,1969783
2020-08-12T13:30,65.87999725341797,66.38999938964844,65.7300033569336,66.19000244140625,964770
2020-08-12T15:30,66.19000244140625,66.43000030517578,66.02999877929688,66.19000244140625,658468
2020-08-12T17:30,66.19999694824219,66.47000122070312,66.0199966430664,66.12999725341797,1409468
2020-08-13T13:30,65.8499984741211,66.01000213623047,65.19999694824219,65.68000030517578,1021082
2020-08-13T15:30,65.66999816894531,65.9000015258789,65.04000091552734,65.8499984741211,760074
2020-08-13T17:30,65.86000061035156,65.87000274658203,65.33000183105469,65.62000274658203,1102781
2020-08-14T13:30,65.58000183105469,65.75,64.9800033569336,65.2699966430664,618314
2020-08-14T15:30,65.27999877929688,65.41000366210938,65.05999755859375,65.19000244140625,324593
2020-08-14T17:30,65.19999694824219,65.37999725341797,65.02999877929688,65.1500015258789,727425
2020-08-17T13:30,65.2699966430664,65.91999816894531,64.7699966430664,65.87999725341797,866014
2020-08-17T15:30,65.88999938964844,65.88999938964844,65.37999725341797,65.4000015258789,368881
2020-08-17T17:30,65.41000366210938,65.62999725341797,65.29000091552734,65.51000213623047,964394
2020-08-18T13:30,65.48999786376953,65.6500015258789,64.69999694824219,64.88999938964844,632920
2020-08-18T15:30,64.88999938964844,65.08999633789062,64.70999908447266,64.70999908447266,520566
2020-08-18T17:30,64.70999908447266,65.04000091552734,64.63999938964844,64.7699966430664,1041212
2020-08-19T13:30,64.94000244140625,65.18000030517578,64.61000061035156,64.91999816894531,828571
2020-08-19T15:30,64.91999816894531,65.04000091552734,64.8499984741211,64.86000061035156,417740
2020-08-19T17:30,64.87000274658203,65.08999633789062,64.72000122070312,64.7699966430664,1050001
2020-08-20T13:30,64.44999694824219,64.7300033569336,64.19000244140625,64.44999694824219,701407
2020-08-20T15:30,64.44999694824219,64.5,63.88999938964844,64,675772
2020-08-20T17:30,64,64.33000183105469,63.88999938964844,64.2699966430664,1008844
2020-08-21T13:30,64.4000015258789,64.45999908447266,63.66999816894531,63.810001373291016,1245816
2020-08-21T15:30,63.79999923706055,64.2300033569336,63.79999923706055,64.1500015258789,398507
2020-08-21T17:30,64.1500015258789,64.5,64.13999938964844,64.2300033569336,869817
2020-08-24T13:30,64.54000091552734,64.55000305175781,63.849998474121094,64.30999755859375,800584
2020-08-24T15:30,64.30999755859375,64.33999633789062,63.970001220703125,64.26000213623047,485459
2020-08-24T17:30,64.2699966430664,64.76000213623047,64.26000213623047,64.62000274658203,951839
2020-08-25T13:30,64.63999938964844,64.63999938964844,63.790000915527344,64.05999755859375,670982
2020-08-25T15:30,64.04000091552734,64.08999633789062,63.88999938964844,63.970001220703125,337803
2020-08-25T17:30,63.970001220703125,64.38999938964844,63.86000061035156,64.12999725341797,1082822
2020-08-26T13:30,63.779998779296875,63.939998626708984,63.08000183105469,63.09000015258789,1024902
2020-08-26T15:30,63.08000183105469,63.25,62.97999954223633,63.06999969482422,700967
2020-08-26T17:30,63.06999969482422,63.220001220703125,62.900001525878906,63.09000015258789,1278042
2020-08-27T13:30,63.20000076293945,63.7400016784668,62.86000061035156,62.91999816894531,943508
2020-08-27T15:30,62.93000030517578,63.119998931884766,62.83000183105469,63,533372
2020-08-27T17:30,63,63.2599983215332,62.93000030517578,63.11000061035156,1148804
2020-08-28T13:30,63.38999938964844,63.439998626708984,62.709999084472656,62.7599983215332,910583
2020-08-28T15:30,62.77000045776367,63.06999969482422,62.619998931884766,62.970001220703125,603931
2020-08-28T17:30,62.97999954223633,63.34000015258789,62.77000045776367,63.20000076293945,1272038
2020-08-31T13:30,63.209999084472656,64.66000366210938,63.13999938964844,63.84000015258789,1200845
2020-08-31T15:30,63.83000183105469,64.08000183105469,63.599998474121094,63.70000076293945,426874
2020-08-31T17:30,63.709999084472656,63.869998931884766,63.47999954223633,63.68000030517578,1152179
2020-09-01T13:30,63.31999969482422,63.59000015258789,62.7400016784668,62.88999938964844,952409
2020-09-01T15:30,62.88999938964844,63.04999923706055,62.7400016784668,62.7599983215332,521779
2020-09-01T17:30,62.7599983215332,62.93000030517578,62.63999938964844,62.810001373291016,1203234
2020-09-02T13:30,62.849998474121094,64.5199966430664,62.63999938964844,64.37999725341797,1306899
2020-09-02T15:30,64.37999725341797,64.95999908447266,64.2699966430664,64.75,614262
2020-09-02T17:30,64.7300033569336,64.94000244140625,64.54000091552734,64.61000061035156,1304964
2020-09-03T13:30,64.88999938964844,65.58999633789062,64.2300033569336,64.4800033569336,947095
2020-09-03T15:30,64.44000244140625,64.81999969482422,64.01000213623047,64.18000030517578,680309
2020-09-03T17:30,64.16000366210938,64.43000030517578,63.720001220703125,64.3499984741211,1100933
2020-09-04T13:30,64.41999816894531,64.88999938964844,63.65999984741211,63.849998474121094,948231
2020-09-04T15:30,63.880001068115234,64.4000015258789,63.38999938964844,64.33000183105469,617634
2020-09-04T17:30,64.31999969482422,64.52999877929688,64.06999969482422,64.20999908447266,922415
2020-09-08T13:30,64.29000091552734,64.43000030517578,62.959999084472656,63.25,923491
2020-09-08T15:30,63.2400016784668,64.08000183105469,63.119998931884766,64.08000183105469,489688
2020-09-08T17:30,64.06999969482422,64.3499984741211,63.63999938964844,64.02999877929688,1166092
2020-09-09T13:30,65.37000274658203,66.37999725341797,64.91999816894531,65.73999786376953,1358508
2020-09-09T15:30,65.75,66.2699966430664,65.66999816894531,66.20999908447266,723010
2020-09-09T17:30,66.22000122070312,66.52999877929688,65.3499984741211,65.5,1770513
2020-09-10T13:30,65.20999908447266,65.4800033569336,64.56999969482422,65.41999816894531,854033
2020-09-10T15:30,65.43000030517578,65.5,64.91999816894531,65.3499984741211,618998
2020-09-10T17:30,65.3499984741211,65.62000274658203,65.0199966430664,65.04000091552734,1680833
2020-09-11T13:30,65.08999633789062,65.5199966430664,64.83999633789062,65.5,829225
2020-09-11T15:30,65.4800033569336,66.1500015258789,65.3499984741211,65.6500015258789,834233
2020-09-11T17:30,65.6500015258789,66,65.43000030517578,65.86000061035156,1122162
2020-09-14T13:30,66.29000091552734,67.20999908447266,66.29000091552734,66.75,1101259
2020-09-14T15:30,66.75,67.16000366210938,66.7300033569336,67.12000274658203,465642
2020-09-14T17:30,67.13999938964844,67.36000061035156,66.7699966430664,66.91999816894531,1382445
2020-09-15T13:30,67.37000274658203,68.11000061035156,67.19999694824219,67.80000305175781,867777
2020-09-15T15:30,67.80000305175781,67.80999755859375,67.1500015258789,67.27999877929688,422206
2020-09-15T17:30,67.30000305175781,67.30000305175781,66.55999755859375,66.9800033569336,917202
2020-09-16T13:30,67.41999816894531,67.80000305175781,67.08999633789062,67.63999938964844,885290
2020-09-16T15:30,67.62000274658203,67.6500015258789,67.33999633789062,67.48999786376953,455927
2020-09-16T17:30,67.48999786376953,67.7699966430664,67.06999969482422,67.30000305175781,1038944
2020-09-17T13:30,66.81999969482422,67.23999786376953,66.33999633789062,66.98999786376953,764647
2020-09-17T15:30,67,67.05999755859375,66.55999755859375,66.6500015258789,583167
2020-09-17T17:30,66.63999938964844,67.12000274658203,66.55000305175781,67.0999984741211,1189676
2020-09-18T13:30,66.77999877929688,67.20999908447266,66.29000091552734,66.37999725341797,1381574
2020-09-18T15:30,66.38999938964844,66.80000305175781,66.18000030517578,66.18000030517578,569229
2020-09-18T17:30,66.16999816894531,66.27999877929688,65.75,65.77999877929688,1566507
2020-09-21T13:30,65.08000183105469,65.4800033569336,64.37999725341797,64.80999755859375,904863
2020-09-21T15:30,64.80999755859375,65.08000183105469,64.72000122070312,64.91999816894531,519288
2020-09-21T17:30,64.91999816894531,65.48999786376953,64.51000213623047,65.48999786376953,1049242
2020-09-22T13:30,65.36000061035156,66.62999725341797,65.23999786376953,66.13999938964844,918517
2020-09-22T15:30,66.1500015258789,66.4000015258789,65.93000030517578,66.33000183105469,381034
2020-09-22T17:30,66.30999755859375,66.54000091552734,65.5,65.58000183105469,1051766
2020-09-23T13:30,65.75,65.93000030517578,64.94000244140625,64.95999908447266,560062
2020-09-23T15:30,64.94000244140625,65.4000015258789,64.86000061035156,65.29000091552734,344569
2020-09-23T17:30,65.27999877929688,65.33000183105469,64.43000030517578,64.45999908447266,843907
2020-09-24T13:30,64.43000030517578,64.5199966430664,63.77000045776367,63.970001220703125,734889
2020-09-24T15:30,63.970001220703125,65.30999755859375,63.90999984741211,65.16999816894531,502838
2020-09-24T17:30,65.16999816894531,65.36000061035156,64.45999908447266,64.7699966430664,1068823
2020-09-25T13:30,64.45999908447266,65.05000305175781,64.19999694824219,64.7699966430664,773583
2020-09-25T15:30,64.7699966430664,65.01000213623047,64.58999633789062,64.86000061035156,379745
2020-09-25T17:30,64.87999725341797,65.5,64.87999725341797,65.41999816894531,1194867
2020-09-28T13:30,65.80999755859375,66.61000061035156,65.55999755859375,66.38999938964844,614618
2020-09-28T15:30,66.4000015258789,66.69000244140625,66.37000274658203,66.5,493916
2020-09-28T17:30,66.5,66.62999725341797,65.6500015258789,65.7300033569336,890011
2020-09-29T13:30,65.87999725341797,66.1500015258789,65.37000274658203,65.38999938964844,614232
2020-09-29T15:30,65.37999725341797,65.54000091552734,65.06999969482422,65.37999725341797,383625
2020-09-29T17:30,65.37999725341797,65.75,65.33999633789062,65.3499984741211,807469
2020-09-30T13:30,69.79000091552734,70.9800033569336,68.76000213623047,69.98999786376953,8189116
2020-09-30T15:30,70,70.08999633789062,68.55000305175781,69.37999725341797,4222682
2020-09-30T17:30,69.37999725341797,70.63999938964844,69.37000274658203,70.20999908447266,4350508
2020-10-01T13:30,69.81999969482422,70.91999816894531,69.4800033569336,70.88999938964844,2123158
2020-10-01T15:30,70.88999938964844,71.55999755859375,70.8499984741211,71.3499984741211,1212477
2020-10-01T17:30,71.3499984741211,71.66999816894531,70.7300033569336,71.41000366210938,2363350
2020-10-02T13:30,70.76000213623047,71.79000091552734,70.33999633789062,71.29000091552734,1188938
2020-10-02T15:30,71.2699966430664,72.97000122070312,71.13999938964844,72.41999816894531,2453624
2020-10-02T17:30,72.4000015258789,73.08999633789062,72.33000183105469,72.61000061035156,1857430
2020-10-05T13:30,72.16000366210938,73.06999969482422,71.30000305175781,72.9000015258789,1065136
2020-10-05T15:30,72.9000015258789,72.95999908447266,72.55000305175781,72.58999633789062,574742
2020-10-05T17:30,72.58999633789062,73.08999633789062,72.5199966430664,72.75,936085
2020-10-06T13:30,72.75,72.80000305175781,72.05000305175781,72.75,619462
2020-10-06T15:30,72.73999786376953,73.0199966430664,72.58999633789062,72.87000274658203,476086
2020-10-06T17:30,72.87000274658203,72.94000244140625,71.75,71.98999786376953,1423908
2020-10-07T13:30,72.66000366210938,73.06999969482422,72.22000122070312,72.22000122070312,699657
2020-10-07T15:30,72.26000213623047,72.37999725341797,71.94000244140625,72.27999877929688,358777
2020-10-07T17:30,72.29000091552734,72.73999786376953,72.1500015258789,72.38999938964844,880734
2020-10-08T13:30,72.55999755859375,73.61000061035156,72.08999633789062,72.94000244140625,1377877
2020-10-08T15:30,72.95999908447266,73.80000305175781,72.80000305175781,73.70999908447266,524096
2020-10-08T17:30,73.69999694824219,74.0999984741211,73.58999633789062,73.9000015258789,982680
2020-10-09T13:30,73.87999725341797,74.05000305175781,73,74.0199966430664,940565
2020-10-09T15:30,74.0199966430664,74.48999786376953,73.83000183105469,74.11000061035156,687642
2020-10-09T17:30,74.12999725341797,74.19000244140625,73.80999755859375,74.0199966430664,907128
2020-10-12T13:30,73.91000366210938,74.0199966430664,73.44000244140625,73.94000244140625,539204
2020-10-12T15:30,73.94000244140625,74.43000030517578,73.8499984741211,74.31999969482422,434946
2020-10-12T17:30,74.3499984741211,74.43000030517578,73.83000183105469,73.8499984741211,994570
2020-10-13T13:30,73.47000122070312,73.48999786376953,72.58000183105469,72.73999786376953,694902
2020-10-13T15:30,72.76000213623047,73.58000183105469,72.41000366210938,73.36000061035156,601389
2020-10-13T17:30,73.41000366210938,73.97000122070312,73.25,73.68000030517578,886745
2020-10-14T13:30,73.62999725341797,74.16000366210938,73.05000305175781,73.51000213623047,530194
2020-10-14T15:30,73.51000213623047,73.58000183105469,73.1500015258789,73.19999694824219,456193
2020-10-14T17:30,73.20999908447266,73.5999984741211,72.9800033569336,73.48999786376953,759722
2020-10-15T13:30,72.2300033569336,73.20999908447266,71.9800033569336,72.91999816894531,683145
2020-10-15T15:30,72.94000244140625,73.62000274658203,72.73999786376953,73.51000213623047,322712
2020-10-15T17:30,73.52999877929688,73.62000274658203,72.83000183105469,72.9000015258789,862504
2020-10-16T13:30,73.11000061035156,73.51000213623047,72.75,73.4000015258789,844629
2020-10-16T15:30,73.41000366210938,73.73999786376953,73.2699966430664,73.73999786376953,460763
2020-10-16T17:30,73.72000122070312,73.80999755859375,73.23999786376953,73.25,1081191
2020-10-19T13:30,73.05999755859375,73.66000366210938,72.80999755859375,73.2699966430664,616049
2020-10-19T15:30,73.29000091552734,73.47000122070312,73.12000274658203,73.36000061035156,463440
2020-10-19T17:30,73.36000061035156,73.36000061035156,72.7699966430664,73.0199966430664,765372
2020-10-20T13:30,73.05000305175781,73.5999984741211,72.80999755859375,73.11000061035156,553074
2020-10-20T15:30,73.12999725341797,73.58000183105469,72.94999694824219,73.44999694824219,324127
2020-10-20T17:30,73.45999908447266,73.58999633789062,72.91000366210938,73,845818
2020-10-21T13:30,72.94000244140625,73.54000091552734,72.62000274658203,73.19999694824219,489722
2020-10-21T15:30,73.22000122070312,73.66999816894531,72.93000030517578,73.66999816894531,446054
2020-10-21T17:30,73.66000366210938,73.73999786376953,73.16000366210938,73.36000061035156,882771
2020-10-22T13:30,73.44000244140625,74.08000183105469,73.01000213623047,73.81999969482422,616226
2020-10-22T15:30,73.81999969482422,74.02999877929688,73.37000274658203,73.87000274658203,374256
2020-10-22T17:30,73.88999938964844,74.4800033569336,73.69000244140625,74.47000122070312,1098793
2020-10-23T13:30,74.55000305175781,74.8499984741211,72.1500015258789,73.88999938964844,2329721
2020-10-23T15:30,73.86000061035156,73.9000015258789,73.06999969482422,73.36000061035156,841677
2020-10-23T17:30,73.37999725341797,73.62000274658203,73.18000030517578,73.61000061035156,825487
2020-10-26T13:30,72.91999816894531,73.38999938964844,72.55000305175781,72.80000305175781,541361
2020-10-26T15:30,72.81999969482422,73.37000274658203,72.73999786376953,73.18000030517578,400072
2020-10-26T17:30,73.19000244140625,74.16000366210938,73.02999877929688,73.91999816894531,1167067
2020-10-27T13:30,74.01000213623047,74.41000366210938,73.45999908447266,74.01000213623047,758088
2020-10-27T15:30,74.08000183105469,74.51000213623047,73.98999786376953,74.4000015258789,422145
2020-10-27T17:30,74.38999938964844,74.43000030517578,73.77999877929688,73.80999755859375,794440
2020-10-28T13:30,72.80000305175781,73.83000183105469,72.62000274658203,72.7699966430664,1526061
2020-10-28T15:30,72.7699966430664,73.04000091552734,72.12000274658203,72.33999633789062,650521
2020-10-28T17:30,72.33000183105469,72.66999816894531,72.04000091552734,72.1500015258789,848743
2020-10-29T13:30,71.94999694824219,72.83999633789062,71.08000183105469,72.54000091552734,678534
2020-10-29T15:30,72.5199966430664,73.36000061035156,72.4000015258789,73.16000366210938,700568
2020-10-29T17:30,73.16999816894531,73.91000366210938,73.16000366210938,73.16999816894531,1643636
2020-10-30T13:30,72.69999694824219,73.76000213623047,72.66999816894531,73.01000213623047,870811
2020-10-30T15:30,72.97000122070312,73.55999755859375,72.91000366210938,73.05999755859375,297492
2020-10-30T17:30,73.05999755859375,73.37000274658203,72.36000061035156,73.05000305175781,1098463
2020-11-02T14:30,73.69999694824219,74.5,73.16999816894531,74.5,520946
2020-11-02T16:30,74.5,74.66000366210938,74.02999877929688,74.11000061035156,463111
2020-11-02T18:30,74.08999633789062,74.70999908447266,74.06999969482422,74.41999816894531,1467402
2020-11-03T14:30,75.18000030517578,76.5199966430664,74.88999938964844,76.41999816894531,901090
2020-11-03T16:30,76.43000030517578,76.58000183105469,75.73999786376953,75.94000244140625,944115
2020-11-03T18:30,75.94999694824219,76.36000061035156,75.44000244140625,75.80000305175781,1153326
2020-11-04T14:30,75.4000015258789,76.72000122070312,75.13999938964844,75.87000274658203,791215
2020-11-04T16:30,75.87000274658203,76.2300033569336,75.58000183105469,75.61000061035156,397381
2020-11-04T18:30,75.62000274658203,75.7699966430664,74.19999694824219,74.19999694824219,1136844
2020-11-05T14:30,75.19999694824219,76.9000015258789,74.52999877929688,75.7300033569336,841303
2020-11-05T16:30,75.75,75.95999908447266,75.16000366210938,75.80000305175781,435839
2020-11-05T18:30,75.81999969482422,75.95999908447266,74.63999938964844,74.79000091552734,965466
2020-11-06T14:30,74.94999694824219,75.7699966430664,74.38999938964844,75.08999633789062,625340
2020-11-06T16:30,75.05000305175781,75.18000030517578,74.58000183105469,74.58000183105469,354931
2020-11-06T18:30,74.58999633789062,74.58999633789062,74.02999877929688,74.12000274658203,956845
2020-11-09T14:30,76.77999877929688,78.41999816894531,76.7699966430664,77.58000183105469,1223989
2020-11-09T16:30,77.62000274658203,78.30000305175781,77.30999755859375,78.1500015258789,639440
2020-11-09T18:30,78.19000244140625,78.23999786376953,75.43000030517578,75.62999725341797,1780014
2020-11-10T14:30,75.91999816894531,76.37999725341797,74.79000091552734,75.87000274658203,996500
2020-11-10T16:30,75.8499984741211,76.2300033569336,75.25,75.80000305175781,556978
2020-11-10T18:30,75.7699966430664,77.1500015258789,75.7699966430664,77.04000091552734,1040973
2020-11-11T14:30,77.47000122070312,77.79000091552734,76.97000122070312,77.61000061035156,599980
2020-11-11T16:30,77.66000366210938,78.22000122070312,77.63999938964844,78.22000122070312,587036
2020-11-11T18:30,78.2300033569336,78.25,76.95999908447266,77.18000030517578,904315
2020-11-12T14:30,76.5,76.83000183105469,75.97000122070312,76.5,775200
2020-11-12T16:30,76.4800033569336,76.5,75.26000213623047,75.41000366210938,560810
2020-11-12T18:30,75.41000366210938,75.58000183105469,74.9800033569336,75.5,1277215
2020-11-13T14:30,75.87000274658203,76.3499984741211,75.77999877929688,76.0199966430664,348978
2020-11-13T16:30,76.02999877929688,76.2300033569336,75.80999755859375,76.20999908447266,249639
2020-11-13T18:30,76.18000030517578,76.38999938964844,75.91999816894531,76.08999633789062,717420
2020-11-16T14:30,76.94000244140625,76.94000244140625,75.75,76.23999786376953,715554
2020-11-16T16:30,76.23999786376953,76.41000366210938,75.7699966430664,75.77999877929688,574920
2020-11-16T18:30,75.77999877929688,76.13999938964844,75.68000030517578,76.13999938964844,914242
2020-11-17T14:30,75.54000091552734,76.0999984741211,75.5,76.02999877929688,464455
2020-11-17T16:30,75.98999786376953,76.04000091552734,75.44000244140625,75.44000244140625,463452
2020-11-17T18:30,75.43000030517578,75.62000274658203,74.36000061035156,74.41999816894531,1427021
2020-11-18T14:30,75.12000274658203,75.2699966430664,74.3499984741211,74.80999755859375,945773
2020-11-18T16:30,74.83000183105469,74.95999908447266,74.33999633789062,74.44000244140625,410863
2020-11-18T18:30,74.44000244140625,74.47000122070312,73.2699966430664,73.31999969482422,1107481
2020-11-19T14:30,73.16999816894531,73.2699966430664,72.0999984741211,72.97000122070312,813930
2020-11-19T16:30,72.9800033569336,73.30999755859375,72.79000091552734,73.2300033569336,595150
2020-11-19T18:30,73.23999786376953,73.51000213623047,73.0999984741211,73.45999908447266,953447
2020-11-20T14:30,73.47000122070312,74.1500015258789,73.19999694824219,74.13999938964844,641784
2020-11-20T16:30,74.12000274658203,74.22000122070312,73.9000015258789,74.16999816894531,531989
2020-11-20T18:30,74.1500015258789,74.23999786376953,73.80999755859375,74.16000366210938,1200532
2020-11-23T14:30,74.11000061035156,74.33000183105469,73.70999908447266,74.16000366210938,890518
2020-11-23T16:30,74.1500015258789,74.5999984741211,74.04000091552734,74.33999633789062,492699
2020-11-23T18:30,74.31999969482422,74.83999633789062,74.2300033569336,74.7699966430664,1373185
2020-11-24T14:30,75.68000030517578,76.62000274658203,75.22000122070312,76.61000061035156,1088918
2020-11-24T16:30,76.61000061035156,77.04000091552734,76.56999969482422,76.75,701949
2020-11-24T18:30,76.7699966430664,77.16999816894531,76.69999694824219,77.12999725341797,1494179
2020-11-25T14:30,76.86000061035156,77.02999877929688,75.97000122070312,76.33000183105469,562732
2020-11-25T16:30,76.30999755859375,76.5199966430664,76.1500015258789,76.44000244140625,296673
2020-11-25T18:30,76.44999694824219,77.08999633789062,76.30999755859375,77.0199966430664,724725
2020-11-27T14:30,77.0199966430664,77.0199966430664,75.51000213623047,75.56999969482422,558502
2020-11-27T16:30,75.61000061035156,75.8499984741211,75.37999725341797,75.77999877929688,855202
2020-11-27T18:30,75.73999786376953,75.8499984741211,75.73999786376953,75.8499984741211,3907
2020-11-30T14:30,75.4000015258789,75.5,74.51000213623047,74.52999877929688,827936
2020-11-30T16:30,74.5199966430664,74.86000061035156,74.2300033569336,74.58000183105469,553560
2020-11-30T18:30,74.58000183105469,74.58999633789062,73.6500015258789,74.16999816894531,1344249
2020-12-01T14:30,74.94999694824219,75.80999755859375,74.76000213623047,75.41000366210938,1035208
2020-12-01T16:30,75.47000122070312,75.77999877929688,75.13999938964844,75.25,360847
2020-12-01T18:30,75.26000213623047,75.36000061035156,74.63999938964844,74.70999908447266,881476
2020-12-02T14:30,74.58000183105469,74.79000091552734,73.62999725341797,74.37999725341797,564887
2020-12-02T16:30,74.36000061035156,74.47000122070312,74.02999877929688,74.43000030517578,377665
2020-12-02T18:30,74.41000366210938,75.2300033569336,74.41000366210938,75.20999908447266,808306
2020-12-03T14:30,74.94000244140625,75.05999755859375,74.19000244140625,74.56999969482422,428812
2020-12-03T16:30,74.5999984741211,74.69000244140625,74.1500015258789,74.33000183105469,494574
2020-12-03T18:30,74.33000183105469,74.43000030517578,73.7699966430664,74.0199966430664,811641
2020-12-04T14:30,73.86000061035156,74.2300033569336,73.12999725341797,73.1500015258789,1001298
2020-12-04T16:30,73.1500015258789,73.30999755859375,72.58000183105469,72.58000183105469,611183
2020-12-04T18:30,72.58999633789062,73.05999755859375,72.20999908447266,73.02999877929688,1211858
2020-12-07T14:30,72.58000183105469,73.94000244140625,72.54000091552734,73.79000091552734,457465
2020-12-07T16:30,73.79000091552734,73.91999816894531,73.5,73.58999633789062,314060
2020-12-07T18:30,73.58999633789062,73.70999908447266,73.2699966430664,73.58999633789062,740300
2020-12-08T14:30,73.16000366210938,73.5,72.41999816894531,73.44000244140625,737772
2020-12-08T16:30,73.44999694824219,73.70999908447266,73.33999633789062,73.55999755859375,425667
2020-12-08T18:30,73.56999969482422,73.58999633789062,73.30999755859375,73.30999755859375,768924
2020-12-09T14:30,73.29000091552734,73.38999938964844,72.3499984741211,72.45999908447266,612686
2020-12-09T16:30,72.45999908447266,72.97000122070312,72.33000183105469,72.97000122070312,446541
2020-12-09T18:30,72.97000122070312,73.48999786376953,72.86000061035156,73.20999908447266,1060964
2020-12-10T14:30,73.44999694824219,73.66999816894531,72.76000213623047,73.38999938964844,866597
2020-12-10T16:30,73.38999938964844,73.56999969482422,73.26000213623047,73.5,455502
2020-12-10T18:30,73.51000213623047,73.75,73.2300033569336,73.52999877929688,1189162
2020-12-11T14:30,73.05999755859375,73.58999633789062,73.05999755859375,73.20999908447266,455046
2020-12-11T16:30,73.2300033569336,73.55999755859375,72.81999969482422,73.47000122070312,657931
2020-12-11T18:30,73.47000122070312,73.61000061035156,73.25,73.33999633789062,1022175
2020-12-14T14:30,74,75.36000061035156,73.80000305175781,73.88999938964844,995111
2020-12-14T16:30,73.88999938964844,74.12999725341797,73.44000244140625,73.47000122070312,465498
2020-12-14T18:30,73.4800033569336,73.66000366210938,72.9800033569336,72.9800033569336,840241
2020-12-15T14:30,73.11000061035156,74.05999755859375,72.81999969482422,73.73999786376953,625710
2020-12-15T16:30,73.68000030517578,74.37000274658203,73.58000183105469,74.19000244140625,728756
2020-12-15T18:30,74.19000244140625,74.23999786376953,73.58999633789062,73.79000091552734,1142925
2020-12-16T14:30,74.01000213623047,74.4800033569336,73.55000305175781,73.70999908447266,668472
2020-12-16T16:30,73.70999908447266,73.73999786376953,72.98999786376953,73.16999816894531,358775
2020-12-16T18:30,73.16999816894531,73.16999816894531,72.58000183105469,72.58000183105469,1347546
2020-12-17T14:30,73.1500015258789,73.55000305175781,72.9000015258789,73.2699966430664,767998
2020-12-17T16:30,73.26000213623047,73.38999938964844,73.0999984741211,73.30999755859375,490165
2020-12-17T18:30,73.30000305175781,73.55999755859375,73.1500015258789,73.31999969482422,1218684
2020-12-18T14:30,73.26000213623047,73.37999725341797,72.79000091552734,72.88999938964844,1171487
2020-12-18T16:30,72.88999938964844,73.12999725341797,72.79000091552734,72.94000244140625,387385
2020-12-18T18:30,72.91999816894531,72.93000030517578,72.29000091552734,72.3499984741211,1554007
2020-12-21T14:30,71.94000244140625,72.0999984741211,70.83000183105469,70.88999938964844,984611
2020-12-21T16:30,70.9000015258789,71.3499984741211,70.63999938964844,71.13999938964844,614208
2020-12-21T18:30,71.12000274658203,71.38999938964844,70.97000122070312,71.37000274658203,1091662
2020-12-22T14:30,71.37000274658203,71.58000183105469,70.97000122070312,71.45999908447266,383915
2020-12-22T16:30,71.4800033569336,71.61000061035156,71.20999908447266,71.29000091552734,399210
2020-12-22T18:30,71.29000091552734,71.75,71.2699966430664,71.7300033569336,889103
2020-12-23T14:30,72.08000183105469,72.69999694824219,71.75,71.86000061035156,466864
2020-12-23T16:30,71.86000061035156,71.91000366210938,71.63999938964844,71.75,334152
2020-12-23T18:30,71.73999786376953,71.75,71.30999755859375,71.33000183105469,659153
2020-12-24T14:30,71.47000122070312,71.73999786376953,71.12999725341797,71.61000061035156,311469
2020-12-24T16:30,71.56999969482422,71.87000274658203,71.41000366210938,71.83000183105469,518951
2020-12-24T18:30,71.83000183105469,71.83000183105469,71.54000091552734,71.54000091552734,1237
2020-12-28T14:30,72.22000122070312,72.62000274658203,71.87999725341797,72.11000061035156,427542
2020-12-28T16:30,72.08000183105469,72.22000122070312,71.93000030517578,72.0199966430664,274397
2020-12-28T18:30,72.0199966430664,72.33000183105469,71.94999694824219,72.30000305175781,605111
2020-12-29T14:30,72.5199966430664,72.93000030517578,72.26000213623047,72.5,487984
2020-12-29T16:30,72.51000213623047,72.6500015258789,72.0199966430664,72.23999786376953,304632
2020-12-29T18:30,72.22000122070312,72.22000122070312,71.83999633789062,71.9800033569336,623873
2020-12-30T14:30,72.05000305175781,72.95999908447266,72.02999877929688,72.9000015258789,394264
2020-12-30T16:30,72.87999725341797,72.91999816894531,72.52999877929688,72.54000091552734,312677
2020-12-30T18:30,72.54000091552734,72.75,72.44999694824219,72.58000183105469,716762
2020-12-31T14:30,72.58000183105469,72.94999694824219,72.30999755859375,72.5,292750
2020-12-31T16:30,72.5199966430664,72.66999816894531,72.37999725341797,72.5,199411
2020-12-31T18:30,72.5,73.41000366210938,72.5,73.36000061035156,547163
2021-01-04T14:30,73.5199966430664,73.80000305175781,72.29000091552734,72.4000015258789,474782
2021-01-04T16:30,72.37000274658203,72.37999725341797,71.86000061035156,71.91999816894531,370933
2021-01-04T18:30,71.9000015258789,72.05999755859375,71.45999908447266,71.9000015258789,817210
2021-01-05T14:30,71.93000030517578,72.25,71.33000183105469,71.56999969482422,678978
2021-01-05T16:30,71.55999755859375,71.95999908447266,71.43000030517578,71.80999755859375,333741
2021-01-05T18:30,71.79000091552734,72.08999633789062,71.63999938964844,71.86000061035156,792776
2021-01-06T14:30,72.05999755859375,72.9800033569336,71.98999786376953,72.91999816894531,707800
2021-01-06T16:30,72.94999694824219,73.47000122070312,72.77999877929688,73.38999938964844,541467
2021-01-06T18:30,73.41000366210938,73.51000213623047,72.61000061035156,72.80999755859375,1040099
2021-01-07T14:30,73.0199966430664,73.2699966430664,72.05999755859375,72.27999877929688,635387
2021-01-07T16:30,72.30000305175781,72.55000305175781,71.91999816894531,71.9800033569336,473780
2021-01-07T18:30,71.97000122070312,72.29000091552734,71.88999938964844,72,1156545
2021-01-08T14:30,72.05999755859375,72.4000015258789,71.9000015258789,72.0199966430664,638997
2021-01-08T16:30,72.02999877929688,72.19000244140625,71.77999877929688,71.87000274658203,502372
2021-01-08T18:30,71.87000274658203,72.41999816894531,71.62999725341797,72.13999938964844,970001
2021-01-11T14:30,71.80999755859375,72.43000030517578,71.41000366210938,71.45999908447266,508834
2021-01-11T16:30,71.45999908447266,71.62000274658203,71.11000061035156,71.29000091552734,480039
2021-01-11T18:30,71.27999877929688,71.69999694824219,70.91999816894531,71.5,864473
2021-01-12T14:30,71.41000366210938,71.73999786376953,70.91999816894531,71.02999877929688,707957
2021-01-12T16:30,71.06999969482422,71.12000274658203,70.19000244140625,71.0999984741211,896758
2021-01-12T18:30,71.0999984741211,71.36000061035156,70.9000015258789,71.20999908447266,837348
2021-01-13T14:30,71.27999877929688,73.19999694824219,71.25,72.9800033569336,961364
2021-01-13T16:30,72.94999694824219,73.98999786376953,72.76000213623047,73.62000274658203,897092
2021-01-13T18:30,73.62000274658203,73.66000366210938,73.08999633789062,73.3499984741211,1056649
2021-01-14T14:30,73.3499984741211,73.3499984741211,72.36000061035156,72.6500015258789,602701
2021-01-14T16:30,72.63999938964844,73.29000091552734,72.58000183105469,73.23999786376953,390889
2021-01-14T18:30,73.26000213623047,73.66000366210938,72.98999786376953,73.43000030517578,1453753
2021-01-15T14:30,72.81999969482422,73.83000183105469,72.58000183105469,73.69999694824219,1063137
2021-01-15T16:30,73.70999908447266,74,73.4800033569336,73.62999725341797,383133
2021-01-15T18:30,73.61000061035156,73.98999786376953,73.47000122070312,73.79000091552734,1076050
2021-01-19T14:30,74.4000015258789,74.45999908447266,72.79000091552734,72.88999938964844,646264
2021-01-19T16:30,72.88999938964844,73.11000061035156,72.45999908447266,72.61000061035156,454459
2021-01-19T18:30,72.61000061035156,72.72000122070312,72.37999725341797,72.41000366210938,877651
2021-01-20T14:30,72.33999633789062,72.9000015258789,71.69999694824219,72.58999633789062,559543
2021-01-20T16:30,72.58999633789062,73.05999755859375,72.55000305175781,72.76000213623047,414814
2021-01-20T18:30,72.75,73.06999969482422,72.55999755859375,72.7300033569336,949354
2021-01-21T14:30,72.5,72.70999908447266,72.02999877929688,72.05999755859375,383624
2021-01-21T16:30,72.04000091552734,72.4800033569336,71.94000244140625,72.27999877929688,288408
2021-01-21T18:30,72.27999877929688,72.58000183105469,72.19999694824219,72.2300033569336,667960
2021-01-22T14:30,71.94999694824219,72.29000091552734,71.66000366210938,72.0999984741211,372141
2021-01-22T16:30,72.12000274658203,72.54000091552734,72.0999984741211,72.48999786376953,245164
2021-01-22T18:30,72.5,72.62999725341797,72.33000183105469,72.33000183105469,672248
2021-01-25T14:30,72.0999984741211,74.16999816894531,71.93000030517578,73.56999969482422,841809
2021-01-25T16:30,73.56999969482422,74.45999908447266,73.2300033569336,74.20999908447266,565291
2021-01-25T18:30,74.22000122070312,74.55999755859375,73.86000061035156,74.43000030517578,1041884
2021-01-26T14:30,74.29000091552734,74.33999633789062,73.58999633789062,74.1500015258789,517784
2021-01-26T16:30,74.1500015258789,74.47000122070312,73.98999786376953,74.38999938964844,353428
2021-01-26T18:30,74.4000015258789,74.86000061035156,74.33999633789062,74.44000244140625,1007709
2021-01-27T14:30,73.9800033569336,75.43000030517578,73.79000091552734,74.7699966430664,798994
2021-01-27T16:30,74.76000213623047,74.9800033569336,74.23999786376953,74.79000091552734,520867
2021-01-27T18:30,74.80000305175781,74.80999755859375,73.16000366210938,73.47000122070312,1149691
2021-01-28T14:30,73.83000183105469,75.05999755859375,73.55999755859375,74.95999908447266,483203
2021-01-28T16:30,74.97000122070312,74.9800033569336,74.11000061035156,74.4000015258789,331020
2021-01-28T18:30,74.41000366210938,74.51000213623047,73.26000213623047,73.27999877929688,813173
2021-01-29T14:30,73.77999877929688,75.76000213623047,72.94000244140625,75.3499984741211,1258077
2021-01-29T16:30,75.33999633789062,75.6500015258789,74.97000122070312,75.31999969482422,868769
2021-01-29T18:30,75.33000183105469,75.54000091552734,75.0199966430664,75.31999969482422,1818581
2021-02-01T14:30,75.33999633789062,75.62000274658203,74.41000366210938,75.04000091552734,741669
2021-02-01T16:30,75.0199966430664,75.4000015258789,74.58999633789062,74.69999694824219,451928
2021-02-01T18:30,74.70999908447266,75.29000091552734,74.62000274658203,74.62999725341797,1019521
2021-02-02T14:30,74.56999969482422,75.98999786376953,74.25,75.80999755859375,527152
2021-02-02T16:30,75.83999633789062,76.05999755859375,75.4000015258789,75.5199966430664,474209
2021-02-02T18:30,75.51000213623047,75.52999877929688,74.56999969482422,74.58000183105469,819154
2021-02-03T14:30,74.29000091552734,74.9000015258789,74.11000061035156,74.72000122070312,1142119
2021-02-03T16:30,74.70999908447266,74.87000274658203,74.4800033569336,74.75,346515
2021-02-03T18:30,74.7699966430664,74.98999786376953,74.54000091552734,74.80000305175781,821078
2021-02-04T14:30,75.04000091552734,75.68000030517578,74.75,75.37999725341797,527368
2021-02-04T16:30,75.37999725341797,75.56999969482422,74.87999725341797,74.91999816894531,457118
2021-02-04T18:30,74.91000366210938,75.61000061035156,74.88999938964844,75.5999984741211,983923
2021-02-05T14:30,75.69999694824219,76.45999908447266,75.31999969482422,76.38999938964844,526259
2021-02-05T16:30,76.37999725341797,76.37999725341797,75.75,76.12999725341797,392124
2021-02-05T18:30,76.11000061035156,76.3499984741211,75.86000061035156,75.91000366210938,789323
2021-02-08T14:30,75.79000091552734,75.83999633789062,74.80000305175781,75.19000244140625,527561
2021-02-08T16:30,75.20999908447266,75.36000061035156,74.68000030517578,74.68000030517578,405108
2021-02-08T18:30,74.68000030517578,75.02999877929688,74.5199966430664,75.02999877929688,781008
2021-02-09T14:30,74.98999786376953,75.3499984741211,74.33000183105469,74.56999969482422,446434
2021-02-09T16:30,74.58999633789062,75.08000183105469,74.5,74.77999877929688,390418
2021-02-09T18:30,74.77999877929688,74.94999694824219,74.54000091552734,74.73999786376953,697093
2021-02-10T14:30,75.12000274658203,75.22000122070312,74.3499984741211,74.91000366210938,629566
2021-02-10T16:30,74.91000366210938,75.01000213623047,74.43000030517578,74.62999725341797,441446
2021-02-10T18:30,74.62000274658203,75.44999694824219,74.62000274658203,75.04000091552734,1009162
2021-02-11T14:30,75.02999877929688,75.12999725341797,73.58999633789062,73.94000244140625,1058641
2021-02-11T16:30,73.9000015258789,74.12000274658203,73.41000366210938,73.45999908447266,549675
2021-02-11T18:30,73.44999694824219,73.56999969482422,73.12999725341797,73.19000244140625,1428520
2021-02-12T14:30,72.77999877929688,73.16000366210938,72.47000122070312,72.55000305175781,674858
2021-02-12T16:30,72.55000305175781,72.7300033569336,72.36000061035156,72.4000015258789,537371
2021-02-12T18:30,72.4000015258789,72.79000091552734,72.16000366210938,72.75,1067377
2021-02-16T14:30,72.55000305175781,73.01000213623047,71.5199966430664,71.61000061035156,761232
2021-02-16T16:30,71.5999984741211,71.91000366210938,71.25,71.79000091552734,622987
2021-02-16T18:30,71.80999755859375,71.81999969482422,71.41000366210938,71.52999877929688,962444
2021-02-17T14:30,71.69000244140625,71.88999938964844,71.13999938964844,71.87000274658203,1365695
2021-02-17T16:30,71.83999633789062,72.5,71.61000061035156,71.81999969482422,794177
2021-02-17T18:30,71.80000305175781,72.27999877929688,71.72000122070312,72.18000030517578,1192082
2021-02-18T14:30,72.20999908447266,72.9800033569336,72.12000274658203,72.83000183105469,1044148
2021-02-18T16:30,72.83000183105469,73.2300033569336,72.52999877929688,73.11000061035156,648729
2021-02-18T18:30,73.11000061035156,73.13999938964844,72.41999816894531,72.47000122070312,1387311
2021-02-19T14:30,72.38999938964844,72.38999938964844,71.63999938964844,72.05000305175781,1071272
2021-02-19T16:30,72.05000305175781,72.25,71.95999908447266,72.0199966430664,485246
2021-02-19T18:30,72.01000213623047,72.16999816894531,71.41000366210938,71.58000183105469,1302127
2021-02-22T14:30,71.33999633789062,71.69999694824219,71.02999877929688,71.16000366210938,848750
2021-02-22T16:30,71.16999816894531,71.2699966430664,70.76000213623047,70.97000122070312,574492
2021-02-22T18:30,70.97000122070312,71.75,70.4800033569336,71.5199966430664,1161765
2021-02-23T14:30,72.33999633789062,72.87999725341797,71.44999694824219,72.08999633789062,959853
2021-02-23T16:30,72.08000183105469,72.56999969482422,71.98999786376953,72.37000274658203,423611
2021-02-23T18:30,72.37999725341797,72.58999633789062,72.05999755859375,72.06999969482422,788085
2021-02-24T14:30,71.98999786376953,72.02999877929688,70.77999877929688,70.80999755859375,656830
2021-02-24T16:30,70.80000305175781,71.06999969482422,70.69999694824219,71,514992
2021-02-24T18:30,71,71.22000122070312,70.69000244140625,70.72000122070312,950426
2021-02-25T14:30,70.62000274658203,71.83999633789062,70.58000183105469,71.19000244140625,1155070
2021-02-25T16:30,71.16999816894531,71.23999786376953,70.41999816894531,70.54000091552734,666383
2021-02-25T18:30,70.5199966430664,70.69000244140625,70.16999816894531,70.5199966430664,1310874
2021-02-26T14:30,70.69000244140625,71.75,70.3499984741211,70.69000244140625,1021186
2021-02-26T16:30,70.68000030517578,70.9800033569336,70.44000244140625,70.58999633789062,566668
2021-02-26T18:30,70.5999984741211,70.63999938964844,69.25,69.27999877929688,1359749
2021-03-01T14:30,69.62000274658203,71.05999755859375,69.61000061035156,70.77999877929688,928371
2021-03-01T16:30,70.80000305175781,71.1500015258789,70.66000366210938,71.02999877929688,496630
2021-03-01T18:30,71.04000091552734,71.26000213623047,70.33000183105469,70.44999694824219,915053
2021-03-02T14:30,70.47000122070312,70.66000366210938,69.97000122070312,70.58999633789062,711139
2021-03-02T16:30,70.5999984741211,70.8499984741211,70.47000122070312,70.80999755859375,409568
2021-03-02T18:30,70.81999969482422,71.12000274658203,70.56999969482422,70.62000274658203,866484
2021-03-03T14:30,70.33000183105469,70.4800033569336,69.44999694824219,69.68000030517578,606851
2021-03-03T16:30,69.68000030517578,70.23999786376953,69.66999816894531,70.22000122070312,482165
2021-03-03T18:30,70.20999908447266,70.79000091552734,70.06999969482422,70.66000366210938,1151115
2021-03-04T14:30,70.66000366210938,71.80000305175781,70.30000305175781,71.48999786376953,919216
2021-03-04T16:30,71.48999786376953,71.8499984741211,70.48999786376953,70.76000213623047,731793
2021-03-04T18:30,70.76000213623047,70.83000183105469,69.62000274658203,69.9800033569336,1775342
2021-03-05T14:30,70.22000122070312,70.83999633789062,69.75,70.5999984741211,841326
2021-03-05T16:30,70.62000274658203,70.80000305175781,70.12999725341797,70.66000366210938,736034
2021-03-05T18:30,70.66999816894531,72.04000091552734,70.51000213623047,71.68000030517578,1591643
2021-03-08T14:30,72.04000091552734,72.7699966430664,71.68000030517578,72.61000061035156,1008804
2021-03-08T16:30,72.5999984741211,73.66000366210938,72.43000030517578,73.55999755859375,738476
2021-03-08T18:30,73.55999755859375,73.83999633789062,73.01000213623047,73.0199966430664,1597616
2021-03-09T14:30,73.0199966430664,73.9800033569336,72.68000030517578,73.5999984741211,1132581
2021-03-09T16:30,73.5999984741211,74.04000091552734,73.5,73.81999969482422,526389
2021-03-09T18:30,73.83000183105469,73.91000366210938,73.45999908447266,73.62000274658203,1120559
2021-03-10T14:30,73.62000274658203,74.22000122070312,73.33000183105469,73.72000122070312,1272173
2021-03-10T16:30,73.7300033569336,73.83000183105469,73.44999694824219,73.69000244140625,975936
2021-03-10T18:30,73.68000030517578,73.87000274658203,73.33999633789062,73.48999786376953,1707827
2021-03-11T14:30,73.38999938964844,74.37999725341797,73.06999969482422,74.37999725341797,760939
2021-03-11T16:30,74.37999725341797,74.68000030517578,74.19999694824219,74.44999694824219,675644
2021-03-11T18:30,74.44999694824219,74.70999908447266,73.36000061035156,73.41000366210938,1413341
2021-03-12T14:30,73.66000366210938,74.12000274658203,73.4000015258789,73.83999633789062,1020411
2021-03-12T16:30,73.81999969482422,74.23999786376953,73.77999877929688,74.13999938964844,521797
2021-03-12T18:30,74.13999938964844,74.41999816894531,73.87000274658203,73.9800033569336,1502761
2021-03-15T13:30,74.37000274658203,74.77999877929688,74.08000183105469,74.51000213623047,932473
2021-03-15T15:30,74.5,74.80999755859375,74.33999633789062,74.69000244140625,746464
2021-03-15T17:30,74.69999694824219,74.91000366210938,74.31999969482422,74.72000122070312,1256088
2021-03-16T13:30,74.62000274658203,75.27999877929688,74.30999755859375,75.22000122070312,845134
2021-03-16T15:30,75.20999908447266,75.4000015258789,74.9800033569336,75.36000061035156,535921
2021-03-16T17:30,75.3499984741211,75.58000183105469,75.0199966430664,75.30000305175781,1080349
2021-03-17T13:30,75.23999786376953,75.52999877929688,74.83999633789062,75.12999725341797,914218
2021-03-17T15:30,75.12999725341797,75.26000213623047,74.83000183105469,74.8499984741211,577128
2021-03-17T17:30,74.8499984741211,75.16999816894531,74.04000091552734,74.31999969482422,1835105
2021-03-18T13:30,74.33999633789062,74.9800033569336,73.88999938964844,74.25,731050
2021-03-18T15:30,74.26000213623047,74.61000061035156,73.94999694824219,74.56999969482422,672501
2021-03-18T17:30,74.56999969482422,75,74.41999816894531,74.75,1566619
2021-03-19T13:30,74.81999969482422,75.20999908447266,74.13999938964844,75.01000213623047,1642477
2021-03-19T15:30,74.97000122070312,75.5199966430664,74.88999938964844,75.19000244140625,727998
2021-03-19T17:30,75.19000244140625,75.55999755859375,74.79000091552734,75.05000305175781,2057265
2021-03-22T13:30,75.05000305175781,75.47000122070312,74.55000305175781,75.05999755859375,1168992
2021-03-22T15:30,75.05999755859375,75.16000366210938,74.77999877929688,74.9000015258789,724628
2021-03-22T17:30,74.9000015258789,75.47000122070312,74.62999725341797,75.37000274658203,1251201
2021-03-23T13:30,75.2699966430664,75.76000213623047,74.98999786376953,75.75,669884
2021-03-23T15:30,75.76000213623047,76.29000091552734,75.7300033569336,76.1500015258789,797657
2021-03-23T17:30,76.1500015258789,76.55999755859375,75.72000122070312,76.0999984741211,1714038
2021-03-24T13:30,75.69999694824219,76.7300033569336,75.5999984741211,76.4800033569336,661995
2021-03-24T15:30,76.5199966430664,76.7699966430664,76.45999908447266,76.56999969482422,554208
2021-03-24T17:30,76.55999755859375,77,76.30999755859375,76.38999938964844,1275966
2021-03-25T13:30,76.83999633789062,77.62000274658203,76.41000366210938,77.5199966430664,782380
2021-03-25T15:30,77.54000091552734,77.62000274658203,77.19000244140625,77.37000274658203,499136
2021-03-25T17:30,77.38999938964844,77.58000183105469,77.16999816894531,77.33000183105469,859153
2021-03-26T13:30,77.16000366210938,77.66000366210938,76.73999786376953,77.2699966430664,532982
2021-03-26T15:30,77.2699966430664,77.44999694824219,76.8499984741211,77.18000030517578,681636
2021-03-26T17:30,77.18000030517578,77.6500015258789,77.05000305175781,77.55999755859375,1266718
2021-03-29T13:30,77.52999877929688,78.75,77.1500015258789,78.75,1122879
2021-03-29T15:30,78.75,79.02999877929688,78.5,78.98999786376953,731094
2021-03-29T17:30,78.9800033569336,79.25,78.9000015258789,78.98999786376953,1640344
2021-03-30T13:30,78.98999786376953,79.02999877929688,77.69000244140625,77.69999694824219,786465
2021-03-30T15:30,77.69999694824219,77.76000213623047,77.3499984741211,77.61000061035156,620719
2021-03-30T17:30,77.62000274658203,78.05999755859375,77.4800033569336,77.91000366210938,983688
2021-03-31T13:30,77.66000366210938,78.05999755859375,77.56999969482422,77.76000213623047,625457
2021-03-31T15:30,77.73999786376953,77.91000366210938,77.63999938964844,77.81999969482422,369869
2021-03-31T17:30,77.81999969482422,78.33999633789062,77.69000244140625,78.12999725341797,1156451
2021-04-01T13:30,78.05000305175781,78.12999725341797,77.16999816894531,77.6500015258789,988326
2021-04-01T15:30,77.6500015258789,78.01000213623047,77.44000244140625,77.91999816894531,553521
2021-04-01T17:30,77.93000030517578,77.98999786376953,77.30999755859375,77.93000030517578,998697
2021-04-05T13:30,77.98999786376953,78.94999694824219,77.83999633789062,78.86000061035156,723252
2021-04-05T15:30,78.87000274658203,79.05000305175781,78.58999633789062,78.7300033569336,477995
2021-04-05T17:30,78.72000122070312,78.7300033569336,78.33000183105469,78.47000122070312,887565
2021-04-06T13:30,78.31999969482422,78.62999725341797,77.76000213623047,78.62000274658203,836121
2021-04-06T15:30,78.5999984741211,78.83999633789062,78.44000244140625,78.79000091552734,481421
2021-04-06T17:30,78.77999877929688,79,78.58000183105469,78.9800033569336,1142834
2021-04-07T13:30,79.08000183105469,79.36000061035156,78.87000274658203,79.08999633789062,528609
2021-04-07T15:30,79.08999633789062,79.29000091552734,78.97000122070312,79.19000244140625,392361
2021-04-07T17:30,79.19000244140625,79.2300033569336,78.80000305175781,79.18000030517578,861929
2021-04-08T13:30,79.26000213623047,79.44000244140625,78.80999755859375,79.08999633789062,513331
2021-04-08T15:30,79.05999755859375,79.08999633789062,78.8499984741211,79.01000213623047,294302
2021-04-08T17:30,79.01000213623047,79.19000244140625,78.88999938964844,79.02999877929688,775631
2021-04-09T13:30,79.31999969482422,79.91999816894531,79.12000274658203,79.30999755859375,593286
2021-04-09T15:30,79.30999755859375,79.36000061035156,78.97000122070312,79.08999633789062,341171
2021-04-09T17:30,79.08999633789062,79.11000061035156,78.87000274658203,78.93000030517578,778837
2021-04-12T13:30,78.62999725341797,79.41000366210938,78.56999969482422,79.05000305175781,507901
2021-04-12T15:30,79.05000305175781,79.16999816894531,78.97000122070312,79.11000061035156,352817
2021-04-12T17:30,79.12000274658203,79.1500015258789,78.80000305175781,79.0199966430664,871769
2021-04-13T13:30,78.61000061035156,79.62999725341797,78.36000061035156,79.5999984741211,851423
2021-04-13T15:30,79.5999984741211,80.01000213623047,79.5199966430664,79.94999694824219,477496
2021-04-13T17:30,79.94000244140625,79.94000244140625,79.6500015258789,79.72000122070312,1052859
2021-04-14T13:30,79.55999755859375,80.02999877929688,79.3499984741211,79.86000061035156,737228
2021-04-14T15:30,79.87000274658203,80.04000091552734,79.69000244140625,80,556695
2021-04-14T17:30,80,80.02999877929688,79.80000305175781,79.97000122070312,1211830
2021-04-15T13:30,80,80.4000015258789,79.91999816894531,80.23999786376953,624837
2021-04-15T15:30,80.26000213623047,80.62000274658203,80.11000061035156,80.56999969482422,490057
2021-04-15T17:30,80.56999969482422,80.8499984741211,80.47000122070312,80.75,1226129
2021-04-16T13:30,80.81999969482422,81.54000091552734,80.73999786376953,81.2699966430664,1126945
2021-04-16T15:30,81.27999877929688,81.6500015258789,81.06999969482422,81.6500015258789,419681
2021-04-16T17:30,81.6500015258789,81.8499984741211,81.43000030517578,81.47000122070312,1225220
2021-04-19T13:30,81.48999786376953,81.48999786376953,81.48999786376953,81.48999786376953,44349
2021-04-20T13:30,81.13999938964844,82.41999816894531,80.98999786376953,82.41000366210938,1082678
2021-04-20T15:30,82.41000366210938,82.41999816894531,81.98999786376953,82.13999938964844,546779
2021-04-20T17:30,82.13999938964844,82.22000122070312,81.9800033569336,82.06999969482422,1198316
2021-04-21T13:30,82.05000305175781,82.27999877929688,81.4000015258789,81.63999938964844,575486
2021-04-21T15:30,81.62999725341797,81.76000213623047,81.41000366210938,81.68000030517578,436283
2021-04-21T17:30,81.66999816894531,82.02999877929688,81.5999984741211,81.81999969482422,899844
2021-04-22T13:30,81.91999816894531,81.91999816894531,81.37999725341797,81.66999816894531,635286
2021-04-22T15:30,81.69000244140625,81.7300033569336,81.08000183105469,81.4000015258789,620613
2021-04-22T17:30,81.38999938964844,81.51000213623047,80.97000122070312,81,1478193
2021-04-23T13:30,81.01000213623047,81.30999755859375,80.48999786376953,81.08000183105469,627551
2021-04-23T15:30,81.08000183105469,81.22000122070312,80.83000183105469,80.83000183105469,390630
2021-04-23T17:30,80.83000183105469,81.08999633789062,80.70999908447266,80.81999969482422,957964
2021-04-26T13:30,80.88999938964844,80.88999938964844,80.13999938964844,80.3499984741211,468812
2021-04-26T15:30,80.33999633789062,80.51000213623047,80.23999786376953,80.37000274658203,262739
2021-04-26T17:30,80.37000274658203,80.45999908447266,80.19999694824219,80.30000305175781,849072
2021-04-27T13:30,80.0999984741211,80.13999938964844,79.5999984741211,79.7699966430664,612017
2021-04-27T15:30,79.77999877929688,80.11000061035156,79.76000213623047,80.06999969482422,417177
2021-04-27T17:30,80.06999969482422,80.25,79.69000244140625,79.80000305175781,1129390
2021-04-28T13:30,80.04000091552734,80.26000213623047,79.37999725341797,79.73999786376953,504094
2021-04-28T15:30,79.73999786376953,79.73999786376953,79.44000244140625,79.62000274658203,289861
2021-04-28T17:30,79.61000061035156,79.88999938964844,79.54000091552734,79.80999755859375,799809
2021-04-29T13:30,79.87000274658203,80.54000091552734,79.79000091552734,80.12000274658203,496199
2021-04-29T15:30,80.11000061035156,80.58000183105469,80.06999969482422,80.5,332197
2021-04-29T17:30,80.5,80.63999938964844,80.37000274658203,80.58000183105469,834386
2021-04-30T13:30,80.83000183105469,81.0199966430664,80.3499984741211,80.76000213623047,553295
2021-04-30T15:30,80.7699966430664,81.02999877929688,80.63999938964844,80.94999694824219,363001
2021-04-30T17:30,80.94999694824219,81.51000213623047,80.91999816894531,81.51000213623047,1028861
2021-05-03T13:30,81.5999984741211,82.22000122070312,81.25,82.19000244140625,737626
2021-05-03T15:30,82.19000244140625,82.4800033569336,82.05000305175781,82.41000366210938,564074
2021-05-03T17:30,82.4000015258789,82.47000122070312,81.48999786376953,81.54000091552734,948304
2021-05-04T13:30,81.51000213623047,81.80999755859375,81.02999877929688,81.16999816894531,660814
2021-05-04T15:30,81.16999816894531,81.31999969482422,81.02999877929688,81.08999633789062,442265
2021-05-04T17:30,81.0999984741211,81.76000213623047,81.05000305175781,81.56999969482422,1114834
2021-05-05T13:30,81.33999633789062,81.47000122070312,79.8499984741211,80.13999938964844,781119
2021-05-05T15:30,80.12999725341797,80.25,79.87999725341797,79.95999908447266,324944
2021-05-05T17:30,79.95999908447266,80.48999786376953,79.9000015258789,80.43000030517578,849065
2021-05-06T13:30,80.75,81.16999816894531,80.41000366210938,80.83999633789062,580669
2021-05-06T15:30,80.8499984741211,81.13999938964844,80.73999786376953,81.12000274658203,318444
2021-05-06T17:30,81.11000061035156,81.54000091552734,81.02999877929688,81.37999725341797,849704
2021-05-07T13:30,81.26000213623047,82.05000305175781,81.08999633789062,81.66999816894531,578037
2021-05-07T15:30,81.66999816894531,81.77999877929688,81.43000030517578,81.52999877929688,411511
2021-05-07T17:30,81.54000091552734,82.0999984741211,81.4800033569336,81.6500015258789,1253791
2021-05-10T13:30,81.9800033569336,83.33000183105469,81.80000305175781,83.16999816894531,953431
2021-05-10T15:30,83.16999816894531,87.41999816894531,82.54000091552734,85.08000183105469,2857905
2021-05-10T17:30,85.0999984741211,85.0999984741211,83.76000213623047,83.93000030517578,2464509
2021-05-11T13:30,84.31999969482422,84.66000366210938,83.13999938964844,83.56999969482422,1514571
2021-05-11T15:30,83.55000305175781,84.0199966430664,83.4800033569336,83.83999633789062,739922
2021-05-11T17:30,83.8499984741211,84.05000305175781,83.19000244140625,83.88999938964844,1440726
2021-05-12T13:30,83.81999969482422,83.94000244140625,82.13999938964844,83.08999633789062,1018640
2021-05-12T15:30,83.11000061035156,83.38999938964844,82.62000274658203,82.69999694824219,746416
2021-05-12T17:30,82.72000122070312,82.87999725341797,81.88999938964844,81.9000015258789,1526113
2021-05-13T13:30,82.05000305175781,83.7300033569336,81.91999816894531,83.72000122070312,792906
2021-05-13T15:30,83.7300033569336,84.3499984741211,83.62000274658203,84.0999984741211,634737
2021-05-13T17:30,84.11000061035156,84.6500015258789,83.9800033569336,84.16000366210938,1315884
2021-05-14T13:30,84.41999816894531,84.8499984741211,83.86000061035156,84.33000183105469,743168
2021-05-14T15:30,84.33000183105469,84.58999633789062,84.1500015258789,84.51000213623047,417475
2021-05-14T17:30,84.51000213623047,84.61000061035156,84.12999725341797,84.20999908447266,934412
2021-05-17T13:30,84.30999755859375,85.52999877929688,84.29000091552734,84.55000305175781,1532395
2021-05-17T15:30,84.54000091552734,88.26000213623047,84.48999786376953,85.05999755859375,3589990
2021-05-17T17:30,85.05999755859375,85.12999725341797,83.66000366210938,83.72000122070312,3313671
2021-05-18T13:30,83.5199966430664,84.26000213623047,83.31999969482422,83.43000030517578,2862903
2021-05-18T15:30,83.44000244140625,83.69999694824219,83.43000030517578,83.62000274658203,890454
2021-05-18T17:30,83.62000274658203,84.12999725341797,83.55000305175781,83.75,2538922
2021-05-19T13:30,83.5199966430664,83.6500015258789,81.81999969482422,82.26000213623047,1904827
2021-05-19T15:30,82.25,82.56999969482422,81.95999908447266,82.4800033569336,861436
2021-05-19T17:30,82.47000122070312,82.76000213623047,82.13999938964844,82.68000030517578,1876927
2021-05-20T13:30,82.79000091552734,83.62999725341797,82.69000244140625,83.4800033569336,1500987
2021-05-20T15:30,83.47000122070312,83.98999786376953,83.44000244140625,83.95999908447266,868115
2021-05-20T17:30,83.97000122070312,83.9800033569336,83.43000030517578,83.56999969482422,1562776
2021-05-21T13:30,83.79000091552734,84.2300033569336,83.44999694824219,83.48999786376953,1139953
2021-05-21T15:30,83.44999694824219,83.66000366210938,83.29000091552734,83.48999786376953,538511
2021-05-21T17:30,83.48999786376953,84.13999938964844,83.4800033569336,84.05000305175781,1800210
2021-05-24T13:30,84.23999786376953,84.58999633789062,83.52999877929688,83.62000274658203,1068211
2021-05-24T15:30,83.62999725341797,83.87000274658203,83.4800033569336,83.75,572769
2021-05-24T17:30,83.73999786376953,83.93000030517578,83.56999969482422,83.61000061035156,1210156
2021-05-25T13:30,83.44999694824219,83.56999969482422,82.44000244140625,82.80000305175781,1249773
2021-05-25T15:30,82.79000091552734,83,82.63999938964844,82.83999633789062,695232
2021-05-25T17:30,82.83000183105469,82.9000015258789,82.37000274658203,82.80000305175781,2041101
2021-05-26T13:30,82.77999877929688,82.97000122070312,82.44999694824219,82.76000213623047,725122
2021-05-26T15:30,82.75,83.02999877929688,82.73999786376953,82.86000061035156,566765
2021-05-26T17:30,82.86000061035156,82.87999725341797,82.36000061035156,82.62999725341797,1164435
2021-05-27T13:30,82.79000091552734,82.83000183105469,81.9000015258789,82.0199966430664,1218926
2021-05-27T15:30,82.0199966430664,82.29000091552734,82.01000213623047,82.19000244140625,719236
2021-05-27T17:30,82.19999694824219,82.2699966430664,81.72000122070312,81.7300033569336,2055431
2021-05-28T13:30,82.0199966430664,82.3499984741211,81.88999938964844,82.04000091552734,715173
2021-05-28T15:30,82.02999877929688,82.12000274658203,81.73999786376953,81.8499984741211,432520
2021-05-28T17:30,81.8499984741211,82.13999938964844,81.70999908447266,81.91999816894531,1361338
2021-06-01T13:30,82.16000366210938,82.33000183105469,81.58000183105469,81.97000122070312,1018465
2021-06-01T15:30,81.95999908447266,82.06999969482422,81.37999725341797,81.48999786376953,562309
2021-06-01T17:30,81.51000213623047,81.93000030517578,81.38999938964844,81.77999877929688,1540802
2021-06-02T13:30,82.05000305175781,82.2300033569336,81.48999786376953,82.19999694824219,547459
2021-06-02T15:30,82.20999908447266,82.76000213623047,82.16000366210938,82.72000122070312,429218
2021-06-02T17:30,82.68000030517578,82.68000030517578,82.02999877929688,82.29000091552734,851680
2021-06-03T13:30,81.91999816894531,82.98999786376953,81.87000274658203,82.87999725341797,1069864
2021-06-03T15:30,82.88999938964844,83.26000213623047,82.80999755859375,83.12000274658203,860799
2021-06-03T17:30,83.0999984741211,83.37000274658203,83.02999877929688,83.05999755859375,1675729
2021-06-04T13:30,83.33000183105469,83.43000030517578,82.88999938964844,83.30000305175781,1120181
2021-06-04T15:30,83.30000305175781,83.3499984741211,82.9000015258789,82.95999908447266,623491
2021-06-04T17:30,82.95999908447266,83.20999908447266,82.86000061035156,82.93000030517578,1050151
2021-06-07T13:30,82.98999786376953,83.33999633789062,82.9000015258789,83.23999786376953,905625
2021-06-07T15:30,83.2300033569336,83.52999877929688,83.08999633789062,83.30000305175781,603061
2021-06-07T17:30,83.30999755859375,83.3499984741211,83.02999877929688,83.23999786376953,1843089
2021-06-08T13:30,83.47000122070312,83.47000122070312,82.30999755859375,82.37000274658203,1323675
2021-06-08T15:30,82.37999725341797,82.58999633789062,82.20999908447266,82.30999755859375,1099098
2021-06-08T17:30,82.30000305175781,82.37999725341797,82.08000183105469,82.19999694824219,1620777
2021-06-09T13:30,82.2300033569336,82.66000366210938,82.06999969482422,82.5,579442
2021-06-09T15:30,82.5,82.69999694824219,82.47000122070312,82.69000244140625,308472
2021-06-09T17:30,82.69000244140625,82.91999816894531,82.63999938964844,82.86000061035156,908864
2021-06-10T13:30,82.8499984741211,83.22000122070312,82.66000366210938,82.95999908447266,610644
2021-06-10T15:30,82.98999786376953,83.08999633789062,82.94000244140625,83.01000213623047,382829
2021-06-10T17:30,83.01000213623047,83.23999786376953,82.97000122070312,83.12000274658203,1012601
2021-06-11T13:30,82.97000122070312,83.20999908447266,82.69999694824219,83.01000213623047,493832
2021-06-11T15:30,83.02999877929688,83.06999969482422,82.6500015258789,82.79000091552734,680532
2021-06-11T17:30,82.77999877929688,83.4000015258789,82.76000213623047,83.30000305175781,987873
2021-06-14T13:30,83.30000305175781,83.69999694824219,83.16000366210938,83.2300033569336,535786
2021-06-14T15:30,83.22000122070312,83.36000061035156,83.18000030517578,83.33999633789062,276288
2021-06-14T17:30,83.33999633789062,83.80000305175781,83.2699966430664,83.80000305175781,754128
2021-06-15T13:30,83.83999633789062,84.16000366210938,83.52999877929688,84.05999755859375,606554
2021-06-15T15:30,84.05999755859375,84.23999786376953,83.94000244140625,84.11000061035156,424331
2021-06-15T17:30,84.11000061035156,84.58999633789062,84.05999755859375,84.33000183105469,1112315
2021-06-16T13:30,84.76000213623047,84.91000366210938,84.16999816894531,84.51000213623047,1032691
2021-06-16T15:30,84.51000213623047,84.51000213623047,84.08999633789062,84.20999908447266,660587
2021-06-16T17:30,84.19999694824219,84.19999694824219,83.12999725341797,83.19000244140625,1534839
2021-06-17T13:30,83.20999908447266,83.97000122070312,82.94000244140625,83.93000030517578,795012
2021-06-17T15:30,83.93000030517578,84.30999755859375,83.91999816894531,84.20999908447266,617371
2021-06-17T17:30,84.22000122070312,84.22000122070312,83.4800033569336,83.69999694824219,1611690
2021-06-18T13:30,83.41000366210938,83.55999755859375,82.25,82.4800033569336,2277784
2021-06-18T15:30,82.5199966430664,82.79000091552734,82.5,82.54000091552734,368807
2021-06-18T17:30,82.52999877929688,82.69999694824219,81.31999969482422,81.41000366210938,1455224
2021-06-21T13:30,81.79000091552734,82.61000061035156,81.5199966430664,82.56999969482422,764044
2021-06-21T15:30,82.54000091552734,82.98999786376953,82.51000213623047,82.81999969482422,597908
2021-06-21T17:30,82.83000183105469,82.94999694824219,82.58999633789062,82.77999877929688,962708
2021-06-22T13:30,82.41000366210938,82.91999816894531,82.41000366210938,82.66000366210938,797177
2021-06-22T15:30,82.68000030517578,82.7300033569336,82.0999984741211,82.38999938964844,349060
2021-06-22T17:30,82.38999938964844,82.54000091552734,81.94999694824219,82.05000305175781,987741
2021-06-23T13:30,81.83999633789062,82.47000122070312,81.13999938964844,81.18000030517578,887222
2021-06-23T15:30,81.19999694824219,81.48999786376953,80.97000122070312,81.3499984741211,415580
2021-06-23T17:30,81.36000061035156,81.41999816894531,81.0199966430664,81.08999633789062,1090878
2021-06-24T13:30,81.08999633789062,81.2699966430664,80.75,80.80999755859375,604770
2021-06-24T15:30,80.81999969482422,81.08000183105469,80.66000366210938,81.06999969482422,462488
2021-06-24T17:30,81.05999755859375,81.2699966430664,80.91000366210938,80.95999908447266,962241
2021-06-25T13:30,81.19999694824219,81.31999969482422,80.86000061035156,81,473925
2021-06-25T15:30,80.98999786376953,81.31999969482422,80.95999908447266,81.25,254310
2021-06-25T17:30,81.25,81.58000183105469,81.16000366210938,81.4800033569336,996903
2021-06-28T13:30,81.72000122070312,82.31999969482422,81.68000030517578,81.98999786376953,602703
2021-06-28T15:30,81.9800033569336,82.13999938964844,81.68000030517578,81.73999786376953,236167
2021-06-28T17:30,81.73999786376953,81.86000061035156,81.43000030517578,81.72000122070312,1010458
2021-06-29T13:30,81.5199966430664,81.91999816894531,81.02999877929688,81.12999725341797,684867
2021-06-29T15:30,81.12999725341797,81.1500015258789,80.63999938964844,80.6500015258789,346139
2021-06-29T17:30,80.63999938964844,80.6500015258789,79.81999969482422,80.18000030517578,1075981
2021-06-30T13:30,80.22000122070312,80.58999633789062,79.81999969482422,80.58000183105469,744129
2021-06-30T15:30,80.58000183105469,80.7300033569336,80.31999969482422,80.37999725341797,318346
2021-06-30T17:30,80.4000015258789,80.86000061035156,80.3499984741211,80.6500015258789,904090
2021-07-01T13:30,80.87000274658203,81.2300033569336,80.37000274658203,81.19999694824219,767900
2021-07-01T15:30,81.19999694824219,81.52999877929688,81.11000061035156,81.5,240713
2021-07-01T17:30,81.51000213623047,81.61000061035156,81.22000122070312,81.36000061035156,768510
2021-07-02T13:30,81.51000213623047,81.51000213623047,81.05000305175781,81.36000061035156,354391
2021-07-02T15:30,81.36000061035156,81.47000122070312,81.20999908447266,81.33000183105469,237000
2021-07-02T17:30,81.33000183105469,81.4000015258789,81.08000183105469,81.33000183105469,546870
2021-07-06T13:30,81.37999725341797,81.55999755859375,80.41000366210938,80.52999877929688,499519
2021-07-06T15:30,80.54000091552734,81.16999816894531,80.52999877929688,81.04000091552734,306735
2021-07-06T17:30,81.05999755859375,81.62999725341797,81.01000213623047,81.58000183105469,1463598
2021-07-07T13:30,81.68000030517578,82.16000366210938,81.05000305175781,82.01000213623047,581544
2021-07-07T15:30,81.98999786376953,82.18000030517578,81.73999786376953,81.73999786376953,283881
2021-07-07T17:30,81.73999786376953,82.0999984741211,81.73999786376953,82.01000213623047,685603
2021-07-08T13:30,81.73999786376953,82.54000091552734,81.5999984741211,81.98999786376953,818309
2021-07-08T15:30,81.98999786376953,82.18000030517578,81.87000274658203,82.08000183105469,363199
2021-07-08T17:30,82.06999969482422,82.30000305175781,81.94000244140625,82.19999694824219,793275
2021-07-09T13:30,82.5,82.56999969482422,81.63999938964844,81.91999816894531,425012
2021-07-09T15:30,81.91999816894531,82.23999786376953,81.87999725341797,81.97000122070312,346742
2021-07-09T17:30,81.9800033569336,82.33999633789062,81.91000366210938,82.25,930428
2021-07-12T13:30,81.9000015258789,82.3499984741211,81.5999984741211,82.30000305175781,444461
2021-07-12T15:30,82.30000305175781,82.83000183105469,82.08000183105469,82.80999755859375,287132
2021-07-12T17:30,82.80999755859375,83.05999755859375,82.58000183105469,82.97000122070312,1228040
2021-07-13T13:30,82.91000366210938,83.16000366210938,82.66999816894531,82.86000061035156,564634
2021-07-13T15:30,82.8499984741211,83.01000213623047,82.73999786376953,82.93000030517578,342839
2021-07-13T17:30,82.94000244140625,83.2300033569336,82.51000213623047,82.97000122070312,1366570
2021-07-14T13:30,82.94999694824219,83.44000244140625,82.19000244140625,83.36000061035156,615759
2021-07-14T15:30,83.33999633789062,83.73999786376953,83.31999969482422,83.7300033569336,314553
2021-07-14T17:30,83.73999786376953,84.19999694824219,83.69999694824219,83.94999694824219,1130773
2021-07-15T13:30,83.79000091552734,84.55999755859375,83.79000091552734,84.29000091552734,970829
2021-07-15T15:30,84.29000091552734,84.81999969482422,84.26000213623047,84.77999877929688,360264
2021-07-15T17:30,84.80000305175781,84.98999786376953,84.5999984741211,84.91999816894531,945514
2021-07-16T13:30,85.06999969482422,85.76000213623047,84.83000183105469,85.54000091552734,614697
2021-07-16T15:30,85.54000091552734,86.01000213623047,85.48999786376953,85.88999938964844,491477
2021-07-16T17:30,85.87999725341797,86.12000274658203,85.47000122070312,85.5999984741211,1033104
2021-07-19T13:30,85.31999969482422,86.18000030517578,85.04000091552734,85.25,1266590
2021-07-19T15:30,85.26000213623047,85.26000213623047,84.16000366210938,84.16999816894531,611779
2021-07-19T17:30,84.18000030517578,84.91000366210938,83.95999908447266,84.91000366210938,2420860
2021-07-20T13:30,85.05000305175781,86.1500015258789,84.94000244140625,84.95999908447266,573787
2021-07-20T15:30,84.95999908447266,85.29000091552734,84.91000366210938,85.12999725341797,312966
2021-07-20T17:30,85.12000274658203,85.31999969482422,84.5199966430664,84.77999877929688,817391
2021-07-21T13:30,84.91999816894531,85.06999969482422,84.55999755859375,84.62999725341797,566118
2021-07-21T15:30,84.6500015258789,84.79000091552734,84.44000244140625,84.61000061035156,316708
2021-07-21T17:30,84.5999984741211,84.86000061035156,84.2699966430664,84.30999755859375,595386
2021-07-22T13:30,84.30999755859375,84.95999908447266,84.12999725341797,84.5,604229
2021-07-22T15:30,84.48999786376953,84.58999633789062,84.19999694824219,84.33000183105469,561094
2021-07-22T17:30,84.33000183105469,84.37999725341797,83.97000122070312,84.11000061035156,744121
2021-07-23T13:30,84.22000122070312,85.08999633789062,84.22000122070312,85.05999755859375,347938
2021-07-23T15:30,85.05000305175781,85.33999633789062,84.77999877929688,85.20999908447266,223048
2021-07-23T17:30,85.22000122070312,85.47000122070312,85.08000183105469,85.37000274658203,656014
2021-07-26T13:30,85.4800033569336,85.8499984741211,84.94999694824219,85.30999755859375,1096828
2021-07-26T15:30,85.30999755859375,85.61000061035156,85.2300033569336,85.45999908447266,304082
2021-07-26T17:30,85.47000122070312,85.62000274658203,85.16000366210938,85.45999908447266,573734
2021-07-27T13:30,85.29000091552734,86.45999908447266,85.02999877929688,86.41000366210938,444082
2021-07-27T15:30,86.38999938964844,87.08000183105469,86.23999786376953,87.01000213623047,419204
2021-07-27T17:30,86.98999786376953,87.18000030517578,86.55000305175781,86.91999816894531,783183
2021-07-28T13:30,86.83000183105469,86.94999694824219,85.80999755859375,86.06999969482422,481670
2021-07-28T15:30,86.06999969482422,86.20999908447266,85.69999694824219,85.79000091552734,276899
2021-07-28T17:30,85.80999755859375,86.4000015258789,85.5999984741211,86.33000183105469,761613
2021-07-29T13:30,86.55000305175781,86.66999816894531,85.77999877929688,86.04000091552734,387066
2021-07-29T15:30,86.02999877929688,86.61000061035156,86.01000213623047,86.5,219682
2021-07-29T17:30,86.48999786376953,86.62000274658203,86.20999908447266,86.36000061035156,608300
2021-07-30T13:30,86.36000061035156,87.19999694824219,86.05000305175781,86.55000305175781,546101
2021-07-30T15:30,86.5199966430664,86.54000091552734,86.11000061035156,86.16000366210938,245700
2021-07-30T17:30,86.16000366210938,86.26000213623047,85.70999908447266,85.9000015258789,938487
2021-08-02T13:30,86.12000274658203,87.16000366210938,85.93000030517578,86.98999786376953,650275
2021-08-02T15:30,87.01000213623047,87.08000183105469,86.51000213623047,86.55000305175781,324496
2021-08-02T17:30,86.55000305175781,86.83999633789062,86.37000274658203,86.77999877929688,1014526
2021-08-03T13:30,86.95999908447266,87.9000015258789,86.61000061035156,87.36000061035156,730236
2021-08-03T15:30,87.37000274658203,87.54000091552734,86.73999786376953,86.94000244140625,314142
2021-08-03T17:30,86.94000244140625,87.2699966430664,86.87000274658203,87.12999725341797,564498
2021-08-04T13:30,86.86000061035156,86.94999694824219,86.0999984741211,86.2699966430664,505585
2021-08-04T15:30,86.27999877929688,86.5199966430664,86.16000366210938,86.51000213623047,258660
2021-08-04T17:30,86.5,87.44000244140625,86.43000030517578,87.18000030517578,967700
2021-08-05T13:30,87.23999786376953,87.9800033569336,86.88999938964844,87.61000061035156,748043
2021-08-05T15:30,87.62000274658203,87.91000366210938,87.33999633789062,87.6500015258789,358377
2021-08-05T17:30,87.66000366210938,88.26000213623047,87.41999816894531,88.19000244140625,912514
2021-08-06T13:30,87.77999877929688,88.30999755859375,87.55000305175781,87.93000030517578,838925
2021-08-06T15:30,87.91999816894531,88.12999725341797,87.87999725341797,88.0999984741211,366516
2021-08-06T17:30,88.08999633789062,88.19999694824219,87.33999633789062,87.4000015258789,893441
2021-08-09T13:30,87.13999938964844,87.44999694824219,86.43000030517578,86.48999786376953,689287
2021-08-09T15:30,86.48999786376953,86.54000091552734,86.19000244140625,86.4800033569336,454912
2021-08-09T17:30,86.4800033569336,86.79000091552734,86.30000305175781,86.72000122070312,952691
2021-08-10T13:30,87.02999877929688,87.26000213623047,86.62000274658203,87.20999908447266,679693
2021-08-10T15:30,87.22000122070312,87.44000244140625,87.11000061035156,87.33000183105469,352243
2021-08-10T17:30,87.33000183105469,87.62999725341797,87.18000030517578,87.37000274658203,738418
2021-08-11T13:30,87.73999786376953,88.0999984741211,87.44999694824219,87.68000030517578,699986
2021-08-11T15:30,87.69999694824219,88.02999877929688,87.62000274658203,87.68000030517578,371756
2021-08-11T17:30,87.68000030517578,87.86000061035156,87.41999816894531,87.55999755859375,956240
2021-08-12T13:30,87.25,87.83999633789062,87.0199966430664,87.04000091552734,467334
2021-08-12T15:30,87.0199966430664,87.41999816894531,86.98999786376953,87.37000274658203,427804
2021-08-12T17:30,87.36000061035156,87.45999908447266,87.06999969482422,87.16999816894531,757740
2021-08-13T13:30,87.41000366210938,87.66999816894531,87.04000091552734,87.55000305175781,537701
2021-08-13T15:30,87.55999755859375,87.58999633789062,87.30000305175781,87.51000213623047,343572
2021-08-13T17:30,87.51000213623047,87.62000274658203,87.31999969482422,87.43000030517578,903073
2021-08-16T13:30,87.69999694824219,89.38999938964844,87.55999755859375,89.0199966430664,1468780
2021-08-16T15:30,89,89.12999725341797,88.81999969482422,88.87000274658203,505991
2021-08-16T17:30,88.87999725341797,89.08000183105469,88.61000061035156,88.93000030517578,909829
2021-08-17T13:30,88.9000015258789,89.2699966430664,88.5999984741211,88.9000015258789,593004
2021-08-17T15:30,88.9000015258789,88.94000244140625,88.13999938964844,88.18000030517578,423689
2021-08-17T17:30,88.19000244140625,88.93000030517578,88.04000091552734,88.83999633789062,861618
2021-08-18T13:30,88.88999938964844,88.94000244140625,87.91000366210938,88.1500015258789,1070682
2021-08-18T15:30,88.13999938964844,88.23999786376953,87.94999694824219,88.16000366210938,307893
2021-08-18T17:30,88.16999816894531,88.41999816894531,87.9000015258789,88.27999877929688,876885
2021-08-19T13:30,88.30000305175781,89.26000213623047,88.27999877929688,88.62999725341797,508519
2021-08-19T15:30,88.66000366210938,88.69999694824219,88.4000015258789,88.4000015258789,398473
2021-08-19T17:30,88.43000030517578,88.5,88,88.13999938964844,879930
2021-08-20T13:30,87.62000274658203,88.47000122070312,87.12999725341797,88.20999908447266,588981
2021-08-20T15:30,88.22000122070312,88.52999877929688,88.18000030517578,88.4000015258789,393029
2021-08-20T17:30,88.38999938964844,88.52999877929688,88.12999725341797,88.41999816894531,1053313
2021-08-23T13:30,88.30000305175781,88.63999938964844,87.62999725341797,87.68000030517578,542537
2021-08-23T15:30,87.69000244140625,87.72000122070312,87.16000366210938,87.33000183105469,430232
2021-08-23T17:30,87.33999633789062,87.69999694824219,87.20999908447266,87.29000091552734,942152
2021-08-24T13:30,87.44999694824219,87.56999969482422,86.08999633789062,86.73999786376953,1367726
2021-08-24T15:30,86.75,87.22000122070312,86.62000274658203,87.13999938964844,968664
2021-08-24T17:30,87.13999938964844,87.19000244140625,86.69999694824219,86.73999786376953,878280
2021-08-25T13:30,86.70999908447266,86.94999694824219,86.12999725341797,86.77999877929688,613022
2021-08-25T15:30,86.79000091552734,87.11000061035156,86.7699966430664,87.08999633789062,290461
2021-08-25T17:30,87.08000183105469,87.38999938964844,86.83000183105469,86.91000366210938,741725
2021-08-26T13:30,86.93000030517578,87.08000183105469,86.44999694824219,86.7699966430664,482212
2021-08-26T15:30,86.77999877929688,86.83000183105469,86.5,86.61000061035156,507860
2021-08-26T17:30,86.62000274658203,86.87000274658203,86.44999694824219,86.45999908447266,1121503
2021-08-27T13:30,86.66999816894531,86.87000274658203,86.4000015258789,86.70999908447266,500290
2021-08-27T15:30,86.73999786376953,86.81999969482422,86.3499984741211,86.4000015258789,275821
2021-08-27T17:30,86.4000015258789,86.44999694824219,86.19000244140625,86.33000183105469,673467
2021-08-30T13:30,86.19000244140625,86.7300033569336,86.05000305175781,86.62999725341797,391402
2021-08-30T15:30,86.62999725341797,86.69000244140625,86.22000122070312,86.26000213623047,271264
2021-08-30T17:30,86.26000213623047,86.54000091552734,86.23999786376953,86.43000030517578,713392
2021-08-31T13:30,86.47000122070312,87.11000061035156,86.11000061035156,86.8499984741211,464997
2021-08-31T15:30,86.87000274658203,87,86.55000305175781,86.58000183105469,240887
2021-08-31T17:30,86.58000183105469,86.5999984741211,86.2300033569336,86.33000183105469,1070124
2021-09-01T13:30,86.5199966430664,87.43000030517578,86.33000183105469,87.1500015258789,752714
2021-09-01T15:30,87.13999938964844,87.66000366210938,87.12999725341797,87.63999938964844,377661
2021-09-01T17:30,87.63999938964844,87.73999786376953,87.38999938964844,87.52999877929688,844396
2021-09-02T13:30,87.58999633789062,88.20999908447266,87.43000030517578,87.69000244140625,637642
2021-09-02T15:30,87.69000244140625,87.94000244140625,87.58999633789062,87.91999816894531,452515
2021-09-02T17:30,87.91999816894531,87.9800033569336,87.61000061035156,87.94999694824219,1026139
2021-09-03T13:30,87.75,87.93000030517578,86.98999786376953,87.91999816894531,657230
2021-09-03T15:30,87.93000030517578,87.94999694824219,87.55999755859375,87.66999816894531,423313
2021-09-03T17:30,87.66999816894531,87.79000091552734,87.06999969482422,87.19000244140625,842480
2021-09-07T13:30,87.02999877929688,87.08999633789062,85.20999908447266,85.2699966430664,1031704
2021-09-07T15:30,85.2699966430664,85.7300033569336,85.20999908447266,85.62999725341797,951584
2021-09-07T17:30,85.62999725341797,85.7699966430664,85.0999984741211,85.12999725341797,1014890
2021-09-08T13:30,85.16999816894531,86.94999694824219,84.70999908447266,86.5999984741211,898539
2021-09-08T15:30,86.5999984741211,86.86000061035156,86.51000213623047,86.75,585063
2021-09-08T17:30,86.75,87.13999938964844,86.7300033569336,86.87999725341797,1142783
2021-09-09T13:30,86.68000030517578,86.88999938964844,86.20999908447266,86.5199966430664,678314
2021-09-09T15:30,86.51000213623047,86.58000183105469,86.30000305175781,86.41999816894531,521314
2021-09-09T17:30,86.43000030517578,86.69000244140625,86.2300033569336,86.30000305175781,785875
2021-09-10T13:30,86.30999755859375,86.41999816894531,85.2699966430664,85.44999694824219,518836
2021-09-10T15:30,85.44999694824219,85.45999908447266,85.06999969482422,85.19999694824219,496473
2021-09-10T17:30,85.19999694824219,85.70999908447266,85.08000183105469,85.12999725341797,715454
2021-09-13T13:30,85.76000213623047,85.95999908447266,85.2699966430664,85.30999755859375,727245
2021-09-13T15:30,85.30999755859375,85.4000015258789,84.5999984741211,84.68000030517578,454027
2021-09-13T17:30,84.6500015258789,85,84.58000183105469,84.73999786376953,864492
2021-09-14T13:30,84.94999694824219,85.37000274658203,84.79000091552734,84.88999938964844,723431
2021-09-14T15:30,84.87999725341797,84.9000015258789,84.13999938964844,84.18000030517578,526144
2021-09-14T17:30,84.18000030517578,84.18000030517578,83.69999694824219,83.80999755859375,1458583
2021-09-15T13:30,83.51000213623047,83.91999816894531,83.13999938964844,83.83000183105469,823105
2021-09-15T15:30,83.83000183105469,84.44000244140625,83.79000091552734,84.41000366210938,401387
2021-09-15T17:30,84.41999816894531,84.47000122070312,83.76000213623047,84.16000366210938,945665
2021-09-16T13:30,84.52999877929688,84.80000305175781,83.62999725341797,83.94999694824219,1039131
2021-09-16T15:30,83.94000244140625,84.16000366210938,83.80000305175781,83.98999786376953,533356
2021-09-16T17:30,83.95999908447266,84.13999938964844,83.52999877929688,83.63999938964844,959687
2021-09-17T13:30,83.30000305175781,83.77999877929688,82.75,83,2108548
2021-09-17T15:30,83.04000091552734,83.1500015258789,82.88999938964844,83.01000213623047,494016
2021-09-17T17:30,83.0199966430664,83.11000061035156,82.12000274658203,82.19000244140625,1394517
2021-09-20T13:30,81.88999938964844,82.7300033569336,81.8499984741211,82.48999786376953,778775
2021-09-20T15:30,82.4800033569336,82.5,81.87000274658203,81.9000015258789,508088
2021-09-20T17:30,81.88999938964844,82.4000015258789,81.2699966430664,82.18000030517578,1779300
2021-09-21T13:30,82.41000366210938,82.87000274658203,82.08999633789062,82.25,764933
2021-09-21T15:30,82.2300033569336,82.56999969482422,82.05999755859375,82.08999633789062,535062
2021-09-21T17:30,82.0999984741211,82.12999725341797,81.51000213623047,81.58000183105469,1359615
2021-09-22T13:30,81.86000061035156,82.02999877929688,81.08000183105469,81.83000183105469,677338
2021-09-22T15:30,81.83000183105469,81.87999725341797,81.44999694824219,81.51000213623047,396089
2021-09-22T17:30,81.51000213623047,81.58999633789062,80.9800033569336,81.26000213623047,1132647
2021-09-23T13:30,81.33000183105469,82.0199966430664,81.08999633789062,81.58000183105469,501192
2021-09-23T15:30,81.58000183105469,81.7699966430664,81.44999694824219,81.44999694824219,277396
2021-09-23T17:30,81.45999908447266,81.70999908447266,80.98999786376953,81.13999938964844,1029107
2021-09-24T13:30,81.02999877929688,81.72000122070312,81.02999877929688,81.22000122070312,543324
2021-09-24T15:30,81.19999694824219,81.22000122070312,80.73999786376953,80.81999969482422,408523
2021-09-24T17:30,80.81999969482422,81.45999908447266,80.80000305175781,81.19999694824219,1336715
2021-09-27T13:30,81.19999694824219,82.11000061035156,80.7699966430664,81.83000183105469,803890
2021-09-27T15:30,81.79000091552734,81.83999633789062,81.3499984741211,81.4000015258789,372598
2021-09-27T17:30,81.41000366210938,81.43000030517578,80.41999816894531,80.5199966430664,1207701
2021-09-28T13:30,80.37000274658203,80.70999908447266,79.95999908447266,80.16000366210938,707620
2021-09-28T15:30,80.13999938964844,80.19999694824219,79.66000366210938,79.77999877929688,484402
2021-09-28T17:30,79.7699966430664,80.45999908447266,79.69999694824219,80.05000305175781,1233739
2021-09-29T13:30,80.04000091552734,80.98999786376953,79.95999908447266,80.94000244140625,868474
2021-09-29T15:30,80.95999908447266,81.68000030517578,80.93000030517578,81.37000274658203,808865
2021-09-29T17:30,81.37999725341797,81.63999938964844,81.0199966430664,81.08999633789062,1234146
2021-09-30T13:30,81.26000213623047,81.41000366210938,80.83999633789062,80.9800033569336,537821
2021-09-30T15:30,80.94999694824219,80.95999908447266,80.5199966430664,80.7699966430664,493736
2021-09-30T17:30,80.75,81.30000305175781,80.47000122070312,80.4800033569336,1009980
2021-10-01T13:30,80.98999786376953,81.4000015258789,80.51000213623047,81.12999725341797,1054209
2021-10-01T15:30,81.12000274658203,81.55000305175781,80.79000091552734,80.79000091552734,610973
2021-10-01T17:30,80.80999755859375,81.51000213623047,80.80999755859375,81.2300033569336,2130299
2021-10-04T13:30,81.37000274658203,82.62000274658203,81.25,82.55999755859375,1161912
2021-10-04T15:30,82.56999969482422,82.91999816894531,82.30000305175781,82.83000183105469,821762
2021-10-04T17:30,82.81999969482422,83.33000183105469,82.69999694824219,83.0999984741211,1550977
2021-10-05T13:30,83.19999694824219,83.29000091552734,82.6500015258789,82.77999877929688,818698
2021-10-05T15:30,82.7699966430664,82.83000183105469,82.54000091552734,82.76000213623047,503805
2021-10-05T17:30,82.7699966430664,82.88999938964844,82.44000244140625,82.5999984741211,1029067
2021-10-06T13:30,82.41999816894531,82.73999786376953,81.86000061035156,82.58000183105469,432320
2021-10-06T15:30,82.58000183105469,82.62999725341797,82.08000183105469,82.61000061035156,319523
2021-10-06T17:30,82.62999725341797,84.05000305175781,82.62999725341797,84,1273706
2021-10-07T13:30,84.05999755859375,84.58999633789062,83.55000305175781,83.7699966430664,825467
2021-10-07T15:30,83.79000091552734,83.9000015258789,83.52999877929688,83.63999938964844,331921
2021-10-07T17:30,83.63999938964844,83.70999908447266,83.19000244140625,83.27999877929688,619234
2021-10-08T13:30,83.30000305175781,83.56999969482422,82.81999969482422,83.31999969482422,463964
2021-10-08T15:30,83.31999969482422,83.31999969482422,83,83.08999633789062,267353
2021-10-08T17:30,83.06999969482422,83.36000061035156,82.87000274658203,82.91000366210938,637034
2021-10-11T13:30,82.62999725341797,83.08000183105469,82.4000015258789,82.62999725341797,422906
2021-10-11T15:30,82.6500015258789,82.94999694824219,82.2699966430664,82.3499984741211,322076
2021-10-11T17:30,82.3499984741211,82.38999938964844,81.94000244140625,82.2300033569336,660354
2021-10-12T13:30,82.3499984741211,82.81999969482422,82.12999725341797,82.80999755859375,364715
2021-10-12T15:30,82.80999755859375,82.94000244140625,82.58999633789062,82.80000305175781,203434
2021-10-12T17:30,82.79000091552734,82.80000305175781,82.20999908447266,82.31999969482422,780941
2021-10-13T13:30,82.3499984741211,82.68000030517578,81.69000244140625,82.01000213623047,480870
2021-10-13T15:30,82.01000213623047,82.5999984741211,82,82.5999984741211,283787
2021-10-13T17:30,82.58999633789062,83.0999984741211,82.48999786376953,83.05000305175781,737344
2021-10-14T13:30,83.38999938964844,83.86000061035156,83.0999984741211,83.66000366210938,356111
2021-10-14T15:30,83.66999816894531,83.94999694824219,83.5199966430664,83.88999938964844,336791
2021-10-14T17:30,83.88999938964844,84.04000091552734,83.62000274658203,83.83999633789062,828337
2021-10-15T13:30,83.91999816894531,84.12000274658203,83.2699966430664,83.31999969482422,479460
2021-10-15T15:30,83.30000305175781,83.33000183105469,82.76000213623047,82.80999755859375,507633
2021-10-15T17:30,82.80999755859375,82.94000244140625,82.55999755859375,82.76000213623047,1168849
2021-10-18T13:30,82.3499984741211,82.62999725341797,81.77999877929688,82.54000091552734,461005
2021-10-18T15:30,82.54000091552734,82.61000061035156,82.37000274658203,82.54000091552734,236038
2021-10-18T17:30,82.5199966430664,82.62999725341797,82.20999908447266,82.36000061035156,677459
2021-10-19T13:30,82.7699966430664,83.12000274658203,82.58000183105469,82.88999938964844,392838
2021-10-19T15:30,82.87000274658203,83.12000274658203,82.66999816894531,83.02999877929688,341733
2021-10-19T17:30,83.05000305175781,83.4800033569336,83.01000213623047,83.43000030517578,622415
2021-10-20T13:30,83.51000213623047,84.5999984741211,83.51000213623047,84.33999633789062,477603
2021-10-20T15:30,84.33000183105469,84.47000122070312,84.08999633789062,84.41999816894531,260700
2021-10-20T17:30,84.43000030517578,84.44999694824219,83.87999725341797,84.33000183105469,608352
2021-10-21T13:30,84.44999694824219,84.80000305175781,84.2699966430664,84.69999694824219,549898
2021-10-21T15:30,84.69999694824219,84.9000015258789,84.54000091552734,84.7699966430664,301588
2021-10-21T17:30,84.77999877929688,84.9800033569336,84.7300033569336,84.95999908447266,768011
2021-10-22T13:30,85.12999725341797,85.7300033569336,84.93000030517578,85.69999694824219,449911
2021-10-22T15:30,85.69000244140625,85.80999755859375,85.51000213623047,85.73999786376953,318003
2021-10-22T17:30,85.75,86.55000305175781,85.44000244140625,85.5999984741211,1161753
2021-10-25T13:30,85.5199966430664,85.5199966430664,85.5199966430664,85.5199966430664,20928
2021-10-26T13:30,84.77999877929688,85.55000305175781,84.6500015258789,85.36000061035156,395941
2021-10-26T15:30,85.3499984741211,85.88999938964844,85.33999633789062,85.66000366210938,355896
2021-10-26T17:30,85.66000366210938,85.66000366210938,85.16999816894531,85.19000244140625,636072
2021-10-27T13:30,85.48999786376953,85.62999725341797,84.77999877929688,85.08000183105469,418091
2021-10-27T15:30,85.05999755859375,85.19000244140625,84.68000030517578,84.83000183105469,251836
2021-10-27T17:30,84.80999755859375,85.0199966430664,84.66000366210938,84.75,651429
2021-10-28T13:30,84.47000122070312,84.83000183105469,84.06999969482422,84.4800033569336,520008
2021-10-28T15:30,84.51000213623047,84.75,84.48999786376953,84.58000183105469,258251
2021-10-28T17:30,84.56999969482422,84.61000061035156,83.94000244140625,84.52999877929688,950676
2021-10-29T13:30,84.31999969482422,84.91999816894531,83.93000030517578,83.95999908447266,382088
2021-10-29T15:30,83.98999786376953,84.30000305175781,83.95999908447266,84.0999984741211,301093
2021-10-29T17:30,84.0999984741211,84.33000183105469,83.79000091552734,84.12999725341797,915051
2021-11-01T13:30,84.2300033569336,84.2300033569336,83.68000030517578,84.13999938964844,397719
2021-11-01T15:30,84.13999938964844,84.55000305175781,84.05999755859375,84.45999908447266,299020
2021-11-01T17:30,84.44999694824219,84.69000244140625,84.27999877929688,84.37999725341797,557521
2021-11-02T13:30,84.6500015258789,84.80000305175781,83.86000061035156,84.05999755859375,630006
2021-11-02T15:30,84.08000183105469,84.27999877929688,83.70999908447266,83.9000015258789,416701
2021-11-02T17:30,83.9000015258789,84.58999633789062,83.87000274658203,84.51000213623047,884759
2021-11-03T13:30,84.33000183105469,84.91000366210938,84.08000183105469,84.08000183105469,428071
2021-11-03T15:30,84.11000061035156,84.11000061035156,83.66999816894531,84.04000091552734,339539
2021-11-03T17:30,84.0199966430664,84.56999969482422,83.7699966430664,84.55999755859375,827726
2021-11-04T13:30,84.44999694824219,84.83000183105469,83.80000305175781,84.05999755859375,773890
2021-11-04T15:30,84.12000274658203,84.12000274658203,82.66999816894531,82.72000122070312,476939
2021-11-04T17:30,82.70999908447266,83.36000061035156,82.37000274658203,83.33999633789062,1489439
2021-11-05T13:30,83.45999908447266,84.61000061035156,83.33999633789062,84.54000091552734,613761
2021-11-05T15:30,84.55000305175781,84.6500015258789,84.12999725341797,84.61000061035156,262404
2021-11-05T17:30,84.61000061035156,84.68000030517578,83.73999786376953,83.87000274658203,900660
2021-11-08T14:30,84.02999877929688,84.12000274658203,82.9000015258789,83.08999633789062,1930647
2021-11-08T16:30,83.08999633789062,83.45999908447266,82.97000122070312,83.4000015258789,570256
2021-11-08T18:30,83.4000015258789,83.87000274658203,83.37000274658203,83.66000366210938,884533
2021-11-09T14:30,83.94999694824219,84.33000183105469,83.48999786376953,83.58000183105469,498842
2021-11-09T16:30,83.58999633789062,84.12999725341797,83.55000305175781,83.94999694824219,351148
2021-11-09T18:30,83.94999694824219,84.16999816894531,83.7300033569336,84.08999633789062,1127591
2021-11-10T14:30,84.3499984741211,84.87000274658203,83.86000061035156,84.48999786376953,451986
2021-11-10T16:30,84.48999786376953,84.80000305175781,84.22000122070312,84.56999969482422,310667
2021-11-10T18:30,84.55000305175781,84.86000061035156,84.45999908447266,84.66999816894531,760149
2021-11-11T14:30,84.41000366210938,84.58000183105469,83.30000305175781,83.5199966430664,558419
2021-11-11T16:30,83.5,83.73999786376953,83.36000061035156,83.5999984741211,267765
2021-11-11T18:30,83.58999633789062,83.68000030517578,83.25,83.4800033569336,937504
2021-11-12T14:30,83.48999786376953,83.69999694824219,82.93000030517578,83.25,1282470
2021-11-12T16:30,83.26000213623047,83.38999938964844,83.1500015258789,83.23999786376953,272271
2021-11-12T18:30,83.22000122070312,83.5,83.05999755859375,83.19999694824219,602069
2021-11-15T14:30,83.4800033569336,83.80000305175781,83.05999755859375,83.7699966430664,606439
2021-11-15T16:30,83.76000213623047,84.08999633789062,83.62000274658203,83.95999908447266,298821
2021-11-15T18:30,83.95999908447266,84.12000274658203,83.55000305175781,83.79000091552734,799688
2021-11-16T14:30,83.72000122070312,83.91999816894531,83.13999938964844,83.22000122070312,514297
2021-11-16T16:30,83.22000122070312,83.26000213623047,82.5999984741211,82.91999816894531,479763
2021-11-16T18:30,82.91999816894531,82.98999786376953,82.41999816894531,82.5199966430664,1027963
2021-11-17T14:30,82.44999694824219,82.66000366210938,82.08999633789062,82.22000122070312,502276
2021-11-17T16:30,82.22000122070312,82.41999816894531,82.05000305175781,82.06999969482422,599185
2021-11-17T18:30,82.06999969482422,82.55999755859375,81.95999908447266,82.43000030517578,1016890
2021-11-18T14:30,82.0999984741211,82.16999816894531,81.62999725341797,81.95999908447266,748601
2021-11-18T16:30,81.97000122070312,81.97000122070312,81.7300033569336,81.83000183105469,448703
2021-11-18T18:30,81.83000183105469,82.02999877929688,81.5999984741211,81.91999816894531,1175264
2021-11-19T14:30,81.98999786376953,82.0999984741211,81.58000183105469,81.94999694824219,848673
2021-11-19T16:30,81.95999908447266,82.25,81.86000061035156,82.11000061035156,429997
2021-11-19T18:30,82.08999633789062,82.18000030517578,81.87000274658203,81.95999908447266,1240967
2021-11-22T14:30,82.02999877929688,83.12000274658203,81.87999725341797,83.05000305175781,727636
2021-11-22T16:30,83.05000305175781,83.73999786376953,82.41999816894531,82.87999725341797,610472
2021-11-22T18:30,82.87000274658203,83.72000122070312,82.80999755859375,83.48999786376953,1604754
2021-11-23T14:30,83.69000244140625,84.05000305175781,82.7699966430664,83.62000274658203,900940
2021-11-23T16:30,83.63999938964844,84.16999816894531,83.52999877929688,84.08999633789062,586383
2021-11-23T18:30,84.06999969482422,84.1500015258789,83.61000061035156,83.88999938964844,962689
2021-11-24T14:30,84.11000061035156,84.2699966430664,83.36000061035156,83.55000305175781,704374
2021-11-24T16:30,83.5199966430664,83.58000183105469,83.22000122070312,83.52999877929688,220763
2021-11-24T18:30,83.52999877929688,83.7699966430664,83.41000366210938,83.43000030517578,570932
2021-11-26T14:30,82.5999984741211,83.83000183105469,82.56999969482422,83.06999969482422,765307
2021-11-26T16:30,83.05000305175781,83.22000122070312,82.58999633789062,82.68000030517578,1267379
2021-11-26T18:30,82.68000030517578,82.68000030517578,82.12999725341797,82.12999725341797,1383
2021-11-29T14:30,83.22000122070312,83.30999755859375,82.54000091552734,83.11000061035156,599713
2021-11-29T16:30,83.0999984741211,83.54000091552734,83.06999969482422,83.41999816894531,288929
2021-11-29T18:30,83.43000030517578,83.69000244140625,83.29000091552734,83.41999816894531,846578
2021-11-30T14:30,83.0199966430664,83.05000305175781,81.79000091552734,82.01000213623047,625029
2021-11-30T16:30,81.9800033569336,82.44000244140625,81.81999969482422,82.38999938964844,405435
2021-11-30T18:30,82.37999725341797,82.52999877929688,80.58000183105469,80.77999877929688,1389068
2021-12-01T14:30,81.1500015258789,82.18000030517578,81.05000305175781,82.0199966430664,882842
2021-12-01T16:30,82.02999877929688,82.44999694824219,81.8499984741211,81.94999694824219,426415
2021-12-01T18:30,81.94000244140625,81.94000244140625,80.43000030517578,80.44999694824219,1121450
2021-12-02T14:30,80.88999938964844,81.91999816894531,80.7300033569336,81.69999694824219,608474
2021-12-02T16:30,81.69000244140625,82.01000213623047,81.47000122070312,81.86000061035156,373812
2021-12-02T18:30,81.86000061035156,82.18000030517578,81.16999816894531,81.33999633789062,993276
2021-12-03T14:30,81.69999694824219,82.06999969482422,81.04000091552734,82,562175
2021-12-03T16:30,82.0199966430664,82.93000030517578,82.01000213623047,82.86000061035156,462702
2021-12-03T18:30,82.87000274658203,83.23999786376953,82.48999786376953,83.18000030517578,1303412
2021-12-06T14:30,83.72000122070312,85.48999786376953,83.5,85.41000366210938,843549
2021-12-06T16:30,85.41999816894531,85.52999877929688,85.01000213623047,85.04000091552734,553159
2021-12-06T18:30,85.04000091552734,85.05999755859375,84.1500015258789,84.29000091552734,1098234
2021-12-07T14:30,84.01000213623047,84.56999969482422,83.69999694824219,84.43000030517578,1447088
2021-12-07T16:30,84.43000030517578,84.55000305175781,84.0999984741211,84.45999908447266,554042
2021-12-07T18:30,84.44999694824219,84.55999755859375,84.16000366210938,84.27999877929688,1272434
2021-12-08T14:30,84.11000061035156,84.6500015258789,83.5199966430664,83.56999969482422,814669
2021-12-08T16:30,83.55999755859375,84.31999969482422,83.44999694824219,84.16999816894531,921787
2021-12-08T18:30,84.16000366210938,84.44999694824219,83.91000366210938,84,2249389
2021-12-09T14:30,84.1500015258789,84.20999908447266,82.66999816894531,83.41000366210938,1276623
2021-12-09T16:30,83.38999938964844,83.76000213623047,83.19999694824219,83.69000244140625,831474
2021-12-09T18:30,83.68000030517578,84,83.4800033569336,83.55000305175781,1391584
2021-12-10T14:30,83.95999908447266,84.83999633789062,83.58000183105469,84.75,1025545
2021-12-10T16:30,84.70999908447266,84.98999786376953,84.48999786376953,84.86000061035156,420609
2021-12-10T18:30,84.8499984741211,84.91000366210938,84.13999938964844,84.52999877929688,992111
2021-12-13T14:30,84.52999877929688,85.7300033569336,84.48999786376953,85.69000244140625,1207841
2021-12-13T16:30,85.66999816894531,86.30999755859375,85.6500015258789,85.94999694824219,596238
2021-12-13T18:30,85.94999694824219,86.23999786376953,85.73999786376953,85.80999755859375,1190779
2021-12-14T14:30,85.81999969482422,86.19999694824219,85.23999786376953,85.94999694824219,812941
2021-12-14T16:30,85.91999816894531,86.05999755859375,85.27999877929688,85.27999877929688,413291
2021-12-14T18:30,85.30000305175781,85.66000366210938,85.20999908447266,85.61000061035156,844891
2021-12-15T14:30,85.62000274658203,86.26000213623047,85.62000274658203,86.20999908447266,702120
2021-12-15T16:30,86.20999908447266,86.69999694824219,86.11000061035156,86.45999908447266,528820
2021-12-15T18:30,86.45999908447266,86.6500015258789,86.06999969482422,86.45999908447266,1310769
2021-12-16T14:30,86.61000061035156,87.41999816894531,86.30999755859375,87.23999786376953,854784
2021-12-16T16:30,87.26000213623047,87.54000091552734,87.12999725341797,87.30000305175781,443570
2021-12-16T18:30,87.30000305175781,87.41999816894531,87,87.06999969482422,1363995
2021-12-17T14:30,86.98999786376953,87.58999633789062,86.36000061035156,86.45999908447266,2597779
2021-12-17T16:30,86.45999908447266,86.62999725341797,86.16000366210938,86.61000061035156,376956
2021-12-17T18:30,86.61000061035156,86.72000122070312,85.20999908447266,85.80999755859375,1471196
2021-12-20T14:30,85.37999725341797,85.79000091552734,84.8499984741211,85.25,489547
2021-12-20T16:30,85.25,85.76000213623047,85.12000274658203,85.72000122070312,329996
2021-12-20T18:30,85.70999908447266,86.47000122070312,85.68000030517578,86.36000061035156,949141
2021-12-21T14:30,86.61000061035156,87.0199966430664,85.56999969482422,85.61000061035156,484500
2021-12-21T16:30,85.61000061035156,86.5,85.55999755859375,86.4000015258789,366303
2021-12-21T18:30,86.41999816894531,86.44999694824219,85.51000213623047,85.80999755859375,650649
2021-12-22T14:30,85.70999908447266,86.22000122070312,85.51000213623047,86.02999877929688,262779
2021-12-22T16:30,86.01000213623047,86.19999694824219,85.86000061035156,86.06999969482422,189689
2021-12-22T18:30,86.06999969482422,86.11000061035156,85.61000061035156,85.91000366210938,385459
2021-12-23T14:30,86.01000213623047,86.5199966430664,85.79000091552734,86.16000366210938,231471
2021-12-23T16:30,86.16000366210938,86.30999755859375,85.80999755859375,85.91000366210938,215654
2021-12-23T18:30,85.88999938964844,86.11000061035156,85.72000122070312,85.76000213623047,510865
2021-12-27T14:30,85.76000213623047,86.05999755859375,85.51000213623047,85.7300033569336,345550
2021-12-27T16:30,85.75,85.87999725341797,85.5999984741211,85.72000122070312,181347
2021-12-27T18:30,85.69000244140625,86.1500015258789,85.66000366210938,86.04000091552734,516502
2021-12-28T14:30,86.16000366210938,87.04000091552734,86.16000366210938,86.9800033569336,340017
2021-12-28T16:30,87,87.04000091552734,86.70999908447266,86.9000015258789,163622
2021-12-28T18:30,86.87000274658203,87.11000061035156,86.76000213623047,87.0999984741211,503316
2021-12-29T14:30,87.25,87.33000183105469,86.80000305175781,87.05000305175781,262287
2021-12-29T16:30,87.05000305175781,87.3499984741211,87.04000091552734,87.19999694824219,156641
2021-12-29T18:30,87.22000122070312,87.47000122070312,87.06999969482422,87.25,464924
2021-12-30T14:30,87.27999877929688,87.4800033569336,86.81999969482422,86.93000030517578,309187
2021-12-30T16:30,86.94999694824219,86.9800033569336,86.70999908447266,86.83000183105469,244604
2021-12-30T18:30,86.8499984741211,87.30000305175781,86.75,87.26000213623047,769639
2021-12-31T14:30,87.20999908447266,87.48999786376953,86.66999816894531,86.66999816894531,320939
2021-12-31T16:30,86.66000366210938,87.25,86.61000061035156,87.25,378410
2021-12-31T18:30,87.25,87.63999938964844,87.1500015258789,87.36000061035156,762026
2022-01-03T14:30,87.37000274658203,87.37000274658203,85.86000061035156,85.91000366210938,623355
2022-01-03T16:30,85.93000030517578,86.47000122070312,85.80000305175781,86.25,419083
2022-01-03T18:30,86.25,86.52999877929688,86.08999633789062,86.19000244140625,1540184
2022-01-04T14:30,86.08000183105469,87.4000015258789,85.98999786376953,86.94000244140625,580760
2022-01-04T16:30,86.91999816894531,87.05999755859375,86.41000366210938,86.48999786376953,302636
2022-01-04T18:30,86.51000213623047,86.7300033569336,86.0999984741211,86.11000061035156,840827
2022-01-05T14:30,86.19999694824219,87.37999725341797,86.16999816894531,86.86000061035156,508894
2022-01-05T16:30,86.80999755859375,87.29000091552734,86.7699966430664,86.91999816894531,304758
2022-01-05T18:30,86.93000030517578,87.08000183105469,86.25,86.30999755859375,973704
2022-01-06T14:30,86.16999816894531,87.25,86.12999725341797,86.54000091552734,721562
2022-01-06T16:30,86.55000305175781,86.8499984741211,86.30999755859375,86.5999984741211,239990
2022-01-06T18:30,86.5999984741211,86.5999984741211,86.05999755859375,86.16000366210938,894180
2022-01-07T14:30,85.62000274658203,86.91000366210938,85.16000366210938,86.68000030517578,654020
2022-01-07T16:30,86.69999694824219,87.16999816894531,86.52999877929688,87.16999816894531,302638
2022-01-07T18:30,87.1500015258789,87.41999816894531,87,87.02999877929688,782064
2022-01-10T14:30,87.1500015258789,87.70999908447266,86.88999938964844,86.91999816894531,796681
2022-01-10T16:30,86.93000030517578,87.47000122070312,86.66999816894531,87.1500015258789,450204
2022-01-10T18:30,87.13999938964844,87.45999908447266,86.7699966430664,87.0999984741211,820965
2022-01-11T14:30,87.0999984741211,87.19999694824219,85.61000061035156,85.62000274658203,811719
2022-01-11T16:30,85.6500015258789,85.94999694824219,85.52999877929688,85.91000366210938,359867
2022-01-11T18:30,85.91999816894531,86.0199966430664,85.38999938964844,85.9800033569336,1040632
2022-01-12T14:30,85.51000213623047,86.44999694824219,85.11000061035156,86.19999694824219,537779
2022-01-12T16:30,86.22000122070312,86.45999908447266,86.08999633789062,86.41000366210938,274312
2022-01-12T18:30,86.41000366210938,86.43000030517578,86.0999984741211,86.30000305175781,692918
2022-01-13T14:30,86.2300033569336,87.02999877929688,85.94999694824219,86.80999755859375,682164
2022-01-13T16:30,86.81999969482422,87,86.54000091552734,86.91999816894531,459007
2022-01-13T18:30,86.93000030517578,86.94000244140625,86.51000213623047,86.7699966430664,729538
2022-01-14T14:30,86.9800033569336,87.18000030517578,86.16999816894531,86.23999786376953,1431192
2022-01-14T16:30,86.22000122070312,86.55999755859375,86.01000213623047,86.5199966430664,326785
2022-01-14T18:30,86.51000213623047,86.87000274658203,86.23999786376953,86.6500015258789,901673
2022-01-18T14:30,86.05999755859375,86.41000366210938,84.76000213623047,85.4000015258789,785753
2022-01-18T16:30,85.38999938964844,85.44000244140625,84.73999786376953,85.0199966430664,471566
2022-01-18T18:30,85.05000305175781,85.56999969482422,84.7300033569336,84.83999633789062,1135157
2022-01-19T14:30,84.8499984741211,85.63999938964844,84.37000274658203,85.51000213623047,573918
2022-01-19T16:30,85.4800033569336,85.51000213623047,84.88999938964844,85.11000061035156,254045
2022-01-19T18:30,85.08999633789062,85.62999725341797,84.7300033569336,85.08999633789062,1063229
2022-01-20T14:30,84.98999786376953,86.08000183105469,84.94000244140625,86.01000213623047,551572
2022-01-20T16:30,86.0199966430664,86.22000122070312,85.66999816894531,85.8499984741211,398882
2022-01-20T18:30,85.86000061035156,86.01000213623047,85.01000213623047,85.18000030517578,979321
2022-01-21T14:30,85.80000305175781,86.79000091552734,85.66999816894531,86.0999984741211,1130658
2022-01-21T16:30,86.0999984741211,86.37999725341797,85.95999908447266,86.08999633789062,506073
2022-01-21T18:30,86.06999969482422,86.30999755859375,85.5,85.76000213623047,1213277
2022-01-24T14:30,86.30000305175781,86.5999984741211,85.51000213623047,85.97000122070312,1432951
2022-01-25T14:30,84.70999908447266,85.91000366210938,84.58000183105469,85.61000061035156,1207657
2022-01-25T16:30,85.61000061035156,85.62999725341797,84.76000213623047,85.11000061035156,478310
2022-01-25T18:30,85.11000061035156,85.91000366210938,85.0999984741211,85.20999908447266,1011066
2022-01-26T14:30,85.0999984741211,86.02999877929688,84.83000183105469,85.18000030517578,566442
2022-01-26T16:30,85.20999908447266,85.43000030517578,84.72000122070312,84.72000122070312,511455
2022-01-26T18:30,84.76000213623047,85.11000061035156,84.27999877929688,84.91000366210938,1198552
2022-01-27T14:30,85.37000274658203,86.93000030517578,85.33999633789062,86.45999908447266,865492
2022-01-27T16:30,86.4800033569336,86.7699966430664,85.55999755859375,85.61000061035156,623168
2022-01-27T18:30,85.61000061035156,86.26000213623047,85.51000213623047,85.9800033569336,1263839
2022-01-28T14:30,85.94000244140625,86.51000213623047,85.61000061035156,85.94000244140625,865314
2022-01-28T16:30,85.95999908447266,86.7300033569336,85.93000030517578,86.55000305175781,456476
2022-01-28T18:30,86.56999969482422,87.25,86.33000183105469,87.22000122070312,871898
2022-01-31T14:30,86.51000213623047,87.11000061035156,86.16000366210938,86.88999938964844,801367
2022-01-31T16:30,86.9000015258789,87.62999725341797,86.80999755859375,87.31999969482422,418737
2022-01-31T18:30,87.30999755859375,87.6500015258789,87.1500015258789,87.51000213623047,1271748
2022-02-01T14:30,87.06999969482422,87.51000213623047,85.5199966430664,85.52999877929688,867989
2022-02-01T16:30,85.5199966430664,86.01000213623047,85.2699966430664,85.97000122070312,631156
2022-02-01T18:30,85.95999908447266,86.56999969482422,85.95999908447266,86.16000366210938,940537
2022-02-02T14:30,86.06999969482422,87.29000091552734,85.81999969482422,87.25,671527
2022-02-02T16:30,87.25,87.62999725341797,87.19999694824219,87.55000305175781,423693
2022-02-02T18:30,87.55000305175781,87.5999984741211,87.31999969482422,87.44999694824219,885741
2022-02-03T14:30,87.62999725341797,88.08000183105469,87.19999694824219,87.87999725341797,608961
2022-02-03T16:30,87.87000274658203,88.05000305175781,87.58999633789062,87.63999938964844,444933
2022-02-03T18:30,87.6500015258789,87.86000061035156,87.43000030517578,87.79000091552734,903780
2022-02-04T14:30,87.08000183105469,87.7300033569336,86.30999755859375,86.80000305175781,584951
2022-02-04T16:30,86.80000305175781,87.26000213623047,86.76000213623047,87.05999755859375,342189
2022-02-04T18:30,87.06999969482422,87.62000274658203,86.80000305175781,86.81999969482422,991767
2022-02-07T14:30,86.7300033569336,87.0999984741211,86.06999969482422,86.55999755859375,1085709
2022-02-07T16:30,86.55999755859375,87.04000091552734,86.55999755859375,86.83999633789062,364802
2022-02-07T18:30,86.8499984741211,87.30000305175781,86.66999816894531,86.9000015258789,871369
2022-02-08T14:30,87.66999816894531,87.75,86.94000244140625,87.30000305175781,516654
2022-02-08T16:30,87.29000091552734,87.5,87.01000213623047,87.0999984741211,351953
2022-02-08T18:30,87.0999984741211,87.37999725341797,86.66000366210938,86.94999694824219,734691
2022-02-09T14:30,87.23999786376953,87.62000274658203,86.80000305175781,87.04000091552734,494830
2022-02-09T16:30,87.02999877929688,87.25,86.88999938964844,87.13999938964844,327326
2022-02-09T18:30,87.13999938964844,87.30000305175781,86.83999633789062,87.20999908447266,931666
2022-02-10T14:30,86.7699966430664,86.88999938964844,84.30000305175781,84.3499984741211,1425784
2022-02-10T16:30,84.3499984741211,84.55999755859375,83.30999755859375,83.31999969482422,1086153
2022-02-10T18:30,83.31999969482422,83.81999969482422,82.93000030517578,83.11000061035156,2412336
2022-02-11T14:30,83.37000274658203,84,83.26000213623047,83.30999755859375,834839
2022-02-11T16:30,83.30999755859375,83.83000183105469,83.2699966430664,83.63999938964844,580137
2022-02-11T18:30,83.62000274658203,83.66000366210938,82.91999816894531,83.06999969482422,1561420
2022-02-14T14:30,83.73999786376953,84.12000274658203,82.13999938964844,82.51000213623047,1337057
2022-02-14T16:30,82.5,83.30000305175781,82.45999908447266,83.19999694824219,667888
2022-02-14T18:30,83.19000244140625,83.48999786376953,82.61000061035156,83.2300033569336,1569857
2022-02-15T14:30,83.38999938964844,84.20999908447266,83.19999694824219,83.51000213623047,805358
2022-02-15T16:30,83.48999786376953,83.56999969482422,83.12999725341797,83.27999877929688,579984
2022-02-15T18:30,83.2699966430664,83.33999633789062,82.26000213623047,82.70999908447266,1482416
2022-02-16T14:30,82.75,83.12999725341797,82.37000274658203,82.66000366210938,718161
2022-02-16T16:30,82.66999816894531,82.94000244140625,82.54000091552734,82.80000305175781,579821
2022-02-16T18:30,82.83000183105469,83.26000213623047,82.4800033569336,82.88999938964844,1144978
2022-02-17T14:30,82.83000183105469,82.88999938964844,82.04000091552734,82.44999694824219,559835
2022-02-17T16:30,82.47000122070312,83.2699966430664,82.37999725341797,83.22000122070312,458794
2022-02-17T18:30,83.20999908447266,83.41000366210938,82.7300033569336,83.05000305175781,763568
2022-02-18T14:30,82.73999786376953,84.2699966430664,82.5,83.87000274658203,838519
2022-02-18T16:30,83.86000061035156,83.94000244140625,83.16999816894531,83.33999633789062,402427
2022-02-18T18:30,83.33999633789062,84.05000305175781,83.16999816894531,83.94999694824219,941220
2022-02-22T14:30,84.11000061035156,84.31999969482422,82.91000366210938,84.25,1044700
2022-02-22T16:30,84.2300033569336,84.27999877929688,83.47000122070312,83.73999786376953,366075
2022-02-22T18:30,83.69999694824219,83.86000061035156,83.22000122070312,83.63999938964844,913678
2022-02-23T14:30,83.83000183105469,84.01000213623047,82.97000122070312,83.20999908447266,609005
2022-02-23T16:30,83.20999908447266,83.29000091552734,82.68000030517578,82.87000274658203,396361
2022-02-23T18:30,82.88999938964844,83.0999984741211,82.0999984741211,82.1500015258789,1432549
2022-02-24T14:30,81.94999694824219,82.11000061035156,80.54000091552734,80.56999969482422,1252102
2022-02-24T16:30,80.56999969482422,80.9000015258789,80.30999755859375,80.55000305175781,658242
2022-02-24T18:30,80.54000091552734,81.7300033569336,80.33000183105469,81.62000274658203,1666470
2022-02-25T14:30,82.47000122070312,83.70999908447266,82.30000305175781,83.54000091552734,922345
2022-02-25T16:30,83.51000213623047,84.08999633789062,83.30000305175781,84.06999969482422,648754
2022-02-25T18:30,84.06999969482422,84.4000015258789,83.79000091552734,84.30999755859375,1177959
2022-02-28T14:30,83.44999694824219,84.13999938964844,83.2699966430664,84.08999633789062,632366
2022-02-28T16:30,84.11000061035156,84.12999725341797,83.70999908447266,83.7699966430664,396789
2022-02-28T18:30,83.73999786376953,84.55000305175781,83.55000305175781,84.44999694824219,962791
2022-03-01T14:30,84.45999908447266,85.01000213623047,83.58999633789062,84,613010
2022-03-01T16:30,83.95999908447266,84,83,83.05999755859375,326656
2022-03-01T18:30,83.06999969482422,84.0999984741211,83,84,992517
2022-03-02T14:30,84.05999755859375,84.9800033569336,83.9000015258789,84.87000274658203,585205
2022-03-02T16:30,84.9000015258789,85.16999816894531,84.63999938964844,84.81999969482422,451776
2022-03-02T18:30,84.80000305175781,85.1500015258789,84.6500015258789,84.77999877929688,829234
2022-03-03T14:30,85.16999816894531,86.5,85.01000213623047,86.1500015258789,771473
2022-03-03T16:30,86.16000366210938,86.5999984741211,85.95999908447266,86.55000305175781,481494
2022-03-03T18:30,86.54000091552734,86.83000183105469,86.22000122070312,86.33999633789062,887240
2022-03-04T14:30,86.18000030517578,87.87000274658203,86.12999725341797,87.62000274658203,721770
2022-03-04T16:30,87.62999725341797,88.62000274658203,87.5,88.44999694824219,864649
2022-03-04T18:30,88.45999908447266,88.62999725341797,87.8499984741211,88.52999877929688,1123226
2022-03-07T14:30,88.66000366210938,89.63999938964844,87.94000244140625,89.12999725341797,886789
2022-03-07T16:30,89.0999984741211,89.83000183105469,89.0199966430664,89.7699966430664,750733
2022-03-07T18:30,89.79000091552734,89.98999786376953,89.3499984741211,89.75,1324155
2022-03-08T14:30,89.80000305175781,89.80000305175781,89.80000305175781,89.80000305175781,45067
2022-03-09T14:30,89.31999969482422,89.63999938964844,88.41999816894531,88.88999938964844,665887
2022-03-09T16:30,88.91999816894531,89.19999694824219,88.7699966430664,89.0999984741211,462476
2022-03-09T18:30,89.08999633789062,89.55000305175781,88.52999877929688,88.5999984741211,1297527
2022-03-10T14:30,88,89.0199966430664,87.8499984741211,88.37999725341797,433955
2022-03-10T16:30,88.3499984741211,88.9000015258789,88.16000366210938,88.7699966430664,290703
2022-03-10T18:30,88.79000091552734,89.51000213623047,88.69999694824219,89.31999969482422,713760
2022-03-11T14:30,89.25,90.08000183105469,89.12000274658203,89.79000091552734,360695
2022-03-11T16:30,89.80999755859375,89.83000183105469,89.16999816894531,89.31999969482422,200151
2022-03-11T18:30,89.31999969482422,89.54000091552734,89.12999725341797,89.27999877929688,677328
2022-03-14T13:30,90.04000091552734,90.58999633789062,89.51000213623047,90.16999816894531,746327
2022-03-14T15:30,90.16999816894531,90.2699966430664,89.38999938964844,89.62000274658203,409885
2022-03-14T17:30,89.62000274658203,89.62999725341797,88.94000244140625,89.41999816894531,721730
2022-03-15T13:30,90.29000091552734,90.31999969482422,89.2699966430664,89.70999908447266,500322
2022-03-15T15:30,89.7300033569336,90.0999984741211,89.51000213623047,89.58999633789062,284739
2022-03-15T17:30,89.61000061035156,90,89.5,89.75,795448
2022-03-16T13:30,90.0199966430664,90.0199966430664,87.62000274658203,88.36000061035156,879648
2022-03-16T15:30,88.37999725341797,89.08999633789062,88.23999786376953,88.91000366210938,334487
2022-03-16T17:30,88.87999725341797,89.1500015258789,87.9800033569336,89.1500015258789,967992
2022-03-17T13:30,89.16000366210938,90.0999984741211,88.55999755859375,90.04000091552734,609945
2022-03-17T15:30,90.04000091552734,90.45999908447266,89.94000244140625,90.29000091552734,454226
2022-03-17T17:30,90.29000091552734,90.37000274658203,89.2699966430664,89.58999633789062,1000084
2022-03-18T13:30,89.41000366210938,89.94000244140625,88.23999786376953,88.37999725341797,2295996
2022-03-18T15:30,88.3499984741211,88.58999633789062,87.95999908447266,88.52999877929688,388467
2022-03-18T17:30,88.58999633789062,88.6500015258789,88.19000244140625,88.37000274658203,1102223
2022-03-21T13:30,88.58999633789062,89.88999938964844,88.55000305175781,89.22000122070312,537585
2022-03-21T15:30,89.19999694824219,89.44999694824219,89.04000091552734,89.12999725341797,288959
2022-03-21T17:30,89.08999633789062,89.3499984741211,89,89.30000305175781,749701
2022-03-22T13:30,89.80999755859375,89.95999908447266,88.19999694824219,88.38999938964844,615087
2022-03-22T15:30,88.38999938964844,89.36000061035156,88.27999877929688,89.19999694824219,539702
2022-03-22T17:30,89.19999694824219,89.44000244140625,89,89.3499984741211,867408
2022-03-23T13:30,89.7300033569336,90.16000366210938,89.30000305175781,89.41000366210938,559489
2022-03-23T15:30,89.4000015258789,89.98999786376953,89.08999633789062,89.98999786376953,514516
2022-03-23T17:30,89.94000244140625,90.43000030517578,89.72000122070312,89.83999633789062,964303
2022-03-24T13:30,89.63999938964844,90.83999633789062,89.5,90.7300033569336,774397
2022-03-24T15:30,90.7300033569336,90.91000366210938,90.33000183105469,90.54000091552734,340339
2022-03-24T17:30,90.54000091552734,90.54000091552734,90.30000305175781,90.41000366210938,675697
2022-03-25T13:30,90.68000030517578,91.55999755859375,90.44999694824219,91.2699966430664,385023
2022-03-25T15:30,91.26000213623047,91.56999969482422,91.2300033569336,91.51000213623047,229371
2022-03-25T17:30,91.55999755859375,91.98999786376953,91.43000030517578,91.77999877929688,695373
2022-03-28T13:30,91.68000030517578,92.11000061035156,91.05000305175781,91.62000274658203,509236
2022-03-28T15:30,91.63999938964844,91.93000030517578,91.55999755859375,91.83000183105469,299618
2022-03-28T17:30,91.79000091552734,92.55999755859375,91.73999786376953,92.55999755859375,1012304
2022-03-29T13:30,92.63999938964844,93.01000213623047,92.20999908447266,92.70999908447266,725260
2022-03-29T15:30,92.75,92.9000015258789,92.29000091552734,92.4000015258789,367390
2022-03-29T17:30,92.37999725341797,93.36000061035156,92.33999633789062,93.33999633789062,820231
2022-03-30T13:30,93.37000274658203,93.62999725341797,92.86000061035156,93.5,438012
2022-03-30T15:30,93.4800033569336,93.58999633789062,93.05999755859375,93.08999633789062,343786
2022-03-30T17:30,93.06999969482422,93.79000091552734,92.87000274658203,93.79000091552734,772895
2022-03-31T13:30,93.69000244140625,94.38999938964844,93.54000091552734,94.23999786376953,420824
2022-03-31T15:30,94.23999786376953,94.62000274658203,93.97000122070312,94.58999633789062,380556
2022-03-31T17:30,94.55999755859375,94.66999816894531,93.87000274658203,93.95999908447266,1146868
2022-04-01T13:30,93.95999908447266,93.95999908447266,92.98999786376953,93.36000061035156,503911
2022-04-01T15:30,93.36000061035156,93.94000244140625,93.13999938964844,93.91999816894531,387027
2022-04-01T17:30,93.93000030517578,94.97000122070312,93.81999969482422,94.87999725341797,880501
2022-04-04T13:30,94.29000091552734,94.41999816894531,92.87000274658203,94.22000122070312,752013
2022-04-04T15:30,94.22000122070312,94.2300033569336,93.41999816894531,93.62999725341797,334723
2022-04-04T17:30,93.62999725341797,94.2300033569336,93.62999725341797,94.05000305175781,762764
2022-04-05T13:30,94.20999908447266,96.01000213623047,94.19000244140625,95.69999694824219,735286
2022-04-05T15:30,95.7300033569336,95.77999877929688,95.05999755859375,95.16000366210938,395424
2022-04-05T17:30,95.18000030517578,95.36000061035156,94.45999908447266,94.6500015258789,843259
2022-04-06T13:30,95.13999938964844,96.41999816894531,94.62000274658203,96.12999725341797,1062088
2022-04-06T15:30,96.13999938964844,96.94999694824219,96.13999938964844,96.55999755859375,571439
2022-04-06T17:30,96.5199966430664,96.87000274658203,96.08999633789062,96.86000061035156,1288582
2022-04-07T13:30,96.72000122070312,96.7699966430664,95.43000030517578,95.91999816894531,663657
2022-04-07T15:30,95.94000244140625,96.75,95.83000183105469,96.2300033569336,388631
2022-04-07T17:30,96.23999786376953,96.91000366210938,96.16000366210938,96.62000274658203,1050516
2022-04-08T13:30,97.05999755859375,97.36000061035156,96.02999877929688,97.08000183105469,403890
2022-04-08T15:30,97.08999633789062,97.4000015258789,96.87000274658203,97.27999877929688,245531
2022-04-08T17:30,97.29000091552734,97.36000061035156,96.87999725341797,97.02999877929688,668716
2022-04-11T13:30,97.12000274658203,97.54000091552734,95.80999755859375,96.5,723165
2022-04-11T15:30,96.3499984741211,96.44000244140625,95.83000183105469,95.91999816894531,399486
2022-04-11T17:30,95.93000030517578,96.33999633789062,95.70999908447266,96.0999984741211,1049645
2022-04-12T13:30,95.91999816894531,96.81999969482422,95.27999877929688,96.6500015258789,885863
2022-04-12T15:30,96.69999694824219,97.12999725341797,96.51000213623047,96.61000061035156,440978
2022-04-12T17:30,96.61000061035156,97.33999633789062,96.55999755859375,97.08000183105469,800174
2022-04-13T13:30,97.16000366210938,97.48999786376953,96.2300033569336,96.55999755859375,506633
2022-04-13T15:30,96.5199966430664,96.7699966430664,96.33999633789062,96.55000305175781,291593
2022-04-13T17:30,96.55999755859375,96.94999694824219,96.41999816894531,96.86000061035156,787500
2022-04-14T13:30,96.88999938964844,97.0999984741211,96.30999755859375,96.58000183105469,972770
2022-04-14T15:30,96.5999984741211,96.88999938964844,96.29000091552734,96.87999725341797,346372
2022-04-14T17:30,96.87000274658203,97.16999816894531,96.55000305175781,96.61000061035156,962880
2022-04-18T13:30,96.97000122070312,97.41999816894531,96.19000244140625,96.4000015258789,471236
2022-04-18T15:30,96.37000274658203,96.83000183105469,96.12999725341797,96.41999816894531,403662
2022-04-18T17:30,96.4000015258789,96.58999633789062,95.55000305175781,96.08999633789062,792467
2022-04-19T13:30,96.19999694824219,96.47000122070312,95.69000244140625,95.8499984741211,578780
2022-04-19T15:30,95.8499984741211,96.29000091552734,95.69999694824219,95.83999633789062,347360
2022-04-19T17:30,95.80999755859375,96.4800033569336,95.7300033569336,96.29000091552734,753419
2022-04-20T13:30,97.13999938964844,97.4000015258789,96.87000274658203,97.13999938964844,540462
2022-04-20T15:30,97.13999938964844,97.45999908447266,96.98999786376953,97.16999816894531,394634
2022-04-20T17:30,97.16999816894531,97.41999816894531,96.91000366210938,97.08999633789062,871163
2022-04-21T13:30,96.86000061035156,97.37999725341797,96.44999694824219,97.25,454263
2022-04-21T15:30,97.26000213623047,97.66999816894531,97.19000244140625,97.4000015258789,387595
2022-04-21T17:30,97.37999725341797,97.8499984741211,96.81999969482422,96.9800033569336,780497
2022-04-22T13:30,96.87000274658203,97.11000061035156,96.2300033569336,96.55999755859375,576624
2022-04-22T15:30,96.55999755859375,96.86000061035156,96.23999786376953,96.8499984741211,317272
2022-04-22T17:30,96.87000274658203,97.05999755859375,96.01000213623047,96.12999725341797,1189079
2022-04-25T13:30,96.58000183105469,96.76000213623047,94.25,94.5999984741211,884328
2022-04-25T15:30,94.58999633789062,94.94000244140625,94.23999786376953,94.58000183105469,493205
2022-04-25T17:30,94.54000091552734,96.13999938964844,94.37000274658203,95.69999694824219,1184481
2022-04-26T13:30,95.7300033569336,97.3499984741211,95.33999633789062,97.18000030517578,849828
2022-04-26T15:30,97.16999816894531,97.43000030517578,96.6500015258789,96.83000183105469,831927
2022-04-26T17:30,96.81999969482422,97.05999755859375,95.44999694824219,95.4800033569336,1670769
2022-04-27T13:30,95.5199966430664,96.23999786376953,94.38999938964844,96.12999725341797,602564
2022-04-27T15:30,96.16999816894531,96.63999938964844,96.06999969482422,96.4000015258789,401243
2022-04-27T17:30,96.38999938964844,96.5,95.05000305175781,95.0999984741211,1040601
2022-04-28T13:30,95.52999877929688,95.97000122070312,94.70999908447266,95.80999755859375,708907
2022-04-28T15:30,95.81999969482422,96.4800033569336,95.76000213623047,96.02999877929688,420224
2022-04-28T17:30,96.05999755859375,96.12999725341797,95.4000015258789,95.72000122070312,879097
2022-04-29T13:30,95.4000015258789,95.4800033569336,93.75,94.33999633789062,688747
2022-04-29T15:30,94.36000061035156,94.61000061035156,93.6500015258789,93.93000030517578,701571
2022-04-29T17:30,93.9000015258789,94.05000305175781,92.33999633789062,92.68000030517578,1472826
2022-05-02T13:30,93.08999633789062,93.44000244140625,91.63999938964844,91.9800033569336,748401
2022-05-02T15:30,91.95999908447266,92.16000366210938,91.02999877929688,91.0999984741211,580297
2022-05-02T17:30,91.08999633789062,91.5999984741211,90.4000015258789,91.44999694824219,1195668
2022-05-03T13:30,91.9800033569336,92.58000183105469,91.0999984741211,92.5,668066
2022-05-03T15:30,92.5199966430664,92.86000061035156,92.05999755859375,92.11000061035156,313357
2022-05-03T17:30,92.12999725341797,92.20999908447266,91,91.13999938964844,1010198
2022-05-04T13:30,91.01000213623047,92.31999969482422,90.77999877929688,91.95999908447266,664435
2022-05-04T15:30,91.94999694824219,92.62999725341797,91.94999694824219,92.12000274658203,368472
2022-05-04T17:30,92.11000061035156,93.18000030517578,91.87000274658203,92.95999908447266,1088689
2022-05-05T13:30,92.54000091552734,93.33999633789062,91.9000015258789,92.33000183105469,595814
2022-05-05T15:30,92.31999969482422,93.0999984741211,91.86000061035156,92.9000015258789,370364
2022-05-05T17:30,92.87000274658203,93.08999633789062,91.75,92.62000274658203,881069
2022-05-06T13:30,92.3499984741211,93.44000244140625,91.95999908447266,93,672478
2022-05-06T15:30,93.01000213623047,93.43000030517578,92.58000183105469,93.19999694824219,473166
2022-05-06T17:30,93.22000122070312,94.18000030517578,92.48999786376953,93.7699966430664,1200585
2022-05-09T13:30,92.22000122070312,93.02999877929688,91.26000213623047,92,1496463
2022-05-09T15:30,91.98999786376953,93.11000061035156,91.94000244140625,93.11000061035156,665403
2022-05-09T17:30,93.0999984741211,94.30999755859375,92.88999938964844,93.16999816894531,1032603
2022-05-10T13:30,93.0199966430664,94.37999725341797,92.20999908447266,92.2699966430664,975615
2022-05-10T15:30,92.23999786376953,92.29000091552734,90.87999725341797,91.5199966430664,696533
2022-05-10T17:30,91.54000091552734,92.02999877929688,91.01000213623047,91.61000061035156,1203768
2022-05-11T13:30,91.79000091552734,93.75,91.55000305175781,93.51000213623047,724875
2022-05-11T15:30,93.62999725341797,93.91999816894531,93,93.18000030517578,485557
2022-05-11T17:30,93.18000030517578,93.79000091552734,92.22000122070312,92.44999694824219,1138608
2022-05-12T13:30,92.33999633789062,92.77999877929688,91.33999633789062,91.5,848633
2022-05-12T15:30,91.4800033569336,91.80999755859375,91.16000366210938,91.77999877929688,895700
2022-05-12T17:30,91.77999877929688,92.56999969482422,91.56999969482422,92.38999938964844,1278880
2022-05-13T13:30,92.8499984741211,93.0199966430664,91.41999816894531,92.94999694824219,1488604
2022-05-13T15:30,92.94000244140625,93.08000183105469,92.18000030517578,92.18000030517578,399203
2022-05-13T17:30,92.16999816894531,92.9000015258789,91.72000122070312,92.7699966430664,981329
2022-05-16T13:30,93.06999969482422,94.11000061035156,92.87999725341797,93.94999694824219,741122
2022-05-16T15:30,93.95999908447266,94.11000061035156,93.3499984741211,93.58000183105469,393078
2022-05-16T17:30,93.58999633789062,93.7699966430664,93.2300033569336,93.41000366210938,983264
2022-05-17T13:30,92.87999725341797,93.36000061035156,90.93000030517578,92.1500015258789,1743019
2022-05-17T15:30,92.16000366210938,92.51000213623047,91.6500015258789,92.25,635423
2022-05-17T17:30,92.26000213623047,92.86000061035156,91.77999877929688,92.81999969482422,1166388
2022-05-18T13:30,93.20999908447266,93.83999633789062,93.12000274658203,93.37999725341797,1054023
2022-05-18T15:30,93.36000061035156,93.79000091552734,92.72000122070312,92.73999786376953,536124
2022-05-18T17:30,92.75,92.83999633789062,92.1500015258789,92.47000122070312,1840889
2022-05-19T13:30,92.2300033569336,92.2300033569336,91.01000213623047,91.20999908447266,1244294
2022-05-19T15:30,91.23999786376953,92.02999877929688,91.22000122070312,91.81999969482422,763322
2022-05-19T17:30,91.80999755859375,92.88999938964844,91.77999877929688,92.51000213623047,1204047
2022-05-20T13:30,92.37999725341797,93.05000305175781,91.83000183105469,92.36000061035156,1064773
2022-05-20T15:30,92.33999633789062,92.69999694824219,91.93000030517578,92.27999877929688,500136
2022-05-20T17:30,92.27999877929688,93.37000274658203,92.23999786376953,93.2300033569336,1123028
2022-05-23T13:30,93.91000366210938,94.9800033569336,93.19999694824219,94.73999786376953,899903
2022-05-23T15:30,94.75,94.77999877929688,93.87999725341797,93.91000366210938,545777
2022-05-23T17:30,93.93000030517578,94.27999877929688,93.80000305175781,94.05999755859375,771356
2022-05-24T13:30,94.47000122070312,94.9800033569336,93.97000122070312,94.43000030517578,569897
2022-05-24T15:30,94.41999816894531,95.12999725341797,94.38999938964844,94.93000030517578,654488
2022-05-24T17:30,94.91999816894531,96.19000244140625,94.81999969482422,95.88999938964844,1368917
2022-05-25T13:30,96.08000183105469,96.2699966430664,95.26000213623047,95.76000213623047,841777
2022-05-25T15:30,95.75,95.75,95.19999694824219,95.3499984741211,447924
2022-05-25T17:30,95.33999633789062,95.51000213623047,94.80999755859375,95.41000366210938,993494
2022-05-26T13:30,95.97000122070312,96.41999816894531,95.56999969482422,96.04000091552734,497070
2022-05-26T15:30,96.04000091552734,96.5,95.91999816894531,96.37999725341797,702331
2022-05-26T17:30,96.37999725341797,96.58000183105469,96.04000091552734,96.12999725341797,1138276
2022-05-27T13:30,95.81999969482422,96.80999755859375,95.55000305175781,96.55000305175781,743572
2022-05-27T15:30,96.52999877929688,96.69000244140625,96.3499984741211,96.44000244140625,455761
2022-05-27T17:30,96.44000244140625,97.18000030517578,96.30000305175781,97.11000061035156,1042141
2022-05-31T13:30,96.05000305175781,96.37000274658203,95.1500015258789,95.48999786376953,798860
2022-05-31T15:30,95.4800033569336,95.87000274658203,95.37000274658203,95.80000305175781,486555
2022-05-31T17:30,95.80000305175781,96.26000213623047,95.41000366210938,95.5199966430664,1336354
2022-06-01T13:30,95.52999877929688,95.68000030517578,94.18000030517578,94.3499984741211,874740
2022-06-01T15:30,94.36000061035156,94.86000061035156,94.25,94.77999877929688,311745
2022-06-01T17:30,94.77999877929688,95.26000213623047,94.44999694824219,94.7699966430664,823713
2022-06-02T13:30,95.1500015258789,95.37000274658203,93.29000091552734,94.16999816894531,838872
2022-06-02T15:30,94.13999938964844,94.58999633789062,93.91000366210938,93.97000122070312,381597
2022-06-02T17:30,93.97000122070312,94.9800033569336,93.91999816894531,94.88999938964844,1149142
2022-06-03T13:30,94.62000274658203,95.1500015258789,94.47000122070312,94.51000213623047,550800
2022-06-03T15:30,94.5,94.76000213623047,94.19000244140625,94.4800033569336,266826
2022-06-03T17:30,94.44999694824219,94.69999694824219,94.27999877929688,94.36000061035156,520871
2022-06-06T13:30,94.63999938964844,95.12999725341797,94.22000122070312,94.80999755859375,484374
2022-06-06T15:30,94.77999877929688,94.87000274658203,94.25,94.36000061035156,228513
2022-06-06T17:30,94.33999633789062,94.56999969482422,94.1500015258789,94.30000305175781,540397
2022-06-07T13:30,94.16999816894531,94.38999938964844,93.58000183105469,94.30000305175781,632186
2022-06-07T15:30,94.27999877929688,94.4800033569336,93.93000030517578,94.41999816894531,290839
2022-06-07T17:30,94.44999694824219,95.41000366210938,94.38999938964844,95.33000183105469,717235
2022-06-08T13:30,95.02999877929688,95.12000274658203,94.54000091552734,94.73999786376953,345103
2022-06-08T15:30,94.75,94.83000183105469,94.12000274658203,94.12000274658203,270946
2022-06-08T17:30,94.16999816894531,94.19000244140625,93.58999633789062,93.7699966430664,888710
2022-06-09T13:30,93.7300033569336,94.23999786376953,93.38999938964844,93.62999725341797,532717
2022-06-09T15:30,93.62000274658203,93.62999725341797,93.0999984741211,93.23999786376953,355726
2022-06-09T17:30,93.19999694824219,93.20999908447266,91.31999969482422,91.3499984741211,1044908
2022-06-10T13:30,90.73999786376953,91.38999938964844,89.93000030517578,91.16000366210938,985603
2022-06-10T15:30,91.1500015258789,91.54000091552734,90.98999786376953,91.5,504085
2022-06-10T17:30,91.4800033569336,92.25,91.20999908447266,91.45999908447266,1177538
2022-06-13T13:30,90.62999725341797,90.81999969482422,88.9000015258789,89.22000122070312,674780
2022-06-13T15:30,89.20999908447266,89.51000213623047,88.4800033569336,88.61000061035156,406002
2022-06-13T17:30,88.61000061035156,89.04000091552734,87.36000061035156,87.79000091552734,1019601
2022-06-14T13:30,88.0199966430664,88.47000122070312,85.58999633789062,85.83000183105469,1060678
2022-06-14T15:30,85.80000305175781,85.91000366210938,84.58999633789062,85.51000213623047,822496
2022-06-14T17:30,85.48999786376953,86.0999984741211,84.87999725341797,85.68000030517578,1477232
2022-06-15T13:30,86.58000183105469,86.66999816894531,84.31999969482422,84.4000015258789,947750
2022-06-15T15:30,84.38999938964844,84.97000122070312,84.08999633789062,84.55999755859375,966873
2022-06-15T17:30,84.55999755859375,86.43000030517578,84.08000183105469,85.0199966430664,1705165
2022-06-16T13:30,84.05000305175781,84.7300033569336,83.05999755859375,84.45999908447266,1206939
2022-06-16T15:30,84.4800033569336,84.4800033569336,83.83999633789062,84.26000213623047,564935
2022-06-16T17:30,84.23999786376953,84.55000305175781,83.9800033569336,84.48999786376953,1668393
2022-06-17T13:30,84.2300033569336,84.83999633789062,82.73999786376953,83.27999877929688,2515862
2022-06-17T15:30,83.27999877929688,83.45999908447266,82.22000122070312,83.0199966430664,676891
2022-06-17T17:30,83.02999877929688,83.45999908447266,82.72000122070312,83.01000213623047,1307251
2022-06-21T13:30,83.12999725341797,83.87999725341797,82.86000061035156,83.87000274658203,1008405
2022-06-21T15:30,83.87000274658203,84.08999633789062,83.79000091552734,83.97000122070312,572713
2022-06-21T17:30,83.94999694824219,84.44999694824219,83.81999969482422,84.18000030517578,850503
2022-06-22T13:30,83.95999908447266,85.12999725341797,83.76000213623047,85.05999755859375,630795
2022-06-22T15:30,85.05000305175781,85.43000030517578,84.93000030517578,85.33999633789062,380809
2022-06-22T17:30,85.33999633789062,85.72000122070312,84.9800033569336,84.9800033569336,1158922
2022-06-23T13:30,85.44000244140625,86.7300033569336,85.33999633789062,86.36000061035156,722724
2022-06-23T15:30,86.33999633789062,86.83999633789062,85.88999938964844,86.70999908447266,625324
2022-06-23T17:30,86.7300033569336,87.97000122070312,86.66999816894531,87.7699966430664,1722198
2022-06-24T13:30,87.98999786376953,88.48999786376953,87.68000030517578,88.22000122070312,559031
2022-06-24T15:30,88.23999786376953,88.51000213623047,88.11000061035156,88.33000183105469,352758
2022-06-24T17:30,88.30000305175781,88.94999694824219,88.29000091552734,88.75,1211633
2022-06-27T13:30,88.30000305175781,89.11000061035156,88.04000091552734,88.98999786376953,418371
2022-06-27T15:30,88.98999786376953,89.43000030517578,88.86000061035156,89.0999984741211,319088
2022-06-27T17:30,89.08999633789062,89.30000305175781,88.7699966430664,89.30000305175781,690649
2022-06-28T13:30,89.76000213623047,90.66999816894531,89.66999816894531,90.1500015258789,602565
2022-06-28T15:30,90.1500015258789,90.33000183105469,89.76000213623047,89.9800033569336,348644
2022-06-28T17:30,90,90.08000183105469,89.41999816894531,89.72000122070312,811493
2022-06-29T13:30,89.73999786376953,90.18000030517578,89.43000030517578,89.43000030517578,354405
2022-06-29T15:30,89.44999694824219,90.0199966430664,89.37999725341797,89.87000274658203,448962
2022-06-29T17:30,89.86000061035156,90.23999786376953,89.66999816894531,89.97000122070312,706613
2022-06-30T13:30,89.3499984741211,91.01000213623047,89.1500015258789,90.58000183105469,858517
2022-06-30T15:30,90.5999984741211,91.4000015258789,90.44999694824219,91.33999633789062,440389
2022-06-30T17:30,91.33000183105469,91.61000061035156,90.63999938964844,91.0999984741211,1245980
2022-07-01T13:30,91.44999694824219,92.62999725341797,90.98999786376953,92.3499984741211,742019
2022-07-01T15:30,92.3499984741211,92.70999908447266,91.95999908447266,92.33999633789062,362137
2022-07-01T17:30,92.33000183105469,93.18000030517578,92.33000183105469,93.06999969482422,897904
2022-07-05T13:30,93.11000061035156,93.11000061035156,89.18000030517578,89.4000015258789,873106
2022-07-05T15:30,89.41999816894531,90.08000183105469,88.87999725341797,88.91000366210938,564102
2022-07-05T17:30,88.88999938964844,90.43000030517578,88.7300033569336,90.26000213623047,1027577
2022-07-06T13:30,90.54000091552734,91.33000183105469,90.04000091552734,90.43000030517578,470179
2022-07-06T15:30,90.43000030517578,91.08000183105469,90.37999725341797,90.76000213623047,284473
2022-07-06T17:30,90.75,92.02999877929688,90.7300033569336,91.30999755859375,798562
2022-07-07T13:30,91.51000213623047,91.8499984741211,90.81999969482422,91.0999984741211,527556
2022-07-07T15:30,91.08999633789062,91.18000030517578,90.47000122070312,90.56999969482422,312377
2022-07-07T17:30,90.58000183105469,90.98999786376953,90.43000030517578,90.66999816894531,726387
2022-07-08T13:30,90.70999908447266,90.87999725341797,89.75,89.94000244140625,400372
2022-07-08T15:30,89.94999694824219,90.33000183105469,89.88999938964844,90.05000305175781,325360
2022-07-08T17:30,90.05000305175781,90.3499984741211,89.86000061035156,89.91999816894531,649179
2022-07-11T13:30,90,90.98999786376953,89.8499984741211,90.54000091552734,447201
2022-07-11T15:30,90.52999877929688,91.01000213623047,90.20999908447266,90.9800033569336,270374
2022-07-11T17:30,90.98999786376953,91.66000366210938,90.94999694824219,91.6500015258789,1279317
2022-07-12T13:30,91.30999755859375,92.5,90.93000030517578,91.94999694824219,616389
2022-07-12T15:30,92.01000213623047,92.11000061035156,91.7300033569336,91.94999694824219,451217
2022-07-12T17:30,91.93000030517578,92.01000213623047,91.06999969482422,91.38999938964844,674848
2022-07-13T13:30,90.76000213623047,91.72000122070312,90.58000183105469,91.01000213623047,763812
2022-07-13T15:30,90.98999786376953,91.83999633789062,90.83999633789062,91.55999755859375,343656
2022-07-13T17:30,91.55000305175781,91.7699966430664,90.94999694824219,91.01000213623047,818587
2022-07-14T13:30,89.3499984741211,90.5199966430664,89.27999877929688,90.37999725341797,532637
2022-07-14T15:30,90.37999725341797,90.7699966430664,90.26000213623047,90.58999633789062,239281
2022-07-14T17:30,90.58999633789062,91,90.43000030517578,90.7699966430664,922940
2022-07-15T13:30,91.19000244140625,91.36000061035156,90.12000274658203,91.33000183105469,712903
2022-07-15T15:30,91.30999755859375,91.33000183105469,90.66999816894531,90.91999816894531,395447
2022-07-15T17:30,90.88999938964844,91.26000213623047,90.5999984741211,91.16000366210938,655297
2022-07-18T13:30,90.7300033569336,90.91999816894531,89.98999786376953,90.01000213623047,489154
2022-07-18T15:30,90,90.16000366210938,89.75,89.93000030517578,303709
2022-07-18T17:30,89.94000244140625,90.3499984741211,89.45999908447266,89.5,857129
2022-07-19T13:30,90.01000213623047,90.37000274658203,89.63999938964844,89.95999908447266,431549
2022-07-19T15:30,89.97000122070312,90.1500015258789,89.55000305175781,89.66000366210938,331060
2022-07-19T17:30,89.68000030517578,90.13999938964844,89.48999786376953,89.58000183105469,940685
2022-07-20T13:30,89.68000030517578,89.83000183105469,88.19000244140625,88.88999938964844,575750
2022-07-20T15:30,88.87000274658203,89.2300033569336,88.12000274658203,88.25,438883
2022-07-20T17:30,88.26000213623047,88.36000061035156,87.29000091552734,87.4000015258789,1362798
2022-07-21T13:30,87.3499984741211,87.80000305175781,86.72000122070312,87.55999755859375,912308
2022-07-21T15:30,87.54000091552734,88.05000305175781,87.54000091552734,87.7699966430664,428926
2022-07-21T17:30,87.7699966430664,87.9800033569336,87.63999938964844,87.88999938964844,807549
2022-07-22T13:30,88.47000122070312,89.05000305175781,88.22000122070312,88.81999969482422,425325
2022-07-22T15:30,88.80999755859375,89.01000213623047,88.56999969482422,88.7300033569336,223280
2022-07-22T17:30,88.73999786376953,89.12000274658203,88.37000274658203,89.08999633789062,529089
2022-07-25T13:30,88.80999755859375,89.81999969482422,88.61000061035156,89.79000091552734,362625
2022-07-25T15:30,89.7699966430664,89.88999938964844,89.55000305175781,89.66999816894531,234072
2022-07-25T17:30,89.68000030517578,89.9800033569336,89.4800033569336,89.94000244140625,566078
2022-07-26T13:30,89.77999877929688,90.63999938964844,89.55000305175781,90.43000030517578,442083
2022-07-26T15:30,90.44999694824219,91.06999969482422,90.43000030517578,91.04000091552734,210759
2022-07-26T17:30,91.05000305175781,91.08999633789062,90.68000030517578,90.83999633789062,555182
2022-07-27T13:30,90.52999877929688,90.69999694824219,89.94000244140625,90.3499984741211,489744
2022-07-27T15:30,90.37000274658203,90.43000030517578,90.20999908447266,90.3499984741211,214056
2022-07-27T17:30,90.33999633789062,90.62000274658203,89.86000061035156,90.41000366210938,929057
2022-07-28T13:30,91.18000030517578,92.12000274658203,90.51000213623047,91.91999816894531,712065
2022-07-28T15:30,91.9000015258789,92.18000030517578,91.66999816894531,92.1500015258789,398185
2022-07-28T17:30,92.16000366210938,92.73999786376953,92.1500015258789,92.47000122070312,832444
2022-07-29T13:30,92.16999816894531,93.4800033569336,92.13999938964844,93.4800033569336,465381
2022-07-29T15:30,93.4800033569336,93.72000122070312,93.36000061035156,93.48999786376953,221320
2022-07-29T17:30,93.48999786376953,93.54000091552734,93.0199966430664,93.29000091552734,680016
2022-08-01T13:30,93.25,93.83000183105469,92.4800033569336,92.86000061035156,565362
2022-08-01T15:30,92.87999725341797,93.44999694824219,92.69999694824219,93.22000122070312,246914
2022-08-01T17:30,93.20999908447266,93.31999969482422,92.91999816894531,93.20999908447266,865993
2022-08-02T13:30,93.61000061035156,94.5,93.4000015258789,93.88999938964844,675604
2022-08-02T15:30,93.9000015258789,94.16999816894531,93.6500015258789,93.83999633789062,385080
2022-08-02T17:30,93.80000305175781,93.91999816894531,92.87999725341797,93.0999984741211,763073
2022-08-03T13:30,92.87000274658203,92.95999908447266,91.20999908447266,92.43000030517578,762046
2022-08-03T15:30,92.44000244140625,93.75,92.41999816894531,93.75,479314
2022-08-03T17:30,93.75,94.33999633789062,93.51000213623047,94.0199966430664,1148456
2022-08-04T13:30,94.88999938964844,95.04000091552734,94.0199966430664,94.18000030517578,1045800
2022-08-04T15:30,94.18000030517578,94.23999786376953,92.94000244140625,93.1500015258789,473899
2022-08-04T17:30,93.16000366210938,93.63999938964844,92.97000122070312,93.13999938964844,1048082
2022-08-05T13:30,92.63999938964844,92.93000030517578,91.08000183105469,91.94000244140625,1183608
2022-08-05T15:30,91.94999694824219,92.33999633789062,91.52999877929688,92.27999877929688,505920
2022-08-05T17:30,92.27999877929688,92.70999908447266,91.91999816894531,92.66000366210938,985424
2022-08-08T13:30,93.25,93.87999725341797,93.18000030517578,93.48999786376953,1408605
2022-08-08T15:30,93.4800033569336,93.48999786376953,92.4800033569336,92.51000213623047,396918
2022-08-08T17:30,92.51000213623047,92.7300033569336,92.31999969482422,92.54000091552734,824976
2022-08-09T13:30,92.8499984741211,93.41000366210938,92.63999938964844,93.19000244140625,683574
2022-08-09T15:30,93.19000244140625,93.33000183105469,93.0199966430664,93.12999725341797,413658
2022-08-09T17:30,93.13999938964844,93.5,93.06999969482422,93.19000244140625,1000634
2022-08-10T13:30,93.62000274658203,93.79000091552734,93.20999908447266,93.30000305175781,484474
2022-08-10T15:30,93.29000091552734,93.5,92.95999908447266,93.31999969482422,483956
2022-08-10T17:30,93.30999755859375,93.56999969482422,93.19999694824219,93.44999694824219,1049514
2022-08-11T13:30,93.5,94.12000274658203,92.9000015258789,94.04000091552734,827155
2022-08-11T15:30,94.06999969482422,94.11000061035156,93.7300033569336,93.79000091552734,432817
2022-08-11T17:30,93.79000091552734,93.80000305175781,92.80000305175781,92.95999908447266,958326
2022-08-12T13:30,93.4800033569336,94.33000183105469,93.31999969482422,94.31999969482422,1616499
2022-08-12T15:30,94.33000183105469,94.37999725341797,94.08000183105469,94.23999786376953,321738
2022-08-12T17:30,94.25,94.51000213623047,94.0999984741211,94.44000244140625,931782
2022-08-15T13:30,94.52999877929688,94.7300033569336,93.9800033569336,94.1500015258789,842908
2022-08-15T15:30,94.1500015258789,94.83999633789062,93.91000366210938,94.79000091552734,312510
2022-08-15T17:30,94.80000305175781,95.1500015258789,94.69999694824219,95.06999969482422,715271
2022-08-16T13:30,95.05999755859375,96.18000030517578,94.91000366210938,96.05999755859375,763097
2022-08-16T15:30,96.05000305175781,96.3499984741211,95.9000015258789,95.97000122070312,386407
2022-08-16T17:30,95.94999694824219,96.13999938964844,95.55999755859375,96.02999877929688,982136
2022-08-17T13:30,95.86000061035156,96.70999908447266,95.86000061035156,96.19000244140625,507178
2022-08-17T15:30,96.19999694824219,96.26000213623047,95.80000305175781,95.98999786376953,260143
2022-08-17T17:30,95.98999786376953,96.27999877929688,95.83000183105469,95.94999694824219,684902
2022-08-18T13:30,96.0199966430664,96.7699966430664,96.0199966430664,96.76000213623047,445900
2022-08-18T15:30,96.77999877929688,96.8499984741211,96.1500015258789,96.23999786376953,305989
2022-08-18T17:30,96.22000122070312,96.55999755859375,96.18000030517578,96.44000244140625,726029
2022-08-19T13:30,96.5999984741211,97.12999725341797,96.20999908447266,96.86000061035156,655487
2022-08-19T15:30,96.86000061035156,97.37000274658203,96.7300033569336,97.18000030517578,317738
2022-08-19T17:30,97.18000030517578,97.26000213623047,96.72000122070312,97,747292
2022-08-22T13:30,96.77999877929688,97.02999877929688,96.33000183105469,96.4000015258789,494693
2022-08-22T15:30,96.4000015258789,96.43000030517578,96,96.08999633789062,294868
2022-08-22T17:30,96.08000183105469,96.08000183105469,95.79000091552734,95.9800033569336,785333
2022-08-23T13:30,96.05999755859375,96.05999755859375,94.91000366210938,95.04000091552734,442714
2022-08-23T15:30,95.02999877929688,95.30999755859375,94.91000366210938,95.2699966430664,244484
2022-08-23T17:30,95.27999877929688,95.36000061035156,94.91999816894531,95.11000061035156,514296
2022-08-24T13:30,95.25,95.38999938964844,94.76000213623047,95.16999816894531,464210
2022-08-24T15:30,95.18000030517578,95.33999633789062,94.51000213623047,94.62999725341797,274493
2022-08-24T17:30,94.66000366210938,95.06999969482422,94.52999877929688,95.02999877929688,649941
2022-08-25T13:30,95.11000061035156,95.18000030517578,93.97000122070312,94.19999694824219,805843
2022-08-25T15:30,94.2300033569336,94.2699966430664,93.88999938964844,94.16999816894531,388260
2022-08-25T17:30,94.18000030517578,94.83000183105469,94.08999633789062,94.83000183105469,1068186
2022-08-26T13:30,94.94000244140625,94.98999786376953,93.66999816894531,93.80999755859375,900637
2022-08-26T15:30,93.81999969482422,94.0199966430664,93.66999816894531,93.93000030517578,454927
2022-08-26T17:30,93.91999816894531,93.93000030517578,93.02999877929688,93.13999938964844,1272408
2022-08-29T13:30,92.86000061035156,93.58000183105469,92.16000366210938,93.4800033569336,485064
2022-08-29T15:30,93.5,94.0199966430664,93.44999694824219,93.94999694824219,357317
2022-08-29T17:30,93.94000244140625,94.1500015258789,93.54000091552734,93.54000091552734,707274
2022-08-30T13:30,93.33000183105469,93.58000183105469,92.36000061035156,93,498595
2022-08-30T15:30,93,93.08000183105469,92.55999755859375,92.70999908447266,235490
2022-08-30T17:30,92.69999694824219,92.86000061035156,91.87999725341797,92.23999786376953,869781
2022-08-31T13:30,92.23999786376953,92.98999786376953,92.22000122070312,92.87000274658203,504490
2022-08-31T15:30,92.87999725341797,92.94000244140625,92.3499984741211,92.41999816894531,276418
2022-08-31T17:30,92.41999816894531,92.4800033569336,91.44000244140625,91.56999969482422,948205
2022-09-01T13:30,91.69000244140625,92.76000213623047,91.43000030517578,92.70999908447266,395253
2022-09-01T15:30,92.72000122070312,92.9800033569336,92.30999755859375,92.75,292129
2022-09-01T17:30,92.73999786376953,92.94999694824219,92.36000061035156,92.66999816894531,559413
2022-09-02T13:30,92.73999786376953,93.5999984741211,92.73999786376953,93.30000305175781,404953
2022-09-02T15:30,93.30000305175781,93.41000366210938,91.93000030517578,91.9800033569336,255536
2022-09-02T17:30,91.95999908447266,92.22000122070312,91.37999725341797,91.66999816894531,557128
2022-09-06T13:30,91.8499984741211,92.81999969482422,91.58000183105469,92.12999725341797,534215
2022-09-06T15:30,92.16000366210938,92.29000091552734,91.43000030517578,91.54000091552734,265365
2022-09-06T17:30,91.55000305175781,91.83999633789062,91.16000366210938,91.45999908447266,688059
2022-09-07T13:30,92.05999755859375,93.66000366210938,92.05000305175781,93.52999877929688,664854
2022-09-07T15:30,93.5199966430664,94,93.12000274658203,93.91000366210938,373488
2022-09-07T17:30,93.91000366210938,94.51000213623047,93.87000274658203,94.45999908447266,894076
2022-09-08T13:30,94.12000274658203,94.8499984741211,93.87999725341797,94.62999725341797,418267
2022-09-08T15:30,94.62000274658203,94.66999816894531,93.73999786376953,94,567281
2022-09-08T17:30,94,94.08999633789062,93.12000274658203,93.54000091552734,1014026
2022-09-09T13:30,93.86000061035156,94.51000213623047,93.29000091552734,94.19999694824219,369681
2022-09-09T15:30,94.20999908447266,94.4000015258789,93.86000061035156,94.1500015258789,244012
2022-09-09T17:30,94.16999816894531,94.55000305175781,94.08999633789062,94.12000274658203,565737
2022-09-12T13:30,94.2300033569336,95.30000305175781,94.13999938964844,95.08000183105469,422862
2022-09-12T15:30,95.06999969482422,95.12000274658203,94.66999816894531,95.11000061035156,241415
2022-09-12T17:30,95.0999984741211,95.11000061035156,94.5199966430664,94.9800033569336,590394
2022-09-13T13:30,94.3499984741211,94.66999816894531,93.83999633789062,93.9800033569336,409179
2022-09-13T15:30,93.98999786376953,94.33000183105469,93.8499984741211,94.04000091552734,284608
2022-09-13T17:30,94.02999877929688,94.02999877929688,92.1500015258789,92.66000366210938,1021044
2022-09-14T13:30,92.77999877929688,94.16999816894531,92.77999877929688,93.58999633789062,564487
2022-09-14T15:30,93.58999633789062,93.79000091552734,93.43000030517578,93.72000122070312,323355
2022-09-14T17:30,93.72000122070312,93.79000091552734,93.1500015258789,93.61000061035156,905237
2022-09-15T13:30,93.01000213623047,93.08999633789062,91.94999694824219,92.41999816894531,617851
2022-09-15T15:30,92.41000366210938,92.44000244140625,91.41000366210938,91.72000122070312,447191
2022-09-15T17:30,91.7300033569336,91.87999725341797,90.87999725341797,91.05000305175781,1088844
2022-09-16T13:30,91.58999633789062,92.16000366210938,90.93000030517578,91.33999633789062,2430869
2022-09-16T15:30,91.33000183105469,91.41000366210938,90.87000274658203,91.2300033569336,428466
2022-09-16T17:30,91.22000122070312,91.37999725341797,90.70999908447266,90.87999725341797,902193
2022-09-19T13:30,90.6500015258789,91.11000061035156,90.2300033569336,90.62999725341797,552001
2022-09-19T15:30,90.61000061035156,90.77999877929688,90.33000183105469,90.68000030517578,314964
2022-09-19T17:30,90.66999816894531,91.5199966430664,90.37999725341797,91.51000213623047,674530
2022-09-20T13:30,90.80999755859375,91.01000213623047,89.73999786376953,89.77999877929688,489541
2022-09-20T15:30,89.76000213623047,90.2699966430664,89.56999969482422,89.87999725341797,278264
2022-09-20T17:30,89.8499984741211,90.69000244140625,89.79000091552734,90.5,601488
2022-09-21T13:30,90.83000183105469,91.54000091552734,90.62999725341797,91.06999969482422,292471
2022-09-21T15:30,91.08999633789062,91.33000183105469,91.05000305175781,91.18000030517578,185849
2022-09-21T17:30,91.19999694824219,91.22000122070312,89.31999969482422,89.31999969482422,709285
2022-09-22T13:30,89.16999816894531,89.5999984741211,88.7300033569336,89.4000015258789,543956
2022-09-22T15:30,89.4000015258789,90.12999725341797,89.26000213623047,89.9000015258789,562635
2022-09-22T17:30,89.87999725341797,90.44999694824219,89.63999938964844,89.66999816894531,949496
2022-09-23T13:30,89.04000091552734,89.30999755859375,88.25,88.7300033569336,529184
2022-09-23T15:30,88.73999786376953,88.77999877929688,88.05999755859375,88.37999725341797,430134
2022-09-23T17:30,88.38999938964844,88.9000015258789,87.81999969482422,88.86000061035156,946945
2022-09-26T13:30,88.66000366210938,88.75,87.06999969482422,87.08000183105469,720646
2022-09-26T15:30,87.11000061035156,87.13999938964844,85.58999633789062,85.72000122070312,487654
2022-09-26T17:30,85.70999908447266,87.16999816894531,85.70999908447266,86.38999938964844,1070757
2022-09-27T13:30,86.58999633789062,86.97000122070312,84.9000015258789,84.95999908447266,1079934
2022-09-27T15:30,84.95999908447266,85.12999725341797,84.33000183105469,84.51000213623047,680969
2022-09-27T17:30,84.5,84.66999816894531,83.91000366210938,84.2300033569336,1694112
2022-09-28T13:30,85.19000244140625,85.62999725341797,84.08000183105469,85.5,651565
2022-09-28T15:30,85.48999786376953,85.81999969482422,85.0199966430664,85.5,393925
2022-09-28T17:30,85.52999877929688,85.83000183105469,85.0199966430664,85.30000305175781,843222
2022-09-29T13:30,85.11000061035156,85.13999938964844,82.9800033569336,83.0999984741211,545383
2022-09-29T15:30,83.04000091552734,83.27999877929688,82.23999786376953,82.33000183105469,424352
2022-09-29T17:30,82.31999969482422,82.4000015258789,81.33000183105469,81.47000122070312,1666965
2022-09-30T13:30,82.0199966430664,82.31999969482422,80.66999816894531,81.16000366210938,678785
2022-09-30T15:30,81.1500015258789,81.19000244140625,80.25,80.48999786376953,540032
2022-09-30T17:30,80.48999786376953,80.66000366210938,79.48999786376953,79.76000213623047,2050920
2022-10-03T13:30,80.91000366210938,82.23999786376953,80.05000305175781,81.9000015258789,1074022
2022-10-03T15:30,81.88999938964844,82.22000122070312,81.56999969482422,81.9000015258789,519962
2022-10-03T17:30,81.91000366210938,82.12999725341797,81.55999755859375,81.68000030517578,1320721
2022-10-04T13:30,82.2300033569336,83.37000274658203,81.61000061035156,82.66999816894531,866187
2022-10-04T15:30,82.63999938964844,82.91000366210938,81.8499984741211,82.44999694824219,658696
2022-10-04T17:30,82.45999908447266,83.2300033569336,82.20999908447266,83.20999908447266,1022744
2022-10-05T13:30,82.1500015258789,82.33999633789062,80.29000091552734,80.55999755859375,836620
2022-10-05T15:30,80.58999633789062,81.27999877929688,80.04000091552734,81.08000183105469,1145421
2022-10-05T17:30,81.08999633789062,81.27999877929688,80.4000015258789,80.56999969482422,1502166
2022-10-06T13:30,80.2300033569336,80.30000305175781,78.06999969482422,78.93000030517578,1582103
2022-10-06T15:30,78.94999694824219,78.94999694824219,77.95999908447266,78.02999877929688,814001
2022-10-06T17:30,78,78.12000274658203,77.6500015258789,77.76000213623047,1332229
2022-10-07T13:30,77.7300033569336,77.94999694824219,76.56999969482422,77.0199966430664,878647
2022-10-07T15:30,77.01000213623047,77.04000091552734,76.23999786376953,76.37999725341797,659962
2022-10-07T17:30,76.37999725341797,76.47000122070312,75.87999725341797,76.31999969482422,1215560
2022-10-10T13:30,76.33000183105469,77.20999908447266,76.25,76.7699966430664,985562
2022-10-10T15:30,76.7699966430664,76.94000244140625,76.48999786376953,76.81999969482422,539182
2022-10-10T17:30,76.80999755859375,76.94000244140625,76.36000061035156,76.4000015258789,1131879
2022-10-11T13:30,76.05999755859375,77.1500015258789,75.94000244140625,76.87000274658203,1409261
2022-10-11T15:30,76.87000274658203,77.4800033569336,76.63999938964844,77.37000274658203,941464
2022-10-11T17:30,77.37999725341797,77.5199966430664,76.29000091552734,76.66999816894531,2037911
2022-10-12T13:30,76.23999786376953,76.4800033569336,75.43000030517578,75.51000213623047,872315
2022-10-12T15:30,75.51000213623047,75.55000305175781,74.47000122070312,74.5,887624
2022-10-12T17:30,74.47000122070312,74.52999877929688,73.58999633789062,73.66999816894531,1832365
2022-10-13T13:30,72.80999755859375,73.37000274658203,71.75,73.26000213623047,2348772
2022-10-13T15:30,73.27999877929688,74.61000061035156,73.27999877929688,74.52999877929688,1586143
2022-10-13T17:30,74.55999755859375,75.81999969482422,74.55999755859375,75.38999938964844,2364941
2022-10-14T13:30,76.13999938964844,76.62999725341797,74.54000091552734,74.72000122070312,1684728
2022-10-14T15:30,74.73999786376953,74.73999786376953,74.06999969482422,74.68000030517578,819128
2022-10-14T17:30,74.66999816894531,74.7699966430664,74.01000213623047,74.4800033569336,1601334
2022-10-17T13:30,75.37999725341797,76.88999938964844,75.2699966430664,76.70999908447266,1077016
2022-10-17T15:30,76.69000244140625,76.83999633789062,76.27999877929688,76.56999969482422,482412
2022-10-17T17:30,76.58999633789062,77.05999755859375,76.27999877929688,76.33000183105469,1414010
2022-10-18T13:30,77.33000183105469,78.02999877929688,77.01000213623047,77.2699966430664,865830
2022-10-18T15:30,77.30000305175781,77.66999816894531,76.94000244140625,77.54000091552734,541167
2022-10-18T17:30,77.55000305175781,77.97000122070312,77.44999694824219,77.80000305175781,1253063
2022-10-19T13:30,76.7699966430664,77.41000366210938,76.52999877929688,76.72000122070312,623520
2022-10-19T15:30,76.70999908447266,76.86000061035156,76.08000183105469,76.30000305175781,549457
2022-10-19T17:30,76.27999877929688,76.69999694824219,76.1500015258789,76.52999877929688,1037717
2022-10-20T13:30,76.23999786376953,76.37999725341797,74.9000015258789,75.16999816894531,1385552
2022-10-20T15:30,75.18000030517578,75.47000122070312,74.63999938964844,74.94000244140625,662288
2022-10-20T17:30,74.91999816894531,74.94000244140625,74.27999877929688,74.69000244140625,1145556
2022-10-21T13:30,74.87000274658203,75.58000183105469,74.44999694824219,75.55999755859375,1106142
2022-10-21T15:30,75.56999969482422,76.12000274658203,75.37999725341797,75.97000122070312,493017
2022-10-21T17:30,75.9800033569336,76.31999969482422,75.69000244140625,75.7699966430664,1013379
2022-10-24T13:30,76.29000091552734,76.94000244140625,75.41000366210938,75.88999938964844,641622
2022-10-24T15:30,75.8499984741211,76.12999725341797,75.58999633789062,75.70999908447266,443157
2022-10-24T17:30,75.70999908447266,76.30000305175781,75.66999816894531,75.9800033569336,859800
2022-10-25T13:30,75.98999786376953,77.29000091552734,75.9800033569336,77.19000244140625,670826
2022-10-25T15:30,77.19000244140625,77.62999725341797,77.19000244140625,77.3499984741211,480043
2022-10-25T17:30,77.33999633789062,77.47000122070312,77.04000091552734,77.33000183105469,988386
2022-10-26T13:30,77.7300033569336,78.18000030517578,77.08000183105469,77.55000305175781,517416
2022-10-26T15:30,77.55999755859375,78.31999969482422,77.54000091552734,78.20999908447266,713958
2022-10-26T17:30,78.23999786376953,78.30999755859375,77.62999725341797,77.7699966430664,1073290
2022-10-27T13:30,78.5,79.06999969482422,78.1500015258789,78.83000183105469,1104531
2022-10-27T15:30,78.81999969482422,78.87000274658203,78.08999633789062,78.51000213623047,527385
2022-10-27T17:30,78.51000213623047,78.51000213623047,77.86000061035156,78.05999755859375,1234834
2022-10-28T13:30,78.16999816894531,79.73999786376953,78.16999816894531,79.25,740649
2022-10-28T15:30,79.27999877929688,79.8499984741211,79.0999984741211,79.6500015258789,398444
2022-10-28T17:30,79.66000366210938,80.70999908447266,79.45999908447266,80.54000091552734,1420184
2022-10-31T13:30,80.2699966430664,80.72000122070312,79.30000305175781,80.16999816894531,806531
2022-10-31T15:30,80.16999816894531,80.2699966430664,79.36000061035156,79.58999633789062,490055
2022-10-31T17:30,79.5999984741211,79.87999725341797,79.33000183105469,79.79000091552734,983979
2022-11-01T13:30,80.1500015258789,80.27999877929688,79.43000030517578,79.9000015258789,530676
2022-11-01T15:30,79.9000015258789,80.63999938964844,79.9000015258789,80.36000061035156,502775
2022-11-01T17:30,80.36000061035156,80.6500015258789,80.2699966430664,80.29000091552734,1365858
2022-11-02T13:30,80.05999755859375,80.62999725341797,79.70999908447266,80.58000183105469,498158
2022-11-02T15:30,80.55999755859375,80.95999908447266,80.43000030517578,80.72000122070312,409912
2022-11-02T17:30,80.7300033569336,81.70999908447266,79.44000244140625,79.52999877929688,1572058
2022-11-03T13:30,78.80000305175781,79.54000091552734,78.44999694824219,79.31999969482422,888848
2022-11-03T15:30,79.33000183105469,80.08999633789062,79.22000122070312,80.02999877929688,671494
2022-11-03T17:30,80.04000091552734,80.3499984741211,79.75,79.83999633789062,1250291
2022-11-04T13:30,81.06999969482422,81.19000244140625,78.31999969482422,79.12000274658203,1487951
2022-11-04T15:30,79.1500015258789,79.37000274658203,78.33999633789062,78.87999725341797,1070080
2022-11-04T17:30,78.91999816894531,80.2699966430664,78.87000274658203,80.23999786376953,1678585
2022-11-07T14:30,80.08999633789062,80.13999938964844,78.80999755859375,78.80999755859375,874353
2022-11-07T16:30,78.80999755859375,78.81999969482422,77.4000015258789,78.0199966430664,829454
2022-11-07T18:30,78.02999877929688,79.23999786376953,77.91999816894531,79.08999633789062,1903093
2022-11-08T14:30,79.26000213623047,80.41999816894531,79.0999984741211,80.18000030517578,757515
2022-11-08T16:30,80.18000030517578,80.54000091552734,79.87000274658203,79.88999938964844,520620
2022-11-08T18:30,79.87999725341797,80.43000030517578,79.30999755859375,79.94000244140625,1034154
2022-11-09T14:30,80.19999694824219,80.86000061035156,79.80999755859375,80.7300033569336,773749
2022-11-09T16:30,80.68000030517578,80.7300033569336,80.08999633789062,80.29000091552734,421664
2022-11-09T18:30,80.27999877929688,80.44999694824219,79.77999877929688,80.05999755859375,1054902
2022-11-10T14:30,82.11000061035156,82.37000274658203,80.73999786376953,82.30000305175781,801477
2022-11-10T16:30,82.30999755859375,82.87000274658203,82.12000274658203,82.55999755859375,454873
2022-11-10T18:30,82.56999969482422,83.38999938964844,82.37999725341797,83.12999725341797,1446091
2022-11-11T14:30,83.2699966430664,83.30000305175781,81.54000091552734,81.83999633789062,767869
2022-11-11T16:30,81.83999633789062,81.83999633789062,80.9000015258789,81.02999877929688,760699
2022-11-11T18:30,81.02999877929688,81.66999816894531,81,81.55000305175781,1250008
2022-11-14T14:30,81.93000030517578,82.58999633789062,81.62999725341797,81.66999816894531,1902151
2022-11-14T16:30,81.66000366210938,82.4800033569336,81.61000061035156,82.3499984741211,530911
2022-11-14T18:30,82.3499984741211,82.61000061035156,81.76000213623047,81.76000213623047,1766446
2022-11-15T14:30,82.75,83.48999786376953,82.4800033569336,82.7300033569336,1253632
2022-11-15T16:30,82.73999786376953,83.05000305175781,82.33000183105469,82.38999938964844,956114
2022-11-15T18:30,82.37999725341797,83.30000305175781,82.08999633789062,83.19000244140625,1555537
2022-11-16T14:30,83.4000015258789,84.87000274658203,83.4000015258789,84.58999633789062,1316806
2022-11-16T16:30,84.58000183105469,84.62999725341797,83.68000030517578,83.72000122070312,477772
2022-11-16T18:30,83.72000122070312,84.16000366210938,83.55000305175781,83.91999816894531,1311090
2022-11-17T14:30,83.3499984741211,83.72000122070312,82.16000366210938,82.56999969482422,745667
2022-11-17T16:30,82.55999755859375,83.2699966430664,82.25,82.94999694824219,567053
2022-11-17T18:30,82.94999694824219,83.0199966430664,82.19999694824219,82.68000030517578,1021796
2022-11-18T14:30,83.16000366210938,83.9800033569336,83.08000183105469,83.94000244140625,749767
2022-11-18T16:30,83.95999908447266,84.1500015258789,83.63999938964844,83.9000015258789,448566
2022-11-18T18:30,83.88999938964844,84.12999725341797,83.48999786376953,83.77999877929688,1366340
2022-11-21T14:30,83.55999755859375,84.29000091552734,83.23999786376953,83.83999633789062,909672
2022-11-21T16:30,83.83999633789062,84.43000030517578,83.83999633789062,84.27999877929688,514108
2022-11-21T18:30,84.2699966430664,84.30000305175781,83.93000030517578,84,980352
2022-11-22T14:30,84.37000274658203,85.41000366210938,84.37000274658203,84.44000244140625,594683
2022-11-22T16:30,84.45999908447266,84.58999633789062,84.2300033569336,84.36000061035156,399510
2022-11-22T18:30,84.37000274658203,84.83000183105469,84.19000244140625,84.55000305175781,872792
2022-11-23T14:30,84.36000061035156,85.08999633789062,84.36000061035156,84.70999908447266,1076963
2022-11-23T16:30,84.7300033569336,84.77999877929688,84.33000183105469,84.45999908447266,254269
2022-11-23T18:30,84.45999908447266,85.4000015258789,84.41000366210938,85.30999755859375,850531
2022-11-25T14:30,85.68000030517578,86.54000091552734,85.58999633789062,86.16000366210938,672122
2022-11-25T16:30,86.1500015258789,86.2699966430664,85.93000030517578,86.22000122070312,577189
2022-11-28T14:30,85.8499984741211,86.25,85.16999816894531,85.4800033569336,622699
2022-11-28T16:30,85.5,85.69000244140625,85.2300033569336,85.33999633789062,322898
2022-11-28T18:30,85.33999633789062,85.48999786376953,85.01000213623047,85.37000274658203,804852
2022-11-29T14:30,84.83999633789062,85.01000213623047,84.16000366210938,84.5199966430664,622356
2022-11-29T16:30,84.5199966430664,84.7699966430664,84.4800033569336,84.55999755859375,351845
2022-11-29T18:30,84.58000183105469,84.9000015258789,84.33000183105469,84.7699966430664,835502
2022-11-30T14:30,84.44999694824219,85.13999938964844,84.16999816894531,84.91999816894531,469494
2022-11-30T16:30,84.91999816894531,85.0199966430664,84.62999725341797,84.9800033569336,306897
2022-11-30T18:30,84.98999786376953,86.91000366210938,84.88999938964844,86.48999786376953,1870980
2022-12-01T14:30,87.2699966430664,88.19000244140625,86.77999877929688,86.8499984741211,640688
2022-12-01T16:30,86.87000274658203,87.12999725341797,86.69999694824219,86.75,593555
2022-12-01T18:30,86.75,87,86.44000244140625,86.81999969482422,1290511
2022-12-02T14:30,86.0199966430664,86.05000305175781,85.25,85.69999694824219,583234
2022-12-02T16:30,85.69000244140625,86.08999633789062,85.62000274658203,85.94000244140625,273628
2022-12-02T18:30,85.94999694824219,86.33000183105469,85.86000061035156,86.12000274658203,815051
2022-12-05T14:30,85.45999908447266,86.05000305175781,85.26000213623047,85.98999786376953,522841
2022-12-05T16:30,85.97000122070312,85.97000122070312,85.5199966430664,85.86000061035156,336056
2022-12-05T18:30,85.88999938964844,86.16000366210938,85.54000091552734,85.80999755859375,766455
2022-12-06T14:30,85.87999725341797,86.41000366210938,85.80000305175781,86.11000061035156,491176
2022-12-06T16:30,86.08999633789062,86.19999694824219,85.8499984741211,85.86000061035156,378918
2022-12-06T18:30,85.83999633789062,87.1500015258789,85.72000122070312,86.98999786376953,1398055
2022-12-07T14:30,86.8499984741211,87.63999938964844,86.76000213623047,87.05000305175781,650984
2022-12-07T16:30,87.02999877929688,87.12999725341797,86.30999755859375,86.63999938964844,360141
2022-12-07T18:30,86.63999938964844,86.66999816894531,85.97000122070312,86.19000244140625,1097725
2022-12-08T14:30,86.20999908447266,87,85.95999908447266,86.79000091552734,505736
2022-12-08T16:30,86.80000305175781,87,86.61000061035156,86.93000030517578,356249
2022-12-08T18:30,86.94999694824219,87.11000061035156,86.70999908447266,86.94999694824219,729505
2022-12-09T14:30,86.61000061035156,87.33999633789062,86.55000305175781,87.06999969482422,425548
2022-12-09T16:30,87.05999755859375,87.30000305175781,86.91999816894531,87.04000091552734,249732
2022-12-09T18:30,87.02999877929688,87.0999984741211,86.66000366210938,86.83000183105469,762160
2022-12-12T14:30,87.77999877929688,87.95999908447266,86.80999755859375,87.7300033569336,622624
2022-12-12T16:30,87.72000122070312,88.12000274658203,87.6500015258789,87.88999938964844,432133
2022-12-12T18:30,87.9000015258789,88.6500015258789,87.52999877929688,88.5999984741211,1209306
2022-12-13T14:30,89.44000244140625,90.30000305175781,88.98999786376953,89.22000122070312,1266429
2022-12-13T16:30,89.2300033569336,89.37000274658203,88.63999938964844,89.33000183105469,1137422
2022-12-13T18:30,89.33000183105469,89.56999969482422,88.9000015258789,89.26000213623047,2137594
2022-12-14T14:30,89.3499984741211,91.31999969482422,89.3499984741211,91.08000183105469,921438
2022-12-14T16:30,91.08999633789062,91.12000274658203,90.26000213623047,90.7300033569336,570721
2022-12-14T18:30,90.75,90.81999969482422,88.81999969482422,89.41999816894531,1864406
2022-12-15T14:30,89.19000244140625,89.41000366210938,88.33999633789062,88.38999938964844,1289321
2022-12-15T16:30,88.38999938964844,88.87000274658203,88.22000122070312,88.37999725341797,529271
2022-12-15T18:30,88.38999938964844,89.06999969482422,88.29000091552734,88.73999786376953,1031383
2022-12-16T14:30,88.3499984741211,88.37999725341797,85.83999633789062,86.3499984741211,2078752
2022-12-16T16:30,86.36000061035156,86.51000213623047,86,86.41000366210938,679969
2022-12-16T18:30,86.41000366210938,87.55999755859375,86.2300033569336,86.86000061035156,2005777
2022-12-19T14:30,86.66000366210938,87.69999694824219,86.62000274658203,86.9000015258789,1000925
2022-12-19T16:30,86.88999938964844,87.5199966430664,86.75,87.37999725341797,685943
2022-12-19T18:30,87.3499984741211,87.41000366210938,86.29000091552734,86.7300033569336,1365864
2022-12-20T14:30,86.61000061035156,86.66000366210938,85.8499984741211,86.06999969482422,518166
2022-12-20T16:30,86.05000305175781,87,85.9800033569336,86.91000366210938,482084
2022-12-20T18:30,86.93000030517578,87.33999633789062,86.62999725341797,86.75,894120
2022-12-21T14:30,87.1500015258789,88.27999877929688,87.11000061035156,88.25,639978
2022-12-21T16:30,88.26000213623047,88.3499984741211,87.81999969482422,87.95999908447266,438115
2022-12-21T18:30,87.97000122070312,88.2300033569336,87.77999877929688,88.20999908447266,757138
2022-12-22T14:30,88.0199966430664,88.11000061035156,87.5,87.6500015258789,496835
2022-12-22T16:30,87.6500015258789,87.70999908447266,86.91999816894531,86.93000030517578,524202
2022-12-22T18:30,86.91999816894531,88.26000213623047,86.7300033569336,88.23999786376953,948973
2022-12-23T14:30,88.12000274658203,89.05000305175781,87.45999908447266,88.73999786376953,431473
2022-12-23T16:30,88.76000213623047,89.26000213623047,88.72000122070312,89.25,373303
2022-12-23T18:30,89.25,89.2699966430664,88.70999908447266,89.12999725341797,689813
2022-12-27T14:30,89.22000122070312,89.37999725341797,88.75,89.25,301561
2022-12-27T16:30,89.25,89.76000213623047,89.19999694824219,89.62000274658203,246414
2022-12-27T18:30,89.62999725341797,89.98999786376953,89.37000274658203,89.72000122070312,677064
2022-12-28T14:30,90.01000213623047,90.41999816894531,89.45999908447266,89.56999969482422,392563
2022-12-28T16:30,89.56999969482422,89.80000305175781,89.11000061035156,89.37999725341797,353570
2022-12-28T18:30,89.38999938964844,89.66999816894531,88.86000061035156,89.0199966430664,605807
2022-12-29T14:30,89.4000015258789,90.12000274658203,89.4000015258789,89.97000122070312,364488
2022-12-29T16:30,89.97000122070312,90.37000274658203,89.97000122070312,90.2300033569336,263244
2022-12-29T18:30,90.20999908447266,90.3499984741211,89.68000030517578,89.87999725341797,528174
2022-12-30T14:30,89.9000015258789,90.01000213623047,88.94999694824219,89.0199966430664,344562
2022-12-30T16:30,89,89.31999969482422,88.56999969482422,88.72000122070312,279682
2022-12-30T18:30,88.75,89.38999938964844,88.2699966430664,89.12999725341797,795833
2023-01-03T14:30,89.30999755859375,89.83000183105469,88.44000244140625,88.76000213623047,618409
2023-01-03T16:30,88.75,89.1500015258789,88.51000213623047,89.1500015258789,377462
2023-01-03T18:30,89.12000274658203,89.81999969482422,89.05999755859375,89.75,960217
2023-01-04T14:30,90.23999786376953,90.72000122070312,89.87999725341797,90.5,621216
2023-01-04T16:30,90.51000213623047,91.19999694824219,90.44000244140625,90.98999786376953,417315
2023-01-04T18:30,91,91.11000061035156,89.9800033569336,90.69000244140625,992350
2023-01-05T14:30,89.87999725341797,90.31999969482422,88.63999938964844,88.80999755859375,513422
2023-01-05T16:30,88.80999755859375,89.63999938964844,88.75,89.51000213623047,287024
2023-01-05T18:30,89.52999877929688,89.6500015258789,88.9800033569336,89.36000061035156,776918
2023-01-06T14:30,90.18000030517578,91.37999725341797,90.01000213623047,91.12000274658203,584150
2023-01-06T16:30,91.13999938964844,91.26000213623047,90.5999984741211,90.66999816894531,280401
2023-01-06T18:30,90.68000030517578,91.55999755859375,90.68000030517578,91.02999877929688,858958
2023-01-09T14:30,90.9000015258789,91.6500015258789,90.66999816894531,91.52999877929688,510271
2023-01-09T16:30,91.55000305175781,92.11000061035156,91.19000244140625,91.30000305175781,477377
2023-01-09T18:30,91.30999755859375,91.56999969482422,91.02999877929688,91.05000305175781,808467
2023-01-10T14:30,90.7699966430664,91.16999816894531,90.41000366210938,90.63999938964844,563468
2023-01-10T16:30,90.66999816894531,90.87000274658203,90.4800033569336,90.69000244140625,419943
2023-01-10T18:30,90.68000030517578,91.27999877929688,90.66000366210938,91.25,884816
2023-01-11T14:30,91.23999786376953,91.83000183105469,91.02999877929688,91.38999938964844,453548
2023-01-11T16:30,91.37999725341797,91.44999694824219,91.05000305175781,91.37999725341797,430831
2023-01-11T18:30,91.38999938964844,91.69999694824219,91.30999755859375,91.43000030517578,925250
2023-01-12T14:30,91.55999755859375,91.68000030517578,91.08999633789062,91.56999969482422,450398
2023-01-12T16:30,91.56999969482422,91.8499984741211,91.22000122070312,91.30000305175781,357107
2023-01-12T18:30,91.30999755859375,91.55999755859375,90.72000122070312,90.91999816894531,977991
2023-01-13T14:30,90.44000244140625,91.23999786376953,90.2300033569336,90.87000274658203,577804
2023-01-13T16:30,90.87999725341797,91.05999755859375,90.7300033569336,90.9000015258789,277224
2023-01-13T18:30,90.87999725341797,91.26000213623047,90.75,90.86000061035156,1009805
2023-01-17T14:30,91.02999877929688,91.23999786376953,90.69000244140625,90.79000091552734,1139852
2023-01-17T16:30,90.79000091552734,90.79000091552734,90.08999633789062,90.31999969482422,416567
2023-01-17T18:30,90.31999969482422,90.62000274658203,90.1500015258789,90.25,1168901
2023-01-18T14:30,90.36000061035156,90.51000213623047,89.08000183105469,89.12000274658203,631813
2023-01-18T16:30,89.11000061035156,89.20999908447266,88.43000030517578,88.66000366210938,554711
2023-01-18T18:30,88.66999816894531,89.11000061035156,88.29000091552734,88.48999786376953,1454213
2023-01-19T14:30,88.48999786376953,89.06999969482422,87.9000015258789,88.22000122070312,995196
2023-01-19T16:30,88.22000122070312,88.58999633789062,88.16000366210938,88.44000244140625,625195
2023-01-19T18:30,88.4800033569336,88.66999816894531,88.05000305175781,88.25,1004173
2023-01-20T14:30,88.16000366210938,88.37000274658203,86.58999633789062,87.43000030517578,1136117
2023-01-20T16:30,87.44000244140625,87.4800033569336,87.19000244140625,87.2699966430664,705818
2023-01-20T18:30,87.2699966430664,88.26000213623047,87.2699966430664,88.12999725341797,1625704
2023-01-23T14:30,87.87000274658203,88.58000183105469,87.58000183105469,88.19000244140625,1170120
2023-01-23T16:30,88.20999908447266,88.31999969482422,87.87999725341797,88.19999694824219,436558
2023-01-23T18:30,88.20999908447266,88.52999877929688,87.19000244140625,87.38999938964844,1334264
2023-01-24T14:30,87.69999694824219,88.0199966430664,85.81999969482422,86.72000122070312,1085830
2023-01-24T16:30,86.73999786376953,87.27999877929688,86.43000030517578,87.19000244140625,638978
2023-01-24T18:30,87.22000122070312,87.83999633789062,87.06999969482422,87.69000244140625,894580
2023-01-25T14:30,86.80000305175781,87.36000061035156,86.52999877929688,86.88999938964844,389636
2023-01-25T16:30,86.93000030517578,87.31999969482422,86.7300033569336,87.30000305175781,350284
2023-01-25T18:30,87.31999969482422,87.80000305175781,87,87.77999877929688,860843
2023-01-26T14:30,87.31999969482422,88.02999877929688,87.19000244140625,87.75,517961
2023-01-26T16:30,87.76000213623047,87.98999786376953,87.7300033569336,87.80000305175781,342439
2023-01-26T18:30,87.80000305175781,87.93000030517578,87.58999633789062,87.70999908447266,788205
2023-01-27T14:30,87.58999633789062,87.94000244140625,87.05000305175781,87.69999694824219,437880
2023-01-27T16:30,87.70999908447266,88.16999816894531,87.70999908447266,88.01000213623047,550412
2023-01-27T18:30,87.98999786376953,88.26000213623047,87.62000274658203,87.9000015258789,913868
2023-01-30T14:30,87.61000061035156,88.41000366210938,87.55999755859375,88.02999877929688,457627
2023-01-30T16:30,88.08999633789062,88.33999633789062,87.94999694824219,88.2300033569336,364013
2023-01-30T18:30,88.2300033569336,88.23999786376953,87.62999725341797,87.97000122070312,1088026
2023-01-31T14:30,88.27999877929688,88.4000015258789,87.44999694824219,87.75,535984
2023-01-31T16:30,87.7699966430664,88.06999969482422,87.73999786376953,87.88999938964844,369649
2023-01-31T18:30,87.88999938964844,88.76000213623047,87.83999633789062,88.66999816894531,1077327
2023-02-01T14:30,88.05999755859375,88.70999908447266,87.87000274658203,88.70999908447266,527609
2023-02-01T16:30,88.7300033569336,88.88999938964844,88.12999725341797,88.22000122070312,336290
2023-02-01T18:30,88.20999908447266,89.33000183105469,87.62000274658203,88.75,1501188
2023-02-02T14:30,88.80000305175781,89.86000061035156,88.30000305175781,89.54000091552734,738731
2023-02-02T16:30,89.54000091552734,89.7699966430664,89.08000183105469,89.08000183105469,608702
2023-02-02T18:30,89.08000183105469,89.29000091552734,88.27999877929688,88.3499984741211,1503763
2023-02-03T14:30,87.83999633789062,88.0999984741211,85.20999908447266,86.02999877929688,1104860
2023-02-03T16:30,86.04000091552734,86.58000183105469,85.70999908447266,86.30000305175781,826383
2023-02-03T18:30,86.29000091552734,87.41000366210938,86.1500015258789,87.02999877929688,1401654
2023-02-06T14:30,86.68000030517578,87.25,86.68000030517578,86.94999694824219,511848
2023-02-06T16:30,86.95999908447266,87.13999938964844,86.58000183105469,87.08000183105469,467253
2023-02-06T18:30,87.08000183105469,88.19999694824219,86.94999694824219,88.12000274658203,1429181
2023-02-07T14:30,87.4800033569336,87.4800033569336,86.2300033569336,86.55000305175781,708277
2023-02-07T16:30,86.55000305175781,87.41000366210938,86.54000091552734,86.6500015258789,610491
2023-02-07T18:30,86.63999938964844,87.54000091552734,86.16000366210938,87.25,969609
2023-02-08T14:30,86.72000122070312,86.79000091552734,85.98999786376953,86.04000091552734,751310
2023-02-08T16:30,86.0199966430664,86.16000366210938,85.52999877929688,85.66000366210938,882877
2023-02-08T18:30,85.6500015258789,86.12000274658203,85.56999969482422,85.83999633789062,1112861
2023-02-09T14:30,85.91999816894531,86.87000274658203,84.16999816894531,84.66999816894531,1359187
2023-02-09T16:30,84.63999938964844,84.94999694824219,84.2300033569336,84.33000183105469,714762
2023-02-09T18:30,84.31999969482422,84.93000030517578,83.94999694824219,84.44000244140625,1635335
2023-02-10T14:30,84.45999908447266,85.5199966430664,83.75,85.19000244140625,912545
2023-02-10T16:30,85.18000030517578,85.73999786376953,85.0999984741211,85.5199966430664,433053
2023-02-10T18:30,85.5199966430664,85.86000061035156,85.38999938964844,85.7699966430664,823148
2023-02-13T14:30,85.58000183105469,86.70999908447266,85.58000183105469,86.55000305175781,480966
2023-02-13T16:30,86.55999755859375,86.63999938964844,86.3499984741211,86.58000183105469,354023
2023-02-13T18:30,86.56999969482422,86.88999938964844,86.37000274658203,86.58999633789062,637557
2023-02-14T14:30,86.54000091552734,86.93000030517578,85.94000244140625,86.02999877929688,523506
2023-02-14T16:30,85.98999786376953,86.47000122070312,85.73999786376953,86.33999633789062,389073
2023-02-14T18:30,86.33999633789062,86.66000366210938,86.0199966430664,86.05999755859375,770825
2023-02-15T14:30,85.68000030517578,85.94000244140625,85.29000091552734,85.58000183105469,603578
2023-02-15T16:30,85.58000183105469,85.68000030517578,85.44000244140625,85.6500015258789,468137
2023-02-15T18:30,85.6500015258789,86.05999755859375,85.63999938964844,85.91000366210938,1276710
2023-02-16T14:30,85.23999786376953,85.58999633789062,84.33000183105469,85.55999755859375,643821
2023-02-16T16:30,85.56999969482422,86.05000305175781,85.44999694824219,85.94000244140625,336864
2023-02-16T18:30,85.93000030517578,86.33999633789062,85.83999633789062,85.94000244140625,790677
2023-02-17T14:30,86.16999816894531,86.73999786376953,85.58000183105469,86.69999694824219,616177
2023-02-17T16:30,86.69000244140625,87.41999816894531,86.58999633789062,86.91999816894531,455612
2023-02-17T18:30,86.91999816894531,87.31999969482422,86.70999908447266,86.98999786376953,963795
2023-02-21T14:30,86.55000305175781,86.83999633789062,85.80000305175781,86.12000274658203,527353
2023-02-21T16:30,86.12999725341797,86.31999969482422,85.70999908447266,85.73999786376953,275097
2023-02-21T18:30,85.7300033569336,85.91000366210938,85.33000183105469,85.41999816894531,1055796
2023-02-22T14:30,85.20999908447266,86.04000091552734,85.20999908447266,85.80000305175781,476094
2023-02-22T16:30,85.80999755859375,86.13999938964844,85.80000305175781,86.0199966430664,282240
2023-02-22T18:30,86.02999877929688,86.05999755859375,84.94999694824219,85.22000122070312,899724
2023-02-23T14:30,85.56999969482422,85.7699966430664,84.93000030517578,85.08000183105469,492300
2023-02-23T16:30,85.0199966430664,85.13999938964844,84.63999938964844,84.7300033569336,304142
2023-02-23T18:30,84.75,84.8499984741211,84.27999877929688,84.68000030517578,734589
2023-02-24T14:30,83.77999877929688,84.1500015258789,83.48999786376953,83.86000061035156,496698
2023-02-24T16:30,83.86000061035156,84.51000213623047,83.77999877929688,84.44999694824219,411403
2023-02-24T18:30,84.44000244140625,84.83999633789062,84.31999969482422,84.73999786376953,978774
2023-02-27T14:30,84.83000183105469,85.5999984741211,84.6500015258789,84.6500015258789,537786
2023-02-27T16:30,84.63999938964844,84.66999816894531,84.0199966430664,84.33999633789062,432256
2023-02-27T18:30,84.33999633789062,84.4000015258789,83.66000366210938,83.7699966430664,913692
2023-02-28T14:30,83.48999786376953,83.54000091552734,82.5,83.48999786376953,717998
2023-02-28T16:30,83.48999786376953,83.9800033569336,83.37000274658203,83.56999969482422,369498
2023-02-28T18:30,83.58000183105469,83.61000061035156,82.33999633789062,82.37999725341797,1062970
2023-03-01T14:30,82.19999694824219,82.22000122070312,80.33999633789062,80.55999755859375,772904
2023-03-01T16:30,80.55000305175781,80.77999877929688,80.2699966430664,80.37000274658203,500718
2023-03-01T18:30,80.36000061035156,80.58999633789062,80.23999786376953,80.37999725341797,1471531
2023-03-02T14:30,80.23999786376953,81.12999725341797,80.19000244140625,80.86000061035156,783359
2023-03-02T16:30,80.86000061035156,81.58000183105469,80.79000091552734,81.37999725341797,391643
2023-03-02T18:30,81.37000274658203,82.16000366210938,81.37000274658203,82,926112
2023-03-03T14:30,82.1500015258789,82.55999755859375,81.54000091552734,82.48999786376953,671865
2023-03-03T16:30,82.5,82.7699966430664,82.33000183105469,82.66999816894531,493727
2023-03-03T18:30,82.66999816894531,83.44999694824219,82.5999984741211,83.37000274658203,1150799
2023-03-06T14:30,83.48999786376953,83.97000122070312,83.37000274658203,83.55000305175781,605610
2023-03-06T16:30,83.5999984741211,83.69999694824219,83.3499984741211,83.44999694824219,420580
2023-03-06T18:30,83.44999694824219,83.95999908447266,83.44000244140625,83.93000030517578,1146328
2023-03-07T14:30,84.04000091552734,84.08000183105469,81.7699966430664,81.79000091552734,797219
2023-03-07T16:30,81.77999877929688,81.83999633789062,81.29000091552734,81.62000274658203,593173
2023-03-07T18:30,81.61000061035156,82.06999969482422,81.38999938964844,81.80000305175781,1053251
2023-03-08T14:30,81.87999725341797,82.7300033569336,81.76000213623047,82.63999938964844,733640
2023-03-08T16:30,82.66000366210938,82.91000366210938,82.2699966430664,82.33000183105469,414113
2023-03-08T18:30,82.33000183105469,82.80999755859375,82.22000122070312,82.75,917541
2023-03-09T14:30,83.06999969482422,83.47000122070312,82.80999755859375,82.94999694824219,572164
2023-03-09T16:30,82.95999908447266,83.98999786376953,82.91999816894531,83.70999908447266,617127
2023-03-09T18:30,83.69999694824219,83.76000213623047,81.95999908447266,82.4000015258789,1122305
2023-03-10T14:30,82.55000305175781,82.7300033569336,81.26000213623047,82.16999816894531,589043
2023-03-10T16:30,82.16999816894531,82.27999877929688,80.9000015258789,81.06999969482422,514884
2023-03-10T18:30,81.06999969482422,81.68000030517578,80.73999786376953,81.16999816894531,1068788
2023-03-13T13:30,81.06999969482422,84.4000015258789,81.06999969482422,84.25,1217915
2023-03-13T15:30,84.26000213623047,84.26000213623047,82.75,83.02999877929688,995560
2023-03-13T17:30,83.05999755859375,83.44000244140625,82.29000091552734,82.31999969482422,1414134
2023-03-14T13:30,82.91999816894531,84.05000305175781,82.5999984741211,83.58000183105469,1221739
2023-03-14T15:30,83.54000091552734,83.66999816894531,82.55000305175781,82.66000366210938,492589
2023-03-14T17:30,82.62000274658203,83.19999694824219,82.2699966430664,83.1500015258789,1012145
2023-03-15T13:30,83.05999755859375,84.69000244140625,82.7699966430664,84.19999694824219,887518
2023-03-15T15:30,84.22000122070312,84.77999877929688,84.04000091552734,84.62999725341797,704417
2023-03-15T17:30,84.62000274658203,85.23999786376953,84.22000122070312,84.68000030517578,1517495
2023-03-16T13:30,84.61000061035156,86.12000274658203,84.41000366210938,86,1627652
2023-03-16T15:30,86.01000213623047,86.25,84.4000015258789,84.6500015258789,1052969
2023-03-16T17:30,84.6500015258789,85.08000183105469,84.37999725341797,85.01000213623047,1553264
2023-03-17T13:30,84.37000274658203,84.91999816894531,83.68000030517578,84.30000305175781,2038965
2023-03-17T15:30,84.30000305175781,84.63999938964844,84.05000305175781,84.22000122070312,428608
2023-03-17T17:30,84.20999908447266,84.5999984741211,83.77999877929688,84.2699966430664,1242410
2023-03-20T13:30,84.69000244140625,85.33000183105469,84.51000213623047,84.93000030517578,725009
2023-03-20T15:30,84.94000244140625,85.2699966430664,84.5999984741211,85.20999908447266,491122
2023-03-20T17:30,85.22000122070312,85.26000213623047,84.7699966430664,85.06999969482422,1178065
2023-03-21T13:30,84.87000274658203,84.94000244140625,82.81999969482422,83.69999694824219,1291834
2023-03-21T15:30,83.66999816894531,83.69000244140625,81.80000305175781,82.0199966430664,878951
2023-03-21T17:30,82.01000213623047,83.06999969482422,81.9800033569336,82.87999725341797,1289705
2023-03-22T13:30,82.58000183105469,83,82.11000061035156,82.37999725341797,780137
2023-03-22T15:30,82.37000274658203,82.47000122070312,81.98999786376953,82.22000122070312,394116
2023-03-22T17:30,82.25,83.0199966430664,81.2300033569336,81.23999786376953,1375422
2023-03-23T13:30,81.30999755859375,81.70999908447266,80.80000305175781,81.58999633789062,622722
2023-03-23T15:30,81.61000061035156,81.86000061035156,81.20999908447266,81.2699966430664,409010
2023-03-23T17:30,81.2699966430664,81.31999969482422,79.88999938964844,80.04000091552734,1205641
2023-03-24T13:30,80.13999938964844,81.55000305175781,80.12999725341797,81.44000244140625,1040587
2023-03-24T15:30,81.43000030517578,82.02999877929688,81.25,81.69999694824219,868510
2023-03-24T17:30,81.7699966430664,82.54000091552734,81.66999816894531,82.52999877929688,1017677
2023-03-27T13:30,82.83000183105469,83.37999725341797,82.45999908447266,83.08000183105469,680154
2023-03-27T15:30,83.06999969482422,83.37000274658203,83.04000091552734,83.30000305175781,406025
2023-03-27T17:30,83.3499984741211,83.37000274658203,82.55999755859375,82.81999969482422,966676
2023-03-28T13:30,82.69000244140625,83.37999725341797,82.4800033569336,83.37000274658203,948950
2023-03-28T15:30,83.4000015258789,83.77999877929688,83.11000061035156,83.11000061035156,625614
2023-03-28T17:30,83.0999984741211,83.1500015258789,82.68000030517578,82.83999633789062,1069050
2023-03-29T13:30,83.22000122070312,84.23999786376953,83.05000305175781,84,683411
2023-03-29T15:30,84.0199966430664,84.2699966430664,83.9000015258789,84.11000061035156,323645
2023-03-29T17:30,84.0999984741211,84.22000122070312,83.72000122070312,84.19999694824219,876718
2023-03-30T13:30,84.33000183105469,84.9000015258789,84.18000030517578,84.33999633789062,549143
2023-03-30T15:30,84.33999633789062,84.38999938964844,83.66999816894531,83.86000061035156,594599
2023-03-30T17:30,83.86000061035156,84.31999969482422,83.72000122070312,84.08999633789062,892059
2023-03-31T13:30,84.27999877929688,84.79000091552734,84.12999725341797,84.43000030517578,460803
2023-03-31T15:30,84.43000030517578,84.51000213623047,84.08000183105469,84.0999984741211,388495
2023-03-31T17:30,84.11000061035156,84.44999694824219,83.86000061035156,84.33999633789062,1225149
2023-04-03T13:30,83.16000366210938,84.54000091552734,82.61000061035156,83.81999969482422,1148630
2023-04-03T15:30,83.81999969482422,84.13999938964844,83.69999694824219,83.7699966430664,656881
2023-04-03T17:30,83.76000213623047,83.9800033569336,83.0199966430664,83.13999938964844,2785978
2023-04-04T13:30,83.0199966430664,83.69000244140625,82.80000305175781,83.58000183105469,2043676
2023-04-04T15:30,83.58000183105469,83.91999816894531,83.30000305175781,83.68000030517578,822390
2023-04-04T17:30,83.66999816894531,84.19000244140625,83.47000122070312,84.13999938964844,1401283
2023-04-05T13:30,84.80999755859375,86.33000183105469,84.61000061035156,86.16999816894531,1441631
2023-04-05T15:30,86.1500015258789,86.44999694824219,85.93000030517578,86.44999694824219,813643
2023-04-05T17:30,86.45999908447266,86.80999755859375,86.36000061035156,86.41999816894531,1502596
2023-04-06T13:30,86.98999786376953,87.18000030517578,86.02999877929688,86.33999633789062,708374
2023-04-06T15:30,86.3499984741211,86.9800033569336,86.30999755859375,86.69000244140625,471966
2023-04-06T17:30,86.70999908447266,87.23999786376953,86.29000091552734,87.20999908447266,1114083
2023-04-10T13:30,86.79000091552734,86.91999816894531,85.7300033569336,86.11000061035156,523694
2023-04-10T15:30,86.12000274658203,86.80999755859375,86.12000274658203,86.62000274658203,315438
2023-04-10T17:30,86.62000274658203,86.81999969482422,86.38999938964844,86.69000244140625,1020533
2023-04-11T13:30,86.70999908447266,86.8499984741211,86.33000183105469,86.69000244140625,404592
2023-04-11T15:30,86.69999694824219,86.87000274658203,86.25,86.86000061035156,344909
2023-04-11T17:30,86.86000061035156,87.08000183105469,86.76000213623047,86.87000274658203,747755
2023-04-12T13:30,87.22000122070312,87.45999908447266,86.56999969482422,87.12000274658203,541764
2023-04-12T15:30,87.0999984741211,87.20999908447266,86.87000274658203,86.9800033569336,320878
2023-04-12T17:30,87,87.30000305175781,86.52999877929688,86.93000030517578,739579
2023-04-13T13:30,86.18000030517578,86.4800033569336,84.88999938964844,85.23999786376953,1045402
2023-04-13T15:30,85.23999786376953,86.19000244140625,85.23999786376953,86.19000244140625,614625
2023-04-13T17:30,86.20999908447266,86.83999633789062,86.12999725341797,86.69000244140625,917080
2023-04-14T13:30,85.80000305175781,85.94999694824219,85.0999984741211,85.41999816894531,950687
2023-04-14T15:30,85.41999816894531,85.69000244140625,85.36000061035156,85.48999786376953,396734
2023-04-14T17:30,85.4800033569336,85.62000274658203,85.12999725341797,85.33999633789062,898017
2023-04-17T13:30,85.83999633789062,86.33000183105469,85.5999984741211,86.0999984741211,610931
2023-04-17T15:30,86.0999984741211,86.0999984741211,85.61000061035156,85.68000030517578,497039
2023-04-17T17:30,85.69000244140625,86.05999755859375,85.22000122070312,86.05999755859375,765810
2023-04-18T13:30,85.80999755859375,86.08999633789062,85.05000305175781,85.30000305175781,643447
2023-04-18T15:30,85.29000091552734,85.44999694824219,85.0999984741211,85.1500015258789,308505
2023-04-18T17:30,85.12999725341797,85.4000015258789,85.01000213623047,85.16000366210938,680056
2023-04-19T13:30,85.5199966430664,86.16000366210938,85.2699966430664,86.05999755859375,614796
2023-04-19T15:30,86.05000305175781,86.05999755859375,85.6500015258789,85.76000213623047,275736
2023-04-19T17:30,85.77999877929688,86.05000305175781,85.72000122070312,86.04000091552734,864498
2023-04-20T13:30,86.3499984741211,86.41000366210938,85.45999908447266,85.86000061035156,606458
2023-04-20T15:30,85.8499984741211,86.04000091552734,85.58999633789062,85.91999816894531,329123
2023-04-20T17:30,85.93000030517578,86.0199966430664,85.62999725341797,85.87999725341797,632519
2023-04-21T13:30,86.37999725341797,86.69000244140625,85.47000122070312,85.58000183105469,576673
2023-04-21T15:30,85.58999633789062,85.9000015258789,85.4000015258789,85.66000366210938,262934
2023-04-21T17:30,85.66999816894531,86.08999633789062,85.6500015258789,86.01000213623047,836827
2023-04-24T13:30,86.20999908447266,86.31999969482422,85.30000305175781,86.22000122070312,496268
2023-04-24T15:30,86.23999786376953,86.56999969482422,86.1500015258789,86.56999969482422,390788
2023-04-24T17:30,86.56999969482422,86.80000305175781,86.2699966430664,86.4800033569336,883475
2023-04-25T13:30,86.56999969482422,87.47000122070312,86.51000213623047,87.18000030517578,633851
2023-04-25T15:30,87.16999816894531,87.7699966430664,87.0999984741211,87.5,729959
2023-04-25T17:30,87.48999786376953,87.48999786376953,87.0199966430664,87.19999694824219,958506
2023-04-26T13:30,86.55999755859375,87.13999938964844,85.80000305175781,86.47000122070312,588710
2023-04-26T15:30,86.45999908447266,86.54000091552734,86.04000091552734,86.37000274658203,492433
2023-04-26T17:30,86.37999725341797,86.4800033569336,85.79000091552734,85.98999786376953,1244589
2023-04-27T13:30,86.04000091552734,86.9800033569336,85.95999908447266,86.31999969482422,485261
2023-04-27T15:30,86.31999969482422,86.70999908447266,85.95999908447266,86.33999633789062,466432
2023-04-27T17:30,86.33999633789062,86.98999786376953,86.30000305175781,86.9800033569336,859319
2023-04-28T13:30,86.80000305175781,87.29000091552734,86.66000366210938,87.02999877929688,406487
2023-04-28T15:30,87.02999877929688,87.06999969482422,86.52999877929688,86.52999877929688,257419
2023-04-28T17:30,86.52999877929688,86.58999633789062,85.83999633789062,86.45999908447266,760473
2023-05-01T13:30,86.5,87.05000305175781,86.19999694824219,86.91000366210938,670976
2023-05-01T15:30,86.91000366210938,87.48999786376953,86.88999938964844,87.2300033569336,393531
2023-05-01T17:30,87.23999786376953,87.54000091552734,86.58999633789062,86.62000274658203,983980
2023-05-02T13:30,86.55999755859375,86.73999786376953,85.01000213623047,85.30999755859375,831411
2023-05-02T15:30,85.36000061035156,85.6500015258789,85.25,85.33000183105469,400946
2023-05-02T17:30,85.31999969482422,85.72000122070312,85.02999877929688,85.33999633789062,920637
2023-05-03T13:30,85.76000213623047,86.05000305175781,85.01000213623047,85.47000122070312,578896
2023-05-03T15:30,85.48999786376953,86.12999725341797,85.45999908447266,86.04000091552734,437978
2023-05-03T17:30,86.05000305175781,86.31999969482422,85.08000183105469,85.12000274658203,1042701
2023-05-04T13:30,85.30999755859375,85.7300033569336,84.9000015258789,85.68000030517578,861497
2023-05-04T15:30,85.68000030517578,86.08999633789062,85.37999725341797,85.97000122070312,614799
2023-05-04T17:30,85.98999786376953,86.11000061035156,85.58999633789062,85.77999877929688,1091640
2023-05-05T13:30,85.80000305175781,86.43000030517578,85.44999694824219,86.22000122070312,763256
2023-05-05T15:30,86.26000213623047,86.43000030517578,86.11000061035156,86.37999725341797,342772
2023-05-05T17:30,86.43000030517578,86.91999816894531,86.43000030517578,86.88999938964844,1088484
2023-05-08T13:30,86.80999755859375,87.26000213623047,86.18000030517578,86.29000091552734,626797
2023-05-08T15:30,86.29000091552734,86.38999938964844,85.9000015258789,86.01000213623047,518801
2023-05-08T17:30,86.0199966430664,86.5,85.94000244140625,86.4800033569336,1575391
2023-05-09T13:30,85.44000244140625,85.7300033569336,84.95999908447266,85.44999694824219,1407416
2023-05-09T15:30,85.44999694824219,85.66999816894531,85.12000274658203,85.44000244140625,754918
2023-05-09T17:30,85.43000030517578,86.01000213623047,85.43000030517578,85.7300033569336,927629
2023-05-10T13:30,86.4000015258789,86.98999786376953,86.20999908447266,86.5999984741211,802697
2023-05-10T15:30,86.61000061035156,86.77999877929688,85.80000305175781,85.9000015258789,557149
2023-05-10T17:30,85.87999725341797,86.91000366210938,85.87000274658203,86.6500015258789,995135
2023-05-11T13:30,86.55999755859375,86.86000061035156,85.61000061035156,85.87999725341797,488503
2023-05-11T15:30,85.91000366210938,86.5199966430664,85.87999725341797,85.98999786376953,349753
2023-05-11T17:30,85.9800033569336,86.06999969482422,85.62999725341797,85.95999908447266,687132
2023-05-12T13:30,86.37000274658203,86.87999725341797,86.05000305175781,86.0999984741211,507007
2023-05-12T15:30,86.08999633789062,86.31999969482422,85.91000366210938,86.0999984741211,459389
2023-05-12T17:30,86.08999633789062,86.16999816894531,85.68000030517578,86.05999755859375,794531
2023-05-15T13:30,86.25,86.43000030517578,84.91000366210938,84.9800033569336,638860
2023-05-15T15:30,84.9800033569336,85.41999816894531,84.86000061035156,85.08000183105469,352213
2023-05-15T17:30,85.06999969482422,85.36000061035156,84.93000030517578,85.0999984741211,659700
2023-05-16T13:30,85.2300033569336,85.30999755859375,83.51000213623047,83.81999969482422,636678
2023-05-16T15:30,83.83000183105469,83.8499984741211,83.37000274658203,83.37999725341797,422448
2023-05-16T17:30,83.4000015258789,83.55999755859375,83.02999877929688,83.02999877929688,812871
2023-05-17T13:30,83.19999694824219,83.47000122070312,82.38999938964844,82.54000091552734,536574
2023-05-17T15:30,82.56999969482422,82.7699966430664,82.37000274658203,82.45999908447266,515828
2023-05-17T17:30,82.45999908447266,82.54000091552734,81.79000091552734,82.13999938964844,1169209
2023-05-18T13:30,81.62000274658203,82.16000366210938,81.31999969482422,81.5999984741211,528766
2023-05-18T15:30,81.61000061035156,82.06999969482422,81.25,81.94000244140625,566746
2023-05-18T17:30,81.95999908447266,82.13999938964844,81.68000030517578,81.9800033569336,1191965
2023-05-19T13:30,82.37000274658203,82.79000091552734,81.83000183105469,82.12999725341797,585580
2023-05-19T15:30,82.13999938964844,82.19999694824219,81.9000015258789,81.94000244140625,351466
2023-05-19T17:30,81.94000244140625,82.05000305175781,81.70999908447266,81.70999908447266,799239
2023-05-22T13:30,82.05000305175781,82.33000183105469,81.12999725341797,81.30999755859375,617973
2023-05-22T15:30,81.31999969482422,81.51000213623047,81.0999984741211,81.26000213623047,524112
2023-05-22T17:30,81.23999786376953,81.44999694824219,81.08000183105469,81.23999786376953,1202547
2023-05-23T13:30,80.86000061035156,81.5999984741211,80.55000305175781,80.5999984741211,913616
2023-05-23T15:30,80.58999633789062,81.06999969482422,80.55999755859375,80.62000274658203,785020
2023-05-23T17:30,80.61000061035156,80.93000030517578,80.0199966430664,80.16000366210938,1501170
2023-05-24T13:30,80.37000274658203,80.70999908447266,79.88999938964844,79.9000015258789,769298
2023-05-24T15:30,79.88999938964844,80.05000305175781,79.5199966430664,79.73999786376953,417826
2023-05-24T17:30,79.73999786376953,79.88999938964844,79.52999877929688,79.62999725341797,1225110
2023-05-25T13:30,79.48999786376953,79.5,78.1500015258789,78.23999786376953,928897
2023-05-25T15:30,78.26000213623047,78.5999984741211,77.93000030517578,78.58000183105469,588755
2023-05-25T17:30,78.62000274658203,78.97000122070312,78.4800033569336,78.5199966430664,963103
2023-05-26T13:30,78.3499984741211,78.37999725341797,77.30000305175781,77.5,838182
2023-05-26T15:30,77.48999786376953,77.76000213623047,77.37999725341797,77.51000213623047,521727
2023-05-26T17:30,77.51000213623047,78.44999694824219,77.45999908447266,78.3499984741211,1256257
2023-05-30T13:30,78.43000030517578,79.0199966430664,78.18000030517578,78.38999938964844,827712
2023-05-30T15:30,78.38999938964844,78.38999938964844,77.83999633789062,77.91000366210938,578716
2023-05-30T17:30,77.9000015258789,78.08999633789062,77.62999725341797,77.73999786376953,1248995
2023-05-31T13:30,77.98999786376953,78.3499984741211,77.6500015258789,78.31999969482422,785028
2023-05-31T15:30,78.33000183105469,78.72000122070312,78.25,78.62999725341797,445138
2023-05-31T17:30,78.62999725341797,79.2699966430664,78.48999786376953,78.87999725341797,1698142
2023-06-01T13:30,79.2300033569336,79.23999786376953,77.83999633789062,78.41000366210938,747429
2023-06-01T15:30,78.43000030517578,78.44999694824219,77.41999816894531,77.69000244140625,639151
2023-06-01T17:30,77.69999694824219,77.98999786376953,77.4800033569336,77.83000183105469,1278744
2023-06-02T13:30,77.7300033569336,79.05999755859375,77.0199966430664,78.86000061035156,1307857
2023-06-02T15:30,78.86000061035156,79.31999969482422,78.7300033569336,79.12000274658203,541373
2023-06-02T17:30,79.12999725341797,79.41000366210938,79.0199966430664,79.20999908447266,1277658
2023-06-05T13:30,79.58999633789062,80.4000015258789,79.48999786376953,79.69999694824219,653003
2023-06-05T15:30,79.69999694824219,79.83999633789062,79.30000305175781,79.33999633789062,518641
2023-06-05T17:30,79.3499984741211,79.77999877929688,79.23999786376953,79.63999938964844,1091338
2023-06-06T13:30,80.16000366210938,80.30999755859375,79.25,79.5199966430664,471133
2023-06-06T15:30,79.5199966430664,79.79000091552734,79.27999877929688,79.58000183105469,359138
2023-06-06T17:30,79.55999755859375,79.72000122070312,79.2699966430664,79.2699966430664,751917
2023-06-07T13:30,79.3499984741211,80.48999786376953,78.80000305175781,80.01000213623047,417956
2023-06-07T15:30,79.98999786376953,80.70999908447266,79.87999725341797,80.68000030517578,536080
2023-06-07T17:30,80.62000274658203,81.05000305175781,80.4800033569336,80.87000274658203,1053684
2023-06-08T13:30,80.63999938964844,81,80.18000030517578,80.23999786376953,640405
2023-06-08T15:30,80.2300033569336,80.91999816894531,80.05999755859375,80.75,604910
2023-06-08T17:30,80.76000213623047,81.27999877929688,80.62000274658203,81.2699966430664,1380414
2023-06-09T13:30,81.26000213623047,81.4000015258789,80.66999816894531,80.93000030517578,663762
2023-06-09T15:30,80.91999816894531,81.16000366210938,80.81999969482422,80.87000274658203,407784
2023-06-09T17:30,80.87999725341797,80.98999786376953,80.75,80.81999969482422,974631
2023-06-12T13:30,81.02999877929688,81.02999877929688,80.38999938964844,80.80999755859375,707729
2023-06-12T15:30,80.80999755859375,80.83999633789062,80.38999938964844,80.43000030517578,685069
2023-06-12T17:30,80.43000030517578,80.8499984741211,80.25,80.7300033569336,1010331
2023-06-13T13:30,79.70999908447266,80.26000213623047,79.41000366210938,79.5199966430664,1165834
2023-06-13T15:30,79.54000091552734,80.0199966430664,79.5,80,639812
2023-06-13T17:30,80,80.38999938964844,79.9000015258789,80.16000366210938,1238133
2023-06-14T13:30,80.91999816894531,81.87000274658203,80.55999755859375,81.56999969482422,837706
2023-06-14T15:30,81.58000183105469,81.72000122070312,80.91999816894531,80.94000244140625,456762
2023-06-14T17:30,80.93000030517578,80.94999694824219,80.1500015258789,80.25,1418523
2023-06-15T13:30,80.69000244140625,81.11000061035156,80.26000213623047,80.63999938964844,779735
2023-06-15T15:30,80.62999725341797,80.80000305175781,80.43000030517578,80.69000244140625,397809
2023-06-15T17:30,80.69000244140625,81.20999908447266,80.55999755859375,81.04000091552734,1154802
2023-06-16T13:30,81.41999816894531,82.12000274658203,81.20999908447266,81.81999969482422,2122916
2023-06-16T15:30,81.8499984741211,81.94000244140625,81.62000274658203,81.69999694824219,499395
2023-06-16T17:30,81.69999694824219,81.80000305175781,80.94999694824219,81.41999816894531,1751416
2023-06-20T13:30,81.27999877929688,81.37000274658203,80.33999633789062,81.16999816894531,987941
2023-06-20T15:30,81.16000366210938,81.47000122070312,80.91000366210938,80.9800033569336,422792
2023-06-20T17:30,81,81.04000091552734,80.30000305175781,80.33000183105469,964460
2023-06-21T13:30,80.0999984741211,80.8499984741211,79.44000244140625,80.69000244140625,647019
2023-06-21T15:30,80.68000030517578,81.13999938964844,80.61000061035156,80.93000030517578,308784
2023-06-21T17:30,80.93000030517578,80.9800033569336,80.55000305175781,80.95999908447266,869853
2023-06-22T13:30,81.4000015258789,81.48999786376953,79.83000183105469,80.05999755859375,552380
2023-06-22T15:30,80.06999969482422,80.22000122070312,79.87000274658203,79.94999694824219,341654
2023-06-22T17:30,79.91999816894531,80.33999633789062,79.87000274658203,80.29000091552734,1231404
2023-06-23T13:30,80.55000305175781,80.86000061035156,79.8499984741211,80,656854
2023-06-23T15:30,80,80.06999969482422,79.08999633789062,79.2699966430664,720401
2023-06-23T17:30,79.2699966430664,79.52999877929688,79.0999984741211,79.26000213623047,1364993
2023-06-26T13:30,79.55000305175781,79.72000122070312,78.91999816894531,79.47000122070312,548370
2023-06-26T15:30,79.47000122070312,80.43000030517578,79.47000122070312,80.2699966430664,410664
2023-06-26T17:30,80.27999877929688,80.37999725341797,80.04000091552734,80.23999786376953,743985
2023-06-27T13:30,80.30999755859375,80.44999694824219,79.91000366210938,79.95999908447266,485892
2023-06-27T15:30,79.94000244140625,80.22000122070312,79.91999816894531,80.19000244140625,261247
2023-06-27T17:30,80.19999694824219,80.4800033569336,79.94000244140625,79.94999694824219,756498
2023-06-28T13:30,79.87999725341797,79.93000030517578,78.58999633789062,79.12000274658203,717406
2023-06-28T15:30,79.12999725341797,79.16000366210938,78.75,78.87000274658203,339137
2023-06-28T17:30,78.86000061035156,78.87000274658203,78.5199966430664,78.7300033569336,887312
2023-06-29T13:30,78.04000091552734,78.61000061035156,77.81999969482422,78.55000305175781,616274
2023-06-29T15:30,78.55999755859375,78.86000061035156,78.52999877929688,78.69000244140625,351042
2023-06-29T17:30,78.72000122070312,78.77999877929688,78.41000366210938,78.55000305175781,1035083
2023-06-30T13:30,78.62000274658203,79.01000213623047,78.30999755859375,78.43000030517578,558973
2023-06-30T15:30,78.44000244140625,78.95999908447266,78.30000305175781,78.94999694824219,384336
2023-06-30T17:30,78.94999694824219,79.38999938964844,78.80000305175781,79.2699966430664,856729
2023-07-03T13:30,79.26000213623047,80.08999633789062,79.02999877929688,79.91000366210938,574316
2023-07-03T15:30,79.9000015258789,80.19000244140625,79.80999755859375,80.12999725341797,558780
2023-07-03T17:30,80.12999725341797,80.12999725341797,80.08999633789062,80.08999633789062,833
2023-07-05T13:30,79.54000091552734,81.19000244140625,79.48999786376953,81.08000183105469,924375
2023-07-05T15:30,81.11000061035156,81.48999786376953,81.11000061035156,81.4000015258789,673937
2023-07-05T17:30,81.41999816894531,81.66000366210938,80.87000274658203,80.9000015258789,1101791
2023-07-06T13:30,80.44999694824219,80.58000183105469,79.70999908447266,80.38999938964844,545399
2023-07-06T15:30,80.37999725341797,80.55000305175781,80.13999938964844,80.33999633789062,509929
2023-07-06T17:30,80.36000061035156,80.37000274658203,79.97000122070312,79.9800033569336,640723
2023-07-07T13:30,79.51000213623047,79.80999755859375,79.23999786376953,79.77999877929688,533744
2023-07-07T15:30,79.79000091552734,80,79.58000183105469,79.86000061035156,394175
2023-07-07T17:30,79.86000061035156,79.86000061035156,79.2300033569336,79.30000305175781,845677
2023-07-10T13:30,79.08999633789062,79.3499984741211,78.2300033569336,78.51000213623047,746988
2023-07-10T15:30,78.5,79.11000061035156,78.43000030517578,79.05000305175781,528724
2023-07-10T17:30,79.05999755859375,79.2300033569336,78.58999633789062,78.80999755859375,744079
2023-07-11T13:30,79.43000030517578,79.69000244140625,79.04000091552734,79.44999694824219,899774
2023-07-11T15:30,79.44999694824219,79.56999969482422,79.18000030517578,79.44999694824219,415760
2023-07-11T17:30,79.45999908447266,80.33000183105469,79.30000305175781,80.29000091552734,1129734
2023-07-12T13:30,80.47000122070312,81.04000091552734,80.33999633789062,81.0199966430664,485265
2023-07-12T15:30,81.01000213623047,81.7300033569336,81.01000213623047,81.5999984741211,620348
2023-07-12T17:30,81.5999984741211,81.66999816894531,81.30000305175781,81.5999984741211,1007488
2023-07-13T13:30,81.56999969482422,81.81999969482422,81.0999984741211,81.80000305175781,598134
2023-07-13T15:30,81.80000305175781,82.12999725341797,81.73999786376953,81.98999786376953,677089
2023-07-13T17:30,81.98999786376953,82.41999816894531,81.94999694824219,82.4000015258789,974412
2023-07-14T13:30,82.22000122070312,82.5,81.81999969482422,82.26000213623047,676493
2023-07-14T15:30,82.2699966430664,82.38999938964844,81.93000030517578,82.27999877929688,414110
2023-07-14T17:30,82.2699966430664,82.55000305175781,81.9000015258789,82.19999694824219,832498
2023-07-17T13:30,81.93000030517578,82.04000091552734,81.30000305175781,81.68000030517578,454083
2023-07-17T15:30,81.66999816894531,81.80000305175781,81.4000015258789,81.45999908447266,293666
2023-07-17T17:30,81.44000244140625,81.48999786376953,81.04000091552734,81.05999755859375,840468
2023-07-18T13:30,81.08999633789062,81.95999908447266,80.9000015258789,81.08000183105469,413300
2023-07-18T15:30,81.0199966430664,81.13999938964844,79.66000366210938,79.7300033569336,592343
2023-07-18T17:30,79.70999908447266,80.54000091552734,79.63999938964844,80.30000305175781,853582
2023-07-19T13:30,80.56999969482422,81.80999755859375,80.54000091552734,80.87999725341797,603573
2023-07-19T15:30,80.9000015258789,81.33000183105469,80.7699966430664,81.30000305175781,292793
2023-07-19T17:30,81.30000305175781,81.33000183105469,80.8499984741211,80.94999694824219,681503
2023-07-20T13:30,81.26000213623047,81.83000183105469,80.70999908447266,81.6500015258789,644374
2023-07-20T15:30,81.66000366210938,81.9000015258789,81.4000015258789,81.83999633789062,452875
2023-07-20T17:30,81.83000183105469,82.44000244140625,81.72000122070312,82.31999969482422,973812
2023-07-21T13:30,82.62000274658203,83.56999969482422,82.30000305175781,83.33999633789062,664311
2023-07-21T15:30,83.38999938964844,83.87000274658203,83.3499984741211,83.63999938964844,331869
2023-07-21T17:30,83.62999725341797,83.9000015258789,83.30999755859375,83.72000122070312,1068059
2023-07-24T13:30,83.91000366210938,84.13999938964844,83.12000274658203,83.87000274658203,641779
2023-07-24T15:30,83.87999725341797,84.16999816894531,83.63999938964844,83.94000244140625,331933
2023-07-24T17:30,83.94999694824219,83.98999786376953,83.5199966430664,83.70999908447266,912025
2023-07-25T13:30,83.5199966430664,84.19999694824219,83.12000274658203,84.12000274658203,735596
2023-07-25T15:30,84.12999725341797,84.31999969482422,83.95999908447266,83.95999908447266,444581
2023-07-25T17:30,83.95999908447266,84.30000305175781,83.81999969482422,84.18000030517578,1073064
2023-07-26T13:30,83.95999908447266,85.16000366210938,83.80000305175781,84.61000061035156,547769
2023-07-26T15:30,84.5999984741211,84.63999938964844,84.2699966430664,84.31999969482422,223321
2023-07-26T17:30,84.31999969482422,84.4800033569336,83.9000015258789,84.41000366210938,981977
2023-07-27T13:30,84.02999877929688,84.55999755859375,83.52999877929688,83.63999938964844,802816
2023-07-27T15:30,83.62999725341797,83.95999908447266,83.2300033569336,83.33000183105469,449078
2023-07-27T17:30,83.33999633789062,83.44999694824219,83.04000091552734,83.41000366210938,1052086
2023-07-28T13:30,83.94999694824219,84.19999694824219,83.20999908447266,83.31999969482422,451639
2023-07-28T15:30,83.33000183105469,83.36000061035156,82.41000366210938,82.41999816894531,358514
2023-07-28T17:30,82.43000030517578,82.73999786376953,82.20999908447266,82.43000030517578,1129505
2023-07-31T13:30,82.80000305175781,83.16999816894531,82.2699966430664,82.33000183105469,578719
2023-07-31T15:30,82.33000183105469,82.5199966430664,82.1500015258789,82.30000305175781,290533
2023-07-31T17:30,82.30999755859375,82.69999694824219,82.0999984741211,82.69000244140625,900703
2023-08-01T13:30,82.66000366210938,82.87000274658203,81.69999694824219,81.75,559770
2023-08-01T15:30,81.76000213623047,81.94999694824219,81.55000305175781,81.75,377371
2023-08-01T17:30,81.76000213623047,82.01000213623047,81.37000274658203,81.38999938964844,880524
2023-08-02T13:30,81.26000213623047,82.02999877929688,81.1500015258789,81.83000183105469,604682
2023-08-02T15:30,81.83000183105469,82.25,81.80999755859375,82.04000091552734,431949
2023-08-02T17:30,82.05000305175781,82.06999969482422,81.63999938964844,81.7300033569336,804589
2023-08-03T13:30,81.5199966430664,81.68000030517578,79.77999877929688,79.79000091552734,755237
2023-08-03T15:30,79.80999755859375,80.44000244140625,79.66999816894531,79.97000122070312,667414
2023-08-03T17:30,79.97000122070312,80.66999816894531,79.80000305175781,79.80999755859375,1002222
2023-08-04T13:30,80.13999938964844,80.87000274658203,79.62000274658203,79.77999877929688,665917
2023-08-04T15:30,79.77999877929688,80,79.41000366210938,79.41999816894531,643175
2023-08-04T17:30,79.41999816894531,79.5,78.54000091552734,79.02999877929688,1386573
2023-08-07T13:30,79.12000274658203,79.55000305175781,79.0999984741211,79.30999755859375,761536
2023-08-07T15:30,79.30999755859375,79.45999908447266,79.06999969482422,79.37999725341797,654144
2023-08-07T17:30,79.38999938964844,79.58000183105469,79.08999633789062,79.22000122070312,1619015
2023-08-08T13:30,79.73999786376953,80.5999984741211,78.81999969482422,80.20999908447266,1559248
2023-08-08T15:30,80.19000244140625,81.01000213623047,79.79000091552734,80.9800033569336,1200095
2023-08-08T17:30,80.97000122070312,81.44000244140625,80.55999755859375,81.36000061035156,1958660
2023-08-09T13:30,81.1500015258789,82.12000274658203,81.04000091552734,81.5,703051
2023-08-09T15:30,81.5199966430664,81.72000122070312,81.22000122070312,81.63999938964844,510158
2023-08-09T17:30,81.66000366210938,82.36000061035156,81.58000183105469,81.9800033569336,1361961
2023-08-10T13:30,82.44000244140625,82.91000366210938,82.12000274658203,82.58999633789062,925500
2023-08-10T15:30,82.58000183105469,82.75,82.44000244140625,82.5999984741211,767900
2023-08-10T17:30,82.58999633789062,83.01000213623047,81.87000274658203,82.04000091552734,1401049
2023-08-11T13:30,82.13999938964844,82.87999725341797,82.08999633789062,82.6500015258789,626754
2023-08-11T15:30,82.63999938964844,83.01000213623047,82.58999633789062,82.8499984741211,474288
2023-08-11T17:30,82.8499984741211,82.9800033569336,82.61000061035156,82.86000061035156,838754
2023-08-14T13:30,82.91999816894531,82.91999816894531,81.70999908447266,81.73999786376953,559130
2023-08-14T15:30,81.75,82.1500015258789,81.70999908447266,81.91999816894531,353542
2023-08-14T17:30,81.94000244140625,82.0199966430664,81.68000030517578,81.95999908447266,933148
2023-08-15T13:30,81.30999755859375,81.52999877929688,81.05999755859375,81.37999725341797,743851
2023-08-15T15:30,81.41000366210938,81.54000091552734,81.06999969482422,81.12999725341797,379440
2023-08-15T17:30,81.13999938964844,81.31999969482422,80.69000244140625,80.7699966430664,1026295
2023-08-16T13:30,80.98999786376953,81.55000305175781,80.66000366210938,81.38999938964844,699976
2023-08-16T15:30,81.37000274658203,81.43000030517578,81.0199966430664,81.1500015258789,420678
2023-08-16T17:30,81.1500015258789,81.4000015258789,80.88999938964844,80.98999786376953,895631
2023-08-17T13:30,81.13999938964844,82.3499984741211,81.04000091552734,81.58000183105469,734655
2023-08-17T15:30,81.58000183105469,81.98999786376953,81.38999938964844,81.45999908447266,522655
2023-08-17T17:30,81.45999908447266,81.45999908447266,80.87000274658203,81,981802
2023-08-18T13:30,80.8499984741211,81.66000366210938,80.7699966430664,81.5,782796
2023-08-18T15:30,81.5,81.55999755859375,80.87000274658203,80.95999908447266,496228
2023-08-18T17:30,80.98999786376953,81.69000244140625,80.98999786376953,81.4800033569336,1006900
2023-08-21T13:30,81.11000061035156,81.37000274658203,79.76000213623047,79.80999755859375,1095460
2023-08-21T15:30,79.80000305175781,80.04000091552734,79.62000274658203,79.76000213623047,580768
2023-08-21T17:30,79.7699966430664,80.38999938964844,79.69999694824219,80.05000305175781,1619420
2023-08-22T13:30,80.05999755859375,80.25,79.55000305175781,79.69999694824219,593666
2023-08-22T15:30,79.70999908447266,80.0999984741211,79.61000061035156,80.05999755859375,427216
2023-08-22T17:30,80.05999755859375,80.27999877929688,79.95999908447266,80.02999877929688,906482
2023-08-23T13:30,80.69999694824219,80.7300033569336,79.62000274658203,79.94000244140625,550390
2023-08-23T15:30,79.93000030517578,80.5999984741211,79.8499984741211,80.56999969482422,462050
2023-08-23T17:30,80.56999969482422,80.76000213623047,80.33999633789062,80.69999694824219,829310
2023-08-24T13:30,80.5199966430664,81.61000061035156,80.5199966430664,81.33999633789062,542429
2023-08-24T15:30,81.33999633789062,81.41000366210938,80.45999908447266,80.5,321943
2023-08-24T17:30,80.5,80.70999908447266,80.2699966430664,80.4000015258789,885627
2023-08-25T13:30,80.56999969482422,81.55000305175781,80.37999725341797,81.52999877929688,514059
2023-08-25T15:30,81.55999755859375,81.58999633789062,81.18000030517578,81.2699966430664,390956
2023-08-25T17:30,81.26000213623047,81.30000305175781,80.87000274658203,80.93000030517578,893498
2023-08-28T13:30,80.91999816894531,81.44000244140625,80.5199966430664,80.63999938964844,488574
2023-08-28T15:30,80.6500015258789,80.79000091552734,80.5,80.54000091552734,350169
2023-08-28T17:30,80.54000091552734,80.70999908447266,80.38999938964844,80.4000015258789,956705
2023-08-29T13:30,80.38999938964844,81.25,80.3499984741211,80.48999786376953,536417
2023-08-29T15:30,80.51000213623047,80.93000030517578,80.51000213623047,80.83000183105469,273324
2023-08-29T17:30,80.83000183105469,80.97000122070312,80.4000015258789,80.6500015258789,1017265
2023-08-30T13:30,80.4000015258789,81.12999725341797,80.08000183105469,80.43000030517578,504433
2023-08-30T15:30,80.41999816894531,80.62000274658203,80.27999877929688,80.30000305175781,319836
2023-08-30T17:30,80.29000091552734,80.37000274658203,79.91999816894531,80.36000061035156,1104476
2023-08-31T13:30,80.62000274658203,80.77999877929688,79.94999694824219,80.2300033569336,517245
2023-08-31T15:30,80.22000122070312,80.2300033569336,79.77999877929688,79.87000274658203,357911
2023-08-31T17:30,79.87000274658203,79.97000122070312,79.25,79.30000305175781,1174763
2023-09-01T13:30,79.72000122070312,80.05999755859375,79.18000030517578,79.2300033569336,530807
2023-09-01T15:30,79.20999908447266,79.20999908447266,78.1500015258789,78.29000091552734,742595
2023-09-01T17:30,78.29000091552734,78.66000366210938,78.27999877929688,78.52999877929688,1553633
2023-09-05T13:30,78.41000366210938,78.5999984741211,76.8499984741211,76.87999725341797,855559
2023-09-05T15:30,76.87999725341797,77.5,76.87000274658203,77.01000213623047,550409
2023-09-05T17:30,77,77.6500015258789,76.9000015258789,77.43000030517578,1285454
2023-09-06T13:30,77.62999725341797,77.69999694824219,76.95999908447266,77.48999786376953,650247
2023-09-06T15:30,77.48999786376953,77.55999755859375,77.27999877929688,77.55999755859375,457722
2023-09-06T17:30,77.55000305175781,78.26000213623047,77.5,78.16000366210938,1559128
2023-09-07T13:30,78.77999877929688,80.45999908447266,78.66999816894531,80.4000015258789,1612729
2023-09-07T15:30,80.41000366210938,80.58999633789062,80.06999969482422,80.22000122070312,892745
2023-09-07T17:30,80.2300033569336,80.23999786376953,79.7300033569336,79.87000274658203,1587355
2023-09-08T13:30,80.01000213623047,81.18000030517578,79.75,80.9800033569336,996095
2023-09-08T15:30,80.97000122070312,81.16000366210938,80.6500015258789,80.98999786376953,745013
2023-09-08T17:30,80.98999786376953,81.43000030517578,80.83999633789062,81.30000305175781,1116258
2023-09-11T13:30,81.1500015258789,82.4800033569336,81.04000091552734,81.95999908447266,997500
2023-09-11T15:30,81.95999908447266,82.5999984741211,81.83000183105469,82.19999694824219,788261
2023-09-11T17:30,82.19000244140625,82.22000122070312,81.76000213623047,81.9800033569336,1590121
2023-09-12T13:30,82.0999984741211,82.37999725341797,81.19999694824219,82.37000274658203,694657
2023-09-12T15:30,82.36000061035156,82.61000061035156,82.20999908447266,82.5199966430664,442137
2023-09-12T17:30,82.52999877929688,82.77999877929688,82.2699966430664,82.27999877929688,1443522
2023-09-13T13:30,82.55999755859375,83.18000030517578,82.37000274658203,83.18000030517578,961857
2023-09-13T15:30,83.19000244140625,83.83999633789062,83.18000030517578,83.7699966430664,670009
2023-09-13T17:30,83.77999877929688,84.29000091552734,83.5199966430664,83.87999725341797,1895193
2023-09-14T13:30,84.55000305175781,85.16000366210938,84.29000091552734,85.12999725341797,1220785
2023-09-14T15:30,85.13999938964844,85.38999938964844,85.02999877929688,85.37999725341797,735974
2023-09-14T17:30,85.37000274658203,85.48999786376953,85.12000274658203,85.2699966430664,1879071
2023-09-15T13:30,85.16000366210938,85.81999969482422,84.80000305175781,85.55000305175781,2202901
2023-09-15T15:30,85.55000305175781,85.66999816894531,85.08999633789062,85.30000305175781,633882
2023-09-15T17:30,85.30000305175781,85.6500015258789,84.9800033569336,85.04000091552734,2667243
2023-09-18T13:30,85.08000183105469,85.2699966430664,84.0999984741211,84.80000305175781,717099
2023-09-18T15:30,84.80000305175781,84.97000122070312,84.68000030517578,84.9000015258789,522211
2023-09-18T17:30,84.88999938964844,84.91999816894531,84.43000030517578,84.80000305175781,1256093
2023-09-19T13:30,84.80000305175781,85.05999755859375,84.44000244140625,84.54000091552734,739745
2023-09-19T15:30,84.55000305175781,84.56999969482422,84.16000366210938,84.19000244140625,443579
2023-09-19T17:30,84.18000030517578,84.37999725341797,83.77999877929688,83.83000183105469,1274802
2023-09-20T13:30,84.22000122070312,85.04000091552734,83.75,84.94999694824219,646240
2023-09-20T15:30,84.95999908447266,85.22000122070312,84.80000305175781,85.16000366210938,298858
2023-09-20T17:30,85.13999938964844,85.19000244140625,83.9800033569336,84.30000305175781,1236572
2023-09-21T13:30,84.19000244140625,84.19000244140625,83.25,83.91999816894531,585711
2023-09-21T15:30,83.86000061035156,84.62000274658203,83.80000305175781,84.0199966430664,947568
2023-09-21T17:30,84.02999877929688,84.16000366210938,83.37999725341797,83.44000244140625,994788
2023-09-22T13:30,83.08000183105469,83.44999694824219,82.80000305175781,83.44999694824219,409876
2023-09-22T15:30,83.4800033569336,83.63999938964844,83.18000030517578,83.44999694824219,348865
2023-09-22T17:30,83.44000244140625,83.81999969482422,83.27999877929688,83.37000274658203,819113
2023-09-25T13:30,82.91999816894531,83.33999633789062,82.45999908447266,82.80999755859375,436397
2023-09-25T15:30,82.83000183105469,83.0199966430664,82.58999633789062,82.79000091552734,304255
2023-09-25T17:30,82.80000305175781,83.41999816894531,82.73999786376953,83.3499984741211,839844
2023-09-26T13:30,83.06999969482422,83.12999725341797,82.19000244140625,82.25,568199
2023-09-26T15:30,82.23999786376953,82.30999755859375,81.52999877929688,81.72000122070312,544145
2023-09-26T17:30,81.7300033569336,81.87000274658203,81.05999755859375,81.41999816894531,1372330
2023-09-27T13:30,81.37000274658203,81.6500015258789,80.27999877929688,80.58000183105469,762103
2023-09-27T15:30,80.5999984741211,80.66999816894531,79.7300033569336,79.94999694824219,811199
2023-09-27T17:30,79.94999694824219,80.5999984741211,79.7699966430664,80.47000122070312,1314123
2023-09-28T13:30,80.94000244140625,80.94000244140625,79.02999877929688,79.29000091552734,954514
2023-09-28T15:30,79.30999755859375,79.8499984741211,79.2699966430664,79.7300033569336,677213
2023-09-28T17:30,79.70999908447266,79.98999786376953,79.05000305175781,79.19999694824219,1670644
2023-09-29T13:30,80.12999725341797,80.36000061035156,78.8499984741211,79.31999969482422,1014381
2023-09-29T15:30,79.33000183105469,79.36000061035156,78.27999877929688,78.56999969482422,669317
2023-09-29T17:30,78.58000183105469,79.22000122070312,78.5,78.8499984741211,1286506
2023-10-02T13:30,78.41000366210938,78.5999984741211,75.70999908447266,76.04000091552734,1539862
2023-10-02T15:30,76.05000305175781,76.19000244140625,75.16000366210938,75.87999725341797,1204691
2023-10-02T17:30,75.87000274658203,76.62999725341797,75.4800033569336,76.33000183105469,2728452
2023-10-03T13:30,75.93000030517578,76.08000183105469,74.4800033569336,75.8499984741211,1512148
2023-10-03T15:30,75.8499984741211,76.61000061035156,75.55999755859375,76.58000183105469,928269
2023-10-03T17:30,76.58999633789062,76.87000274658203,76.30000305175781,76.62000274658203,2446851
2023-10-04T13:30,76.5999984741211,77.1500015258789,75.80999755859375,76.47000122070312,1106324
2023-10-04T15:30,76.45999908447266,76.87000274658203,76.0999984741211,76.5999984741211,550844
2023-10-04T17:30,76.5999984741211,77.18000030517578,76.58000183105469,76.91999816894531,1116323
2023-10-05T13:30,76.70999908447266,76.83000183105469,75.7300033569336,76.05000305175781,803495
2023-10-05T15:30,76.05000305175781,76.18000030517578,75.68000030517578,75.98999786376953,592390
2023-10-05T17:30,76,76.55000305175781,75.93000030517578,76.3499984741211,1525121
2023-10-06T13:30,75.33000183105469,76.08999633789062,74.19000244140625,76.08000183105469,1004236
2023-10-06T15:30,76.0999984741211,77.19000244140625,75.93000030517578,77.08000183105469,638358
2023-10-06T17:30,77.06999969482422,77.75,77.05000305175781,77.63999938964844,1278354
2023-10-09T13:30,77.41999816894531,78.3499984741211,77.16000366210938,78.19000244140625,605154
2023-10-09T15:30,78.20999908447266,78.27999877929688,77.86000061035156,78.19999694824219,443518
2023-10-09T17:30,78.20999908447266,78.83000183105469,78.12999725341797,78.80999755859375,1312044
2023-10-10T13:30,78.83000183105469,79.30999755859375,78.4800033569336,79.18000030517578,673539
2023-10-10T15:30,79.16999816894531,79.51000213623047,79.12000274658203,79.38999938964844,528498
2023-10-10T17:30,79.38999938964844,79.48999786376953,79.04000091552734,79.44000244140625,862094
2023-10-11T13:30,79.86000061035156,79.94000244140625,79.19000244140625,79.61000061035156,570395
2023-10-11T15:30,79.62999725341797,79.94000244140625,79.36000061035156,79.87000274658203,489877
2023-10-11T17:30,79.8499984741211,80.5,79.62999725341797,80.26000213623047,1148753
2023-10-12T13:30,79.97000122070312,80.41999816894531,78.44000244140625,78.77999877929688,897471
2023-10-12T15:30,78.80000305175781,79.16999816894531,78.44999694824219,78.45999908447266,529359
2023-10-12T17:30,78.44000244140625,78.69000244140625,77.87999725341797,78.63999938964844,1173651
2023-10-13T13:30,79.44999694824219,79.9800033569336,78.6500015258789,79.2699966430664,586032
2023-10-13T15:30,79.26000213623047,79.43000030517578,78.81999969482422,78.86000061035156,594317
2023-10-13T17:30,78.86000061035156,79.33999633789062,78.72000122070312,79.20999908447266,1530038
2023-10-16T13:30,79.5,80.12999725341797,78.9800033569336,79.80000305175781,614214
2023-10-16T15:30,79.81999969482422,80.2699966430664,79.62999725341797,79.91999816894531,597881
2023-10-16T17:30,79.93000030517578,80.16999816894531,79.77999877929688,79.87000274658203,1274767
2023-10-17T13:30,79.29000091552734,80.18000030517578,79.04000091552734,79.63999938964844,628242
2023-10-17T15:30,79.62000274658203,80.01000213623047,79.43000030517578,79.54000091552734,468451
2023-10-17T17:30,79.55000305175781,79.55000305175781,79.02999877929688,79.47000122070312,1187687
2023-10-18T13:30,79.47000122070312,79.87000274658203,78.75,78.81999969482422,671589
2023-10-18T15:30,78.79000091552734,78.91999816894531,78.27999877929688,78.69999694824219,524995
2023-10-18T17:30,78.70999908447266,79.11000061035156,78.41999816894531,78.77999877929688,1245967
2023-10-19T13:30,78.52999877929688,79.12999725341797,77.94999694824219,78.58999633789062,632180
2023-10-19T15:30,78.5999984741211,79.36000061035156,78.4800033569336,79.11000061035156,642467
2023-10-19T17:30,79.11000061035156,79.1500015258789,78.3499984741211,78.37999725341797,1249690
2023-10-20T13:30,78.16999816894531,79.37000274658203,78.16999816894531,79.16000366210938,811425
2023-10-20T15:30,79.12000274658203,79.33999633789062,78.69000244140625,78.75,577127
2023-10-20T17:30,78.76000213623047,78.91000366210938,77.72000122070312,77.7699966430664,1339952
2023-10-23T13:30,77,78.0999984741211,76.62999725341797,78.05000305175781,779615
2023-10-23T15:30,78.05000305175781,78.2699966430664,77.44999694824219,77.5199966430664,654116
2023-10-23T17:30,77.52999877929688,77.81999969482422,76.94000244140625,77.11000061035156,1301966
2023-10-24T13:30,77.80999755859375,78.51000213623047,77.55999755859375,78.5,654142
2023-10-24T15:30,78.5,78.62999725341797,78.25,78.47000122070312,565260
2023-10-24T17:30,78.45999908447266,78.83999633789062,78.37000274658203,78.38999938964844,1101521
2023-10-25T13:30,78.27999877929688,78.88999938964844,77.86000061035156,78.80999755859375,679980
2023-10-25T15:30,78.83000183105469,78.86000061035156,78.22000122070312,78.58999633789062,448265
2023-10-25T17:30,78.55999755859375,79,78.36000061035156,78.7699966430664,978769
2023-10-26T13:30,79.01000213623047,80.16999816894531,78.80000305175781,79.68000030517578,756686
2023-10-26T15:30,79.69999694824219,79.72000122070312,78.97000122070312,79.26000213623047,502795
2023-10-26T17:30,79.25,79.81999969482422,79.16000366210938,79.69000244140625,1297048
2023-10-27T13:30,79.37000274658203,79.61000061035156,78.37000274658203,78.43000030517578,720256
2023-10-27T15:30,78.4000015258789,78.61000061035156,77.79000091552734,77.9800033569336,447525
2023-10-27T17:30,77.98999786376953,78.44000244140625,77.83999633789062,78.19000244140625,1197868
2023-10-30T13:30,78.45999908447266,79.19999694824219,77.7699966430664,77.98999786376953,568443
2023-10-30T15:30,77.9800033569336,78.27999877929688,77.7699966430664,78.26000213623047,373385
2023-10-30T17:30,78.26000213623047,78.58999633789062,78.01000213623047,78.5199966430664,1040877
2023-10-31T13:30,78.91999816894531,79.37000274658203,78.52999877929688,79.27999877929688,785681
2023-10-31T15:30,79.26000213623047,79.31999969482422,78.80000305175781,79.19999694824219,415951
2023-10-31T17:30,79.25,79.44000244140625,78.93000030517578,79.37999725341797,1223263
2023-11-01T13:30,79.68000030517578,80.30000305175781,78.88999938964844,79.70999908447266,840423
2023-11-01T15:30,79.72000122070312,80.0999984741211,79.69999694824219,79.81999969482422,514198
2023-11-01T17:30,79.80999755859375,80.37999725341797,79.62000274658203,80.04000091552734,1617885
2023-11-02T13:30,79.94999694824219,80.91999816894531,79.48999786376953,80.51000213623047,1643894
2023-11-02T15:30,80.48999786376953,80.69999694824219,80.16000366210938,80.48999786376953,641587
2023-11-02T17:30,80.5,80.7300033569336,80.29000091552734,80.30000305175781,1465485
2023-11-03T13:30,81.43000030517578,82.1500015258789,80.95999908447266,81.5999984741211,980156
2023-11-03T15:30,81.5999984741211,82.1500015258789,81.54000091552734,81.58999633789062,643321
2023-11-03T17:30,81.5999984741211,81.69000244140625,80.5999984741211,80.61000061035156,1755117
2023-11-06T14:30,80.55000305175781,80.91000366210938,79.91999816894531,80.19000244140625,823812
2023-11-06T16:30,80.18000030517578,80.70999908447266,80.16000366210938,80.66999816894531,441131
2023-11-06T18:30,80.62999725341797,80.70999908447266,80.01000213623047,80.1500015258789,1356573
2023-11-07T14:30,80.38999938964844,80.4000015258789,79.66000366210938,79.95999908447266,575914
2023-11-07T16:30,79.97000122070312,80.19999694824219,79.79000091552734,79.87000274658203,424745
2023-11-07T18:30,79.87000274658203,80.01000213623047,79.61000061035156,79.76000213623047,1308825
2023-11-08T14:30,79.30000305175781,79.47000122070312,77.86000061035156,78,977587
2023-11-08T16:30,78.01000213623047,78.41000366210938,77.91000366210938,78.13999938964844,745189
2023-11-08T18:30,78.12999725341797,79.13999938964844,78.05000305175781,78.93000030517578,1239413
2023-11-09T14:30,79.08000183105469,79.44999694824219,78.87999725341797,79.0999984741211,627187
2023-11-09T16:30,79.08999633789062,79.83000183105469,79,79.19000244140625,683832
2023-11-09T18:30,79.16000366210938,79.23999786376953,78.52999877929688,78.56999969482422,1300650
2023-11-10T14:30,79.02999877929688,79.20999908447266,78.36000061035156,78.73999786376953,432664
2023-11-10T16:30,78.7699966430664,78.86000061035156,78.38999938964844,78.70999908447266,420133
2023-11-10T18:30,78.69000244140625,78.87999725341797,78.58000183105469,78.86000061035156,1089343
2023-11-13T14:30,78.77999877929688,78.94999694824219,77.9000015258789,78.02999877929688,678217
2023-11-13T16:30,78,78.30999755859375,77.4000015258789,77.48999786376953,723330
2023-11-13T18:30,77.48999786376953,77.73999786376953,77.36000061035156,77.7300033569336,1541638
2023-11-14T14:30,79.37000274658203,80.08999633789062,79.05000305175781,79.97000122070312,1021525
2023-11-14T16:30,79.9800033569336,80.19000244140625,79.51000213623047,79.63999938964844,1397607
2023-11-14T18:30,79.66000366210938,80.30000305175781,79.48999786376953,80.26000213623047,1821930
2023-11-15T14:30,80.19000244140625,81.20999908447266,79.66000366210938,80.11000061035156,868122
2023-11-15T16:30,80.12000274658203,80.27999877929688,79.94999694824219,80.16999816894531,427238
2023-11-15T18:30,80.16000366210938,80.27999877929688,79.91999816894531,80.04000091552734,1236807
2023-11-16T14:30,80.73999786376953,81.76000213623047,80.73999786376953,81.37999725341797,1088371
2023-11-16T16:30,81.38999938964844,81.69999694824219,81.04000091552734,81.66999816894531,662316
2023-11-16T18:30,81.66999816894531,81.8499984741211,81.4800033569336,81.48999786376953,1575028
2023-11-17T14:30,81.9000015258789,81.94000244140625,81.05999755859375,81.25,775556
2023-11-17T16:30,81.22000122070312,81.52999877929688,81.02999877929688,81.4800033569336,567200
2023-11-17T18:30,81.4800033569336,81.66000366210938,81.25,81.33000183105469,1520607
2023-11-20T14:30,80.88999938964844,81.36000061035156,79.76000213623047,81.2300033569336,925811
2023-11-20T16:30,81.2300033569336,81.30000305175781,80.58999633789062,80.7300033569336,495757
2023-11-20T18:30,80.72000122070312,81.08000183105469,80.6500015258789,80.68000030517578,1333759
2023-11-21T14:30,80.9000015258789,81.11000061035156,80.16999816894531,80.91000366210938,768044
2023-11-21T16:30,80.91000366210938,81.06999969482422,80.75,81.04000091552734,329334
2023-11-21T18:30,81.05000305175781,81.26000213623047,80.81999969482422,81.20999908447266,953070
2023-11-22T14:30,81.31999969482422,81.5999984741211,80.88999938964844,81.41000366210938,698572
2023-11-22T16:30,81.41000366210938,81.47000122070312,81.19000244140625,81.38999938964844,415331
2023-11-22T18:30,81.38999938964844,81.72000122070312,81.27999877929688,81.62999725341797,1006376
2023-11-24T14:30,81.54000091552734,81.91999816894531,81.25,81.81999969482422,564222
2023-11-24T16:30,81.81999969482422,82.04000091552734,81.69999694824219,81.98999786376953,649494
2023-11-27T14:30,82.0999984741211,82.1500015258789,81.4800033569336,82.0999984741211,548613
2023-11-27T16:30,82.11000061035156,82.2300033569336,81.87000274658203,82.19000244140625,433677
2023-11-27T18:30,82.19000244140625,82.33999633789062,82.11000061035156,82.18000030517578,993330
2023-11-28T14:30,82.19000244140625,83.06999969482422,81.97000122070312,82.61000061035156,746413
2023-11-28T16:30,82.61000061035156,82.9800033569336,82.56999969482422,82.97000122070312,495953
2023-11-28T18:30,82.95999908447266,82.9800033569336,82.31999969482422,82.36000061035156,1049316
2023-11-29T14:30,82.41999816894531,82.83999633789062,82.1500015258789,82.33000183105469,813040
2023-11-29T16:30,82.3499984741211,82.5199966430664,82.18000030517578,82.41999816894531,524425
2023-11-29T18:30,82.43000030517578,82.43000030517578,81.6500015258789,81.95999908447266,1250950
2023-11-30T14:30,82.81999969482422,83.20999908447266,82.33000183105469,82.94999694824219,894972
2023-11-30T16:30,82.94000244140625,83.18000030517578,82.63999938964844,83.08999633789062,759109
2023-11-30T18:30,83.08999633789062,83.48999786376953,82.7300033569336,83.37000274658203,1526105
2023-12-01T14:30,83.30999755859375,83.41999816894531,82.72000122070312,83.26000213623047,889139
2023-12-01T16:30,83.25,83.58000183105469,83.08999633789062,83.41000366210938,680756
2023-12-01T18:30,83.41000366210938,83.72000122070312,83.16999816894531,83.69999694824219,1723455
2023-12-04T14:30,83.1500015258789,84.23999786376953,83.1500015258789,83.88999938964844,792269
2023-12-04T16:30,83.87999725341797,84.08999633789062,83.7300033569336,83.87999725341797,377518
2023-12-04T18:30,83.87000274658203,84.0199966430664,83.7300033569336,83.7699966430664,1093469
2023-12-05T14:30,83.91000366210938,84.01000213623047,83.04000091552734,83.25,640845
2023-12-05T16:30,83.2699966430664,83.58000183105469,83.13999938964844,83.55999755859375,403381
2023-12-05T18:30,83.55999755859375,83.70999908447266,83.25,83.58999633789062,1171637
2023-12-06T14:30,83.9000015258789,84.30000305175781,83.72000122070312,84.08999633789062,600501
2023-12-06T16:30,84.08000183105469,84.18000030517578,83.86000061035156,84.12000274658203,435869
2023-12-06T18:30,84.13999938964844,84.9000015258789,84.08000183105469,84.87999725341797,1609927
2023-12-07T14:30,84.8499984741211,85.6500015258789,84.33000183105469,85.33000183105469,812865
2023-12-07T16:30,85.33000183105469,85.55999755859375,85.2300033569336,85.4800033569336,678190
2023-12-07T18:30,85.48999786376953,85.73999786376953,85.20999908447266,85.3499984741211,1844565
2023-12-08T14:30,85.33999633789062,85.61000061035156,84.76000213623047,85.12999725341797,715586
2023-12-08T16:30,85.13999938964844,85.25,84.95999908447266,85.19999694824219,493993
2023-12-08T18:30,85.20999908447266,85.51000213623047,84.95999908447266,85.27999877929688,1455416
2023-12-11T14:30,84.97000122070312,85.9000015258789,84.56999969482422,85.88999938964844,1122558
2023-12-11T16:30,85.88999938964844,86.06999969482422,85.79000091552734,85.9800033569336,959416
2023-12-11T18:30,85.9800033569336,86.19999694824219,85.62000274658203,86.16999816894531,1860965
2023-12-12T14:30,86.27999877929688,86.29000091552734,85.05000305175781,85.88999938964844,1428246
2023-12-12T16:30,85.88999938964844,86.12000274658203,85.75,86.04000091552734,609562
2023-12-12T18:30,86.04000091552734,86.1500015258789,85.80999755859375,86.13999938964844,1358412
2023-12-13T14:30,86.29000091552734,86.70999908447266,85.69999694824219,86.55999755859375,631020
2023-12-13T16:30,86.55999755859375,86.70999908447266,86.44000244140625,86.51000213623047,426453
2023-12-13T18:30,86.51000213623047,88.68000030517578,86.44000244140625,88.63999938964844,2050676
2023-12-14T14:30,89.23999786376953,89.83000183105469,88.94999694824219,88.97000122070312,1344371
2023-12-14T16:30,88.91999816894531,89.88999938964844,88.54000091552734,89.16999816894531,1849975
2023-12-14T18:30,89.16999816894531,89.44999694824219,88.62000274658203,88.81999969482422,2882103
2023-12-15T14:30,88.54000091552734,88.68000030517578,87.30000305175781,87.69000244140625,3124949
2023-12-15T16:30,87.69000244140625,87.93000030517578,87.31999969482422,87.45999908447266,753950
2023-12-15T18:30,87.47000122070312,87.62999725341797,86.4000015258789,87.26000213623047,2081914
2023-12-18T14:30,87.79000091552734,88.8499984741211,87.41999816894531,87.83999633789062,1066491
2023-12-18T16:30,87.8499984741211,88.19999694824219,87.52999877929688,88.05999755859375,1011599
2023-12-18T18:30,88.05000305175781,88.30000305175781,87.80000305175781,87.80000305175781,1395151
2023-12-19T14:30,88.11000061035156,88.13999938964844,87.38999938964844,87.91999816894531,733909
2023-12-19T16:30,87.87999725341797,87.91999816894531,87.5199966430664,87.62000274658203,363719
2023-12-19T18:30,87.62000274658203,87.66999816894531,87.16000366210938,87.47000122070312,1051834
2023-12-20T14:30,87.31999969482422,87.81999969482422,86.94999694824219,87.44999694824219,754262
2023-12-20T16:30,87.44999694824219,87.88999938964844,87.19999694824219,87.72000122070312,462131
2023-12-20T18:30,87.70999908447266,87.88999938964844,86.33999633789062,86.47000122070312,1508607
2023-12-21T14:30,86.69000244140625,87.19999694824219,86.13999938964844,86.63999938964844,714898
2023-12-21T16:30,86.63999938964844,86.66999816894531,86.04000091552734,86.5999984741211,888441
2023-12-21T18:30,86.5999984741211,87.11000061035156,86.41000366210938,87.02999877929688,1081963
2023-12-22T14:30,87.44000244140625,88.2300033569336,87.02999877929688,88.08999633789062,514657
2023-12-22T16:30,88.11000061035156,88.16999816894531,87.83000183105469,87.87999725341797,282353
2023-12-22T18:30,87.88999938964844,87.91000366210938,87.30000305175781,87.5199966430664,801364
2023-12-26T14:30,87.30000305175781,88.11000061035156,87.12999725341797,87.9800033569336,455985
2023-12-26T16:30,87.95999908447266,88.08000183105469,87.87000274658203,87.98999786376953,367725
2023-12-26T18:30,87.98999786376953,88.02999877929688,87.37000274658203,87.4000015258789,921823
2023-12-27T14:30,87.11000061035156,87.44999694824219,86.91000366210938,87.23999786376953,455263
2023-12-27T16:30,87.23999786376953,87.37000274658203,86.98999786376953,87.19999694824219,278005
2023-12-27T18:30,87.22000122070312,87.22000122070312,86.76000213623047,87.0199966430664,837325
2023-12-28T14:30,86.80000305175781,87.61000061035156,86.73999786376953,87.26000213623047,448793
2023-12-28T16:30,87.25,87.55000305175781,87.22000122070312,87.4000015258789,382258
2023-12-28T18:30,87.41000366210938,87.69999694824219,87.37000274658203,87.58000183105469,739623
2023-12-29T14:30,87.31999969482422,87.88999938964844,87.19999694824219,87.4800033569336,401768
2023-12-29T16:30,87.4800033569336,87.54000091552734,87.05999755859375,87.13999938964844,300316
2023-12-29T18:30,87.12999725341797,87.80999755859375,87.0999984741211,87.69000244140625,837385
2024-01-02T14:30,87.20999908447266,88.80000305175781,86.86000061035156,88.1500015258789,743349
2024-01-02T16:30,88.12999725341797,88.70999908447266,87.94000244140625,88.62999725341797,576362
2024-01-02T18:30,88.5999984741211,88.69999694824219,88.08999633789062,88.38999938964844,1214416
2024-01-03T14:30,88.48999786376953,89.2699966430664,88.08999633789062,88.83999633789062,805847
2024-01-03T16:30,88.8499984741211,89.06999969482422,88.75,89.02999877929688,424741
2024-01-03T18:30,89.05000305175781,89.3499984741211,88.83999633789062,89.25,1406971
2024-01-04T14:30,89.44999694824219,89.76000213623047,89.05999755859375,89.73999786376953,511185
2024-01-04T16:30,89.76000213623047,89.7699966430664,89.22000122070312,89.2300033569336,341131
2024-01-04T18:30,89.22000122070312,89.33999633789062,88.87000274658203,89,911269
2024-01-05T14:30,88.98999786376953,89.2300033569336,88.56999969482422,88.94999694824219,550760
2024-01-05T16:30,88.91999816894531,88.94999694824219,88.16000366210938,88.5,328770
2024-01-05T18:30,88.51000213623047,89.0999984741211,88.44000244140625,89.04000091552734,891838
2024-01-08T14:30,88.88999938964844,89.36000061035156,88.61000061035156,89.33999633789062,488295
2024-01-08T16:30,89.33999633789062,89.62999725341797,89.19999694824219,89.41000366210938,373064
2024-01-08T18:30,89.41999816894531,89.8499984741211,89.26000213623047,89.81999969482422,994477
2024-01-09T14:30,89.2300033569336,89.80999755859375,89.0199966430664,89.51000213623047,503664
2024-01-09T16:30,89.5199966430664,89.69000244140625,89.33999633789062,89.41999816894531,237299
2024-01-09T18:30,89.41999816894531,89.70999908447266,89.22000122070312,89.52999877929688,792403
2024-01-10T14:30,89.91000366210938,90.18000030517578,89.54000091552734,89.83999633789062,935827
2024-01-10T16:30,89.8499984741211,90.04000091552734,89.68000030517578,89.94999694824219,472021
2024-01-10T18:30,89.94000244140625,90.27999877929688,89.62999725341797,89.69000244140625,1176924
2024-01-11T14:30,89.45999908447266,89.45999908447266,87.52999877929688,87.76000213623047,639156
2024-01-11T16:30,87.7699966430664,87.94999694824219,87.55000305175781,87.69000244140625,425856
2024-01-11T18:30,87.68000030517578,88.16000366210938,87.5,87.7699966430664,1265840
2024-01-12T14:30,88.30000305175781,88.69000244140625,87.91999816894531,88.44000244140625,350321
2024-01-12T16:30,88.48999786376953,89.19999694824219,88.43000030517578,89.19999694824219,610135
2024-01-12T18:30,89.19000244140625,89.25,88.73999786376953,88.9800033569336,1188722
2024-01-16T14:30,88.41999816894531,89.29000091552734,88.1500015258789,89.16000366210938,989362
2024-01-16T16:30,89.16999816894531,89.41000366210938,89.05999755859375,89.16000366210938,550673
2024-01-16T18:30,89.16999816894531,89.2300033569336,88.33000183105469,88.56999969482422,1196623
2024-01-17T14:30,88.2300033569336,89.16999816894531,87.72000122070312,87.72000122070312,872348
2024-01-17T16:30,87.72000122070312,87.83000183105469,86.72000122070312,86.72000122070312,694711
2024-01-17T18:30,86.7300033569336,87.5199966430664,86.7300033569336,87.4800033569336,1206293
2024-01-18T14:30,87.26000213623047,87.2699966430664,86.18000030517578,86.36000061035156,629955
2024-01-18T16:30,86.3499984741211,86.55999755859375,86.16999816894531,86.3499984741211,460742
2024-01-18T18:30,86.33999633789062,86.77999877929688,86.2300033569336,86.5999984741211,873990
2024-01-19T14:30,87.01000213623047,87.01000213623047,86.0199966430664,86.4800033569336,562383
2024-01-19T16:30,86.4800033569336,86.5,86.02999877929688,86.36000061035156,428499
2024-01-19T18:30,86.37000274658203,86.6500015258789,86.25,86.37000274658203,1212684
2024-01-22T14:30,86.37999725341797,87.01000213623047,86.12999725341797,86.1500015258789,549330
2024-01-22T16:30,86.13999938964844,86.16999816894531,85.61000061035156,85.66999816894531,379711
2024-01-22T18:30,85.69000244140625,86.1500015258789,85.56999969482422,85.88999938964844,947819
2024-01-23T14:30,85.8499984741211,86.69000244140625,85.8499984741211,86.16000366210938,604475
2024-01-23T16:30,86.16000366210938,86.36000061035156,86.06999969482422,86.16999816894531,367066
2024-01-23T18:30,86.16000366210938,86.44999694824219,86.0199966430664,86.37999725341797,1211252
2024-01-24T14:30,86.77999877929688,86.87000274658203,85.06999969482422,85.45999908447266,648415
2024-01-24T16:30,85.45999908447266,85.61000061035156,85.12000274658203,85.27999877929688,535578
2024-01-24T18:30,85.27999877929688,85.62000274658203,85.16000366210938,85.44000244140625,1762125
2024-01-25T14:30,86.37999725341797,86.45999908447266,85.33000183105469,85.62999725341797,529988
2024-01-25T16:30,85.62999725341797,85.98999786376953,85.41999816894531,85.80000305175781,444602
2024-01-25T18:30,85.83000183105469,86.55000305175781,85.83000183105469,86.5199966430664,1042274
2024-01-26T14:30,86.41000366210938,87.01000213623047,86.05999755859375,86.70999908447266,989655
2024-01-26T16:30,86.72000122070312,86.91999816894531,86.37999725341797,86.58000183105469,480027
2024-01-26T18:30,86.58000183105469,86.7300033569336,86.41999816894531,86.62999725341797,1353188
2024-01-29T14:30,86.7699966430664,86.80000305175781,86.12000274658203,86.69999694824219,494224
2024-01-29T16:30,86.66999816894531,86.76000213623047,86.44000244140625,86.51000213623047,464643
2024-01-29T18:30,86.5199966430664,86.91000366210938,86.30999755859375,86.54000091552734,1442041
2024-01-30T14:30,86.45999908447266,86.45999908447266,85.62999725341797,85.9800033569336,708361
2024-01-30T16:30,85.98999786376953,86.2699966430664,85.91000366210938,86.2300033569336,472547
2024-01-30T18:30,86.2300033569336,86.8499984741211,86.16000366210938,86.31999969482422,1136522
2024-01-31T14:30,86.83000183105469,87.63999938964844,86.41000366210938,87.22000122070312,635620
2024-01-31T16:30,87.2300033569336,87.43000030517578,87.05999755859375,87.12999725341797,477080
2024-01-31T18:30,87.12999725341797,87.19000244140625,86.11000061035156,86.58999633789062,1324107
2024-02-01T14:30,86.16000366210938,87.56999969482422,85.61000061035156,87.3499984741211,625428
2024-02-01T16:30,87.38999938964844,88.04000091552734,87.38999938964844,87.95999908447266,473386
2024-02-01T18:30,87.94999694824219,88.41999816894531,87.72000122070312,88.36000061035156,882811
2024-02-02T14:30,87.51000213623047,87.73999786376953,86.63999938964844,86.95999908447266,813470
2024-02-02T16:30,86.97000122070312,87.22000122070312,86.30000305175781,86.87000274658203,432797
2024-02-02T18:30,86.88999938964844,87.66999816894531,86.83000183105469,86.93000030517578,830849
2024-02-05T14:30,86.29000091552734,86.5999984741211,85.62000274658203,86.56999969482422,586406
2024-02-05T16:30,86.58000183105469,86.5999984741211,85.91999816894531,85.97000122070312,400402
2024-02-05T18:30,85.97000122070312,86.80999755859375,85.91000366210938,86.05000305175781,1507457
2024-02-06T14:30,85.91999816894531,86.06999969482422,85.68000030517578,85.95999908447266,420043
2024-02-06T16:30,85.97000122070312,86.16999816894531,85.61000061035156,86.02999877929688,413289
2024-02-06T18:30,86.02999877929688,86.20999908447266,85.83000183105469,85.88999938964844,932439
2024-02-07T14:30,86.26000213623047,86.30000305175781,85.63999938964844,85.93000030517578,465557
2024-02-07T16:30,85.94000244140625,86.16999816894531,85.8499984741211,85.97000122070312,381131
2024-02-07T18:30,85.95999908447266,86.38999938964844,85.83000183105469,86.30000305175781,986866
2024-02-08T14:30,85.61000061035156,86.0199966430664,84.19999694824219,84.26000213623047,1300428
2024-02-08T16:30,84.25,84.41999816894531,83.6500015258789,83.66999816894531,1056256
2024-02-08T18:30,83.66999816894531,83.83999633789062,82.6500015258789,83.68000030517578,2566327
2024-02-09T14:30,83.36000061035156,83.79000091552734,82.81999969482422,83.31999969482422,1124708
2024-02-09T16:30,83.31999969482422,83.38999938964844,82.88999938964844,83.05999755859375,702239
2024-02-09T18:30,83.06999969482422,83.33999633789062,82.80000305175781,82.81999969482422,2068333
2024-02-12T14:30,82.7300033569336,83.41999816894531,82.37999725341797,83.4000015258789,1101492
2024-02-12T16:30,83.38999938964844,83.83000183105469,83.37999725341797,83.79000091552734,614966
2024-02-12T18:30,83.80000305175781,83.9000015258789,83.30000305175781,83.7300033569336,1540224
2024-02-13T14:30,83.68000030517578,83.97000122070312,81.58999633789062,82.05000305175781,1041320
2024-02-13T16:30,82.05000305175781,82.55999755859375,81.87999725341797,82.54000091552734,581252
2024-02-13T18:30,82.55999755859375,82.80999755859375,82.22000122070312,82.7699966430664,1069726
2024-02-14T14:30,82.5,83.12000274658203,82.20999908447266,82.95999908447266,680669
2024-02-14T16:30,82.94999694824219,83.05999755859375,82.41999816894531,82.68000030517578,603552
2024-02-14T18:30,82.68000030517578,82.72000122070312,82.16000366210938,82.5199966430664,1286844
2024-02-15T14:30,82.91000366210938,84.01000213623047,82.7300033569336,83.33000183105469,798056
2024-02-15T16:30,83.30999755859375,83.91999816894531,83.30999755859375,83.91000366210938,540388
2024-02-15T18:30,83.91000366210938,84.44999694824219,83.70999908447266,84.4000015258789,1141248
2024-02-16T14:30,84.13999938964844,84.2699966430664,83.25,84.16999816894531,746757
2024-02-16T16:30,84.16000366210938,84.30999755859375,84.05000305175781,84.13999938964844,479613
2024-02-16T18:30,84.16000366210938,84.37999725341797,83.86000061035156,83.95999908447266,1216194
2024-02-20T14:30,84.06999969482422,84.77999877929688,83.62999725341797,84.33999633789062,618157
2024-02-20T16:30,84.37000274658203,84.38999938964844,83.97000122070312,84.05000305175781,477658
2024-02-20T18:30,84.04000091552734,84.2699966430664,83.88999938964844,84.04000091552734,879638
2024-02-21T14:30,84.26000213623047,85.12000274658203,84.08999633789062,84.9000015258789,586468
2024-02-21T16:30,84.9000015258789,85.23999786376953,84.81999969482422,85,577532
2024-02-21T18:30,85,85.04000091552734,84.58000183105469,84.9800033569336,1211929
2024-02-22T14:30,84.33999633789062,84.41999816894531,83.43000030517578,83.83999633789062,1299059
2024-02-22T16:30,83.87000274658203,84.41999816894531,83.7300033569336,84.36000061035156,998662
2024-02-22T18:30,84.37000274658203,84.61000061035156,84.16000366210938,84.19000244140625,1208766
2024-02-23T14:30,84.44000244140625,85.29000091552734,84,84.79000091552734,605291
2024-02-23T16:30,84.77999877929688,85.01000213623047,84.5999984741211,84.86000061035156,285959
2024-02-23T18:30,84.8499984741211,85.16999816894531,84.72000122070312,84.72000122070312,832981
2024-02-26T14:30,84.5,84.58999633789062,83.48999786376953,83.5999984741211,630113
2024-02-26T16:30,83.5999984741211,83.61000061035156,83.2300033569336,83.2699966430664,655293
2024-02-26T18:30,83.2699966430664,83.31999969482422,82.72000122070312,82.8499984741211,1499552
2024-02-27T14:30,82.83000183105469,83.45999908447266,82.66000366210938,82.87000274658203,704085
2024-02-27T16:30,82.87000274658203,83.18000030517578,82.79000091552734,83,540437
2024-02-27T18:30,83,83.08000183105469,82.7300033569336,83.0199966430664,1193026
2024-02-28T14:30,82.93000030517578,83.38999938964844,82.69999694824219,82.77999877929688,564002
2024-02-28T16:30,82.77999877929688,82.95999908447266,82.68000030517578,82.80999755859375,470520
2024-02-28T18:30,82.81999969482422,83,82.63999938964844,82.93000030517578,1263330
2024-02-29T14:30,83.20999908447266,83.98999786376953,82.94000244140625,83.93000030517578,732300
2024-02-29T16:30,83.91999816894531,83.91999816894531,83.33000183105469,83.68000030517578,973917
2024-02-29T18:30,83.66999816894531,84.1500015258789,83.63999938964844,83.91999816894531,1473695
2024-03-01T14:30,83.83999633789062,83.95999908447266,82.33000183105469,82.9800033569336,719055
2024-03-01T16:30,82.95999908447266,83.18000030517578,82.75,83.16000366210938,469863
2024-03-01T18:30,83.16000366210938,83.33000183105469,82.7699966430664,83.0199966430664,1351433
2024-03-04T14:30,82.44999694824219,83.62999725341797,82.44999694824219,83.45999908447266,887210
2024-03-04T16:30,83.47000122070312,83.95999908447266,83.37999725341797,83.73999786376953,710314
2024-03-04T18:30,83.75,84.58000183105469,83.55000305175781,84.45999908447266,1411243
2024-03-05T14:30,84.79000091552734,86.1500015258789,84.37000274658203,85.52999877929688,1354477
2024-03-05T16:30,85.52999877929688,85.66000366210938,84.4800033569336,85.01000213623047,762396
2024-03-05T18:30,85,85.05999755859375,84.41999816894531,84.69999694824219,1060132
2024-03-06T14:30,85.41999816894531,85.98999786376953,84.95999908447266,85.83000183105469,998357
2024-03-06T16:30,85.83999633789062,86.19000244140625,85.45999908447266,86.01000213623047,996563
2024-03-06T18:30,86,86.06999969482422,85.43000030517578,85.98999786376953,1399494
2024-03-07T14:30,86.7300033569336,86.93000030517578,86.11000061035156,86.56999969482422,711997
2024-03-07T16:30,86.56999969482422,86.69000244140625,86.30999755859375,86.38999938964844,477311
2024-03-07T18:30,86.38999938964844,86.58999633789062,86.2699966430664,86.31999969482422,924716
2024-03-08T14:30,86.33999633789062,86.76000213623047,85.72000122070312,86.7300033569336,526271
2024-03-08T16:30,86.73999786376953,86.91999816894531,86.30000305175781,86.79000091552734,455332
2024-03-08T18:30,86.80000305175781,86.88999938964844,86.56999969482422,86.77999877929688,899621
2024-03-11T13:30,86.6500015258789,87.29000091552734,86.36000061035156,86.61000061035156,430794
2024-03-11T15:30,86.61000061035156,86.88999938964844,86.54000091552734,86.87999725341797,262595
2024-03-11T17:30,86.9000015258789,87.62999725341797,86.80999755859375,87.58000183105469,947814
2024-03-12T13:30,87.16999816894531,87.95999908447266,87.04000091552734,87.23999786376953,777084
2024-03-12T15:30,87.2300033569336,87.26000213623047,86.52999877929688,86.81999969482422,436340
2024-03-12T17:30,86.80999755859375,87.1500015258789,86.70999908447266,86.80999755859375,925468
2024-03-13T13:30,87.2699966430664,88,87.2699966430664,87.55999755859375,855490
2024-03-13T15:30,87.55000305175781,87.75,87.33999633789062,87.70999908447266,479452
2024-03-13T17:30,87.69999694824219,87.7699966430664,87.18000030517578,87.2699966430664,1425541
2024-03-14T13:30,87.18000030517578,87.55999755859375,86.27999877929688,86.63999938964844,768175
2024-03-14T15:30,86.66000366210938,87.05000305175781,86.31999969482422,86.33999633789062,503962
2024-03-14T17:30,86.33999633789062,86.9000015258789,86.20999908447266,86.86000061035156,1124081
2024-03-15T13:30,86.2300033569336,87.41999816894531,86.2300033569336,86.83000183105469,2162241
2024-03-15T15:30,86.80999755859375,86.87000274658203,86.27999877929688,86.6500015258789,419936
2024-03-15T17:30,86.62999725341797,86.77999877929688,86.41999816894531,86.58999633789062,1022585
2024-03-18T13:30,86.68000030517578,86.97000122070312,86,86.5,679865
2024-03-18T15:30,86.51000213623047,86.87999725341797,86.44999694824219,86.73999786376953,365744
2024-03-18T17:30,86.75,87.02999877929688,86.37999725341797,86.75,1023582
2024-03-19T13:30,87.05000305175781,87.3499984741211,86.58999633789062,86.58999633789062,497897
2024-03-19T15:30,86.5999984741211,86.77999877929688,86.47000122070312,86.4800033569336,440414
2024-03-19T17:30,86.47000122070312,87.0199966430664,86.4000015258789,86.94999694824219,1014867
2024-03-20T13:30,86.80999755859375,87.47000122070312,86.43000030517578,87.2699966430664,473278
2024-03-20T15:30,87.29000091552734,87.44999694824219,87.04000091552734,87.3499984741211,414771
2024-03-20T17:30,87.36000061035156,87.41000366210938,86.72000122070312,87.1500015258789,993723
2024-03-21T13:30,87.26000213623047,87.7699966430664,86.91000366210938,87.44999694824219,694071
2024-03-21T15:30,87.44000244140625,87.51000213623047,86.9800033569336,87.18000030517578,469333
2024-03-21T17:30,87.18000030517578,87.33999633789062,86.75,86.7699966430664,992819
2024-03-22T13:30,87.31999969482422,87.4800033569336,86.9800033569336,87.16000366210938,381730
2024-03-22T15:30,87.1500015258789,87.18000030517578,86.72000122070312,86.77999877929688,458645
2024-03-22T17:30,86.80999755859375,86.86000061035156,86.41000366210938,86.44999694824219,881812
2024-03-25T13:30,86.69999694824219,86.95999908447266,86.4800033569336,86.72000122070312,390752
2024-03-25T15:30,86.70999908447266,86.79000091552734,86.26000213623047,86.33000183105469,420507
2024-03-25T17:30,86.33000183105469,86.69999694824219,86.30999755859375,86.66000366210938,708936
2024-03-26T13:30,86.62999725341797,86.87999725341797,86.05000305175781,86.16000366210938,410126
2024-03-26T15:30,86.1500015258789,86.16999816894531,85.70999908447266,85.75,491895
2024-03-26T17:30,85.75,85.94000244140625,85.51000213623047,85.61000061035156,987155
2024-03-27T13:30,85.98999786376953,87.19000244140625,85.93000030517578,87.12000274658203,759647
2024-03-27T15:30,87.12999725341797,87.38999938964844,86.9800033569336,87.3499984741211,287501
2024-03-27T17:30,87.33999633789062,87.8499984741211,87.12999725341797,87.81999969482422,1000488
2024-03-28T13:30,87.86000061035156,88.18000030517578,87.5199966430664,88.0199966430664,367961
2024-03-28T15:30,88.01000213623047,88.19000244140625,87.91000366210938,88.11000061035156,233582
2024-03-28T17:30,88.0999984741211,88.51000213623047,88.05000305175781,88.36000061035156,821970
2024-04-01T13:30,88.19000244140625,88.2699966430664,87.16000366210938,87.58999633789062,383499
2024-04-01T15:30,87.5999984741211,87.7300033569336,87.41000366210938,87.69000244140625,226947
2024-04-01T17:30,87.68000030517578,87.94999694824219,87.47000122070312,87.76000213623047,552524
2024-04-02T13:30,87.86000061035156,88.97000122070312,87.2300033569336,88.43000030517578,634181
2024-04-02T15:30,88.44000244140625,88.55999755859375,88.30000305175781,88.47000122070312,253591
2024-04-02T17:30,88.45999908447266,88.58000183105469,88.13999938964844,88.22000122070312,744024
2024-04-03T13:30,88.19000244140625,88.29000091552734,87.68000030517578,87.9800033569336,389010
2024-04-03T15:30,87.9800033569336,88.1500015258789,87.70999908447266,87.86000061035156,434457
2024-04-03T17:30,87.86000061035156,87.91999816894531,87.58000183105469,87.69000244140625,930098
2024-04-04T13:30,88.4000015258789,88.5199966430664,87.33000183105469,87.94999694824219,606206
2024-04-04T15:30,87.91999816894531,88.0199966430664,87.5999984741211,87.8499984741211,350040
2024-04-04T17:30,87.83999633789062,88.04000091552734,86.98999786376953,87.8499984741211,1103256
2024-04-05T13:30,87.47000122070312,87.87999725341797,86.95999908447266,87.54000091552734,604783
2024-04-05T15:30,87.5199966430664,87.9000015258789,87.26000213623047,87.4000015258789,466902
2024-04-05T17:30,87.4000015258789,87.91000366210938,87.2699966430664,87.6500015258789,916049
2024-04-08T13:30,87.38999938964844,88.19999694824219,87.30999755859375,87.66999816894531,445250
2024-04-08T15:30,87.66999816894531,88.06999969482422,87.52999877929688,87.9000015258789,363185
2024-04-08T17:30,87.87999725341797,88.2300033569336,87.77999877929688,88.01000213623047,834280
2024-04-09T13:30,88.37000274658203,88.66000366210938,87.83000183105469,88.19000244140625,421546
2024-04-09T15:30,88.16000366210938,88.51000213623047,88.0999984741211,88.41000366210938,376070
2024-04-09T17:30,88.41999816894531,89.08999633789062,88.4000015258789,88.93000030517578,1201296
2024-04-10T13:30,87.45999908447266,87.80000305175781,86.83999633789062,87.02999877929688,553937
2024-04-10T15:30,87.0199966430664,87.02999877929688,86.37000274658203,86.70999908447266,544468
2024-04-10T17:30,86.70999908447266,87.33000183105469,86.5999984741211,87.16999816894531,882652
2024-04-11T13:30,87.93000030517578,87.94000244140625,86.37000274658203,86.51000213623047,393289
2024-04-11T15:30,86.51000213623047,87.27999877929688,86.47000122070312,87.22000122070312,367427
2024-04-11T17:30,87.19999694824219,87.47000122070312,87,87.06999969482422,929933
2024-04-12T13:30,87.4000015258789,87.66000366210938,87.05999755859375,87.12999725341797,414157
2024-04-12T15:30,87.12999725341797,87.37000274658203,86.48999786376953,86.48999786376953,431946
2024-04-12T17:30,86.4800033569336,87.12999725341797,86.45999908447266,86.70999908447266,888936
2024-04-15T13:30,87.2300033569336,87.38999938964844,85.66000366210938,85.88999938964844,642487
2024-04-15T15:30,85.91000366210938,86.23999786376953,85.79000091552734,85.87000274658203,393678
2024-04-15T17:30,85.86000061035156,86.22000122070312,85.61000061035156,86.01000213623047,921600
2024-04-16T13:30,85.9000015258789,85.9000015258789,84.75,85.12000274658203,614510
2024-04-16T15:30,85.12999725341797,85.62999725341797,85.02999877929688,85.41000366210938,344622
2024-04-16T17:30,85.41999816894531,85.54000091552734,84.77999877929688,84.86000061035156,946017
2024-04-17T13:30,85.51000213623047,85.8499984741211,85.16999816894531,85.3499984741211,399590
2024-04-17T15:30,85.33000183105469,86.16999816894531,85.20999908447266,86.16000366210938,303272
2024-04-17T17:30,86.13999938964844,86.58999633789062,85.98999786376953,86.36000061035156,695300
2024-04-18T13:30,86.7300033569336,86.81999969482422,86.08999633789062,86.41000366210938,310565
2024-04-18T15:30,86.41999816894531,86.75,86.26000213623047,86.75,239312
2024-04-18T17:30,86.72000122070312,87.76000213623047,86.56999969482422,87.6500015258789,1520764
2024-04-19T13:30,87.81999969482422,88.97000122070312,87.70999908447266,88.87000274658203,861649
2024-04-19T15:30,88.87000274658203,89.70999908447266,88.79000091552734,89.63999938964844,795954
2024-04-19T17:30,89.62999725341797,89.93000030517578,89.29000091552734,89.79000091552734,1524784
2024-04-22T13:30,89.66999816894531,89.9800033569336,89.30000305175781,89.73999786376953,655224
2024-04-22T15:30,89.7699966430664,89.81999969482422,89.5,89.79000091552734,484536
2024-04-22T17:30,89.79000091552734,90.01000213623047,89.27999877929688,89.66000366210938,1146670
2024-04-23T13:30,89.66000366210938,90.5199966430664,89.45999908447266,89.94999694824219,565784
2024-04-23T15:30,89.94000244140625,90.08999633789062,89.81999969482422,89.98999786376953,471897
2024-04-23T17:30,89.98999786376953,90,89.52999877929688,89.75,684622
2024-04-24T13:30,89.11000061035156,89.94000244140625,88.3499984741211,89.91999816894531,462111
2024-04-24T15:30,89.91000366210938,90.2699966430664,89.87999725341797,90.1500015258789,294318
2024-04-24T17:30,90.1500015258789,90.63999938964844,90.08000183105469,90.41999816894531,979298
2024-04-25T13:30,90.31999969482422,90.5999984741211,89.56999969482422,90.43000030517578,610776
2024-04-25T15:30,90.41999816894531,91.0199966430664,90.41000366210938,90.91999816894531,424310
2024-04-25T17:30,90.91999816894531,90.9800033569336,90.33999633789062,90.5,885280
2024-04-26T13:30,90.47000122070312,90.66999816894531,89.51000213623047,89.6500015258789,400553
2024-04-26T15:30,89.6500015258789,89.70999908447266,89.37000274658203,89.37000274658203,241075
2024-04-26T17:30,89.37000274658203,89.70999908447266,89.20999908447266,89.27999877929688,741753
2024-04-29T13:30,89.77999877929688,90.54000091552734,89.75,90.19999694824219,371745
2024-04-29T15:30,90.19000244140625,90.30000305175781,90.05999755859375,90.11000061035156,241232
2024-04-29T17:30,90.11000061035156,90.2300033569336,89.9000015258789,90.22000122070312,698443
2024-04-30T13:30,89.81999969482422,89.87999725341797,89.23999786376953,89.83999633789062,402044
2024-04-30T15:30,89.88999938964844,90.30000305175781,89.83999633789062,90.18000030517578,305127
2024-04-30T17:30,90.18000030517578,90.41000366210938,89.69000244140625,89.79000091552734,971660
2024-05-01T13:30,89.51000213623047,90.63999938964844,89.08999633789062,90.52999877929688,611756
2024-05-01T15:30,90.55999755859375,91.4000015258789,90.54000091552734,91.30000305175781,1120813
2024-05-01T17:30,91.31999969482422,91.9000015258789,91.08000183105469,91.16000366210938,2266602
2024-05-02T13:30,91.37999725341797,91.45999908447266,90.29000091552734,90.33000183105469,576567
2024-05-02T15:30,90.33999633789062,90.5199966430664,90.08999633789062,90.51000213623047,350868
2024-05-02T17:30,90.5199966430664,91.06999969482422,90.41000366210938,90.73999786376953,1081261
2024-05-03T13:30,91.25,91.66999816894531,90.55999755859375,90.9800033569336,591573
2024-05-03T15:30,91.0199966430664,91.36000061035156,90.94000244140625,91.26000213623047,373301
2024-05-03T17:30,91.26000213623047,91.69000244140625,91.18000030517578,91.62000274658203,1266337
2024-05-06T13:30,91.83000183105469,92.05999755859375,91.25,91.38999938964844,599224
2024-05-06T15:30,91.4000015258789,91.66999816894531,91.25,91.63999938964844,384824
2024-05-06T17:30,91.62999725341797,91.9000015258789,91.4800033569336,91.77999877929688,957426
2024-05-07T13:30,92.30000305175781,93.08000183105469,91.66000366210938,92.70999908447266,1089424
2024-05-07T15:30,92.69999694824219,92.93000030517578,92.55999755859375,92.7699966430664,497453
2024-05-07T17:30,92.75,93.54000091552734,92.5,93.4000015258789,1295680
2024-05-08T13:30,93.5999984741211,93.80000305175781,92.93000030517578,93.5999984741211,864055
2024-05-08T15:30,93.61000061035156,93.70999908447266,93.16999816894531,93.22000122070312,598765
2024-05-08T17:30,93.22000122070312,93.68000030517578,92.91000366210938,93.58000183105469,1245148
2024-05-09T13:30,93.44000244140625,94.1500015258789,93.20999908447266,93.88999938964844,642968
2024-05-09T15:30,93.87999725341797,94.08000183105469,93.62999725341797,93.75,512542
2024-05-09T17:30,93.76000213623047,94.16999816894531,93.75,94.13999938964844,1125889
2024-05-10T13:30,94.56999969482422,94.70999908447266,93.76000213623047,94.33999633789062,961432
2024-05-10T15:30,94.33999633789062,94.51000213623047,93.9800033569336,94.12000274658203,420269
2024-05-10T17:30,94.11000061035156,94.2699966430664,93.7699966430664,93.81999969482422,944515
2024-05-13T13:30,93.8499984741211,94.87999725341797,93.7699966430664,94.12999725341797,553236
2024-05-13T15:30,94.06999969482422,94.08000183105469,93.83999633789062,93.91999816894531,294482
2024-05-13T17:30,93.93000030517578,94.33999633789062,93.91000366210938,94.0199966430664,849261
2024-05-14T13:30,94.2699966430664,94.36000061035156,93.48999786376953,93.58000183105469,471632
2024-05-14T15:30,93.58999633789062,93.80999755859375,93.41999816894531,93.47000122070312,447625
2024-05-14T17:30,93.47000122070312,93.69999694824219,93.43000030517578,93.4800033569336,868079
2024-05-15T13:30,94.4000015258789,94.62999725341797,94,94.52999877929688,590801
2024-05-15T15:30,94.51000213623047,94.7300033569336,94.2300033569336,94.51000213623047,551002
2024-05-15T17:30,94.51000213623047,94.5999984741211,94.26000213623047,94.45999908447266,964986
2024-05-16T13:30,94.41999816894531,95.30000305175781,94.41999816894531,95.12999725341797,659029
2024-05-16T15:30,95.11000061035156,95.12000274658203,94.88999938964844,94.94000244140625,626379
2024-05-16T17:30,94.93000030517578,95.20999908447266,94.79000091552734,94.88999938964844,1472789
2024-05-17T13:30,95.19999694824219,95.86000061035156,94.55000305175781,95.70999908447266,852816
2024-05-17T15:30,95.72000122070312,95.88999938964844,95.44999694824219,95.56999969482422,718041
2024-05-17T17:30,95.56999969482422,95.93000030517578,95.4000015258789,95.87999725341797,1270002
2024-05-20T13:30,95.93000030517578,95.93000030517578,95.37000274658203,95.8499984741211,447142
2024-05-20T15:30,95.8499984741211,95.87000274658203,95.58000183105469,95.81999969482422,346140
2024-05-20T17:30,95.80999755859375,95.83999633789062,95.44000244140625,95.69000244140625,797486
2024-05-21T13:30,95.80000305175781,96.54000091552734,95.30000305175781,95.77999877929688,456333
2024-05-21T15:30,95.79000091552734,96.23999786376953,95.66000366210938,96.18000030517578,323514
2024-05-21T17:30,96.18000030517578,96.44000244140625,95.91000366210938,96.31999969482422,1459435
2024-05-22T13:30,95.9000015258789,96.33999633789062,95.5999984741211,96.20999908447266,597817
2024-05-22T15:30,96.20999908447266,96.30000305175781,95.81999969482422,95.83000183105469,440070
2024-05-22T17:30,95.83000183105469,95.83999633789062,95.19999694824219,95.45999908447266,1102353
2024-05-23T13:30,95.06999969482422,95.20999908447266,93.79000091552734,94.3499984741211,644798
2024-05-23T15:30,94.3499984741211,94.56999969482422,94.26000213623047,94.51000213623047,361012
2024-05-23T17:30,94.5,94.51000213623047,93.88999938964844,93.98999786376953,934368
2024-05-24T13:30,94.16000366210938,94.5999984741211,93.94000244140625,94.45999908447266,538270
2024-05-24T15:30,94.45999908447266,94.47000122070312,93.83999633789062,94.19999694824219,357205
2024-05-24T17:30,94.19000244140625,94.30000305175781,94.05999755859375,94.2699966430664,580332
2024-05-28T13:30,94.05000305175781,94.76000213623047,93.66999816894531,93.70999908447266,448872
2024-05-28T15:30,93.7300033569336,93.87999725341797,93.4000015258789,93.4000015258789,384345
2024-05-28T17:30,93.37999725341797,93.66999816894531,93.30999755859375,93.4000015258789,861650
2024-05-29T13:30,92.79000091552734,93.08999633789062,92.33000183105469,92.37000274658203,561022
2024-05-29T15:30,92.37999725341797,92.66999816894531,92.33999633789062,92.66999816894531,302436
2024-05-29T17:30,92.66999816894531,92.95999908447266,92.38999938964844,92.70999908447266,926865
2024-05-30T13:30,93.0199966430664,93.26000213623047,92.31999969482422,92.7300033569336,628934
2024-05-30T15:30,92.73999786376953,93.08999633789062,92.58999633789062,93.05000305175781,290171
2024-05-30T17:30,93.06999969482422,93.55000305175781,93.01000213623047,93.48999786376953,938928
2024-05-31T13:30,93.79000091552734,95.05999755859375,93.63999938964844,94.73999786376953,803981
2024-05-31T15:30,94.7300033569336,94.94999694824219,94.55000305175781,94.76000213623047,319330
2024-05-31T17:30,94.73999786376953,95.66000366210938,94.72000122070312,95.61000061035156,1063720
2024-06-03T13:30,95.1500015258789,95.81999969482422,94.9000015258789,95.12000274658203,501071
2024-06-03T15:30,95.12999725341797,95.37000274658203,94.91999816894531,95.12000274658203,296909
2024-06-03T17:30,95.0999984741211,95.58999633789062,95.0999984741211,95.44999694824219,977892
2024-06-04T13:30,95.30000305175781,96.12000274658203,95.11000061035156,95.62999725341797,722120
2024-06-04T15:30,95.62000274658203,96.33999633789062,95.33999633789062,96.33999633789062,446092
2024-06-04T17:30,96.3499984741211,96.79000091552734,96.30000305175781,96.55000305175781,1197343
2024-06-05T13:30,96.36000061035156,96.54000091552734,95.68000030517578,95.79000091552734,457073
2024-06-05T15:30,95.79000091552734,96.01000213623047,95.44999694824219,95.48999786376953,301172
2024-06-05T17:30,95.48999786376953,95.5,95.08999633789062,95.2699966430664,1018460
2024-06-06T13:30,95.0999984741211,95.81999969482422,94.62000274658203,95.4000015258789,473209
2024-06-06T15:30,95.41000366210938,95.6500015258789,94.94000244140625,95.22000122070312,309040
2024-06-06T17:30,95.20999908447266,95.27999877929688,94.79000091552734,94.94999694824219,758234
2024-06-07T13:30,94.1500015258789,95.08999633789062,93.9000015258789,94.77999877929688,418161
2024-06-07T15:30,94.79000091552734,95.79000091552734,94.68000030517578,94.9000015258789,279148
2024-06-07T17:30,94.9000015258789,95,94.66999816894531,94.73999786376953,602680
2024-06-10T13:30,94.61000061035156,95.05000305175781,94.06999969482422,94.4000015258789,306452
2024-06-10T15:30,94.43000030517578,94.62999725341797,94.30999755859375,94.52999877929688,255811
2024-06-10T17:30,94.55000305175781,94.9000015258789,94.48999786376953,94.63999938964844,792603
2024-06-11T13:30,94.1500015258789,94.69000244140625,93.48999786376953,94.69000244140625,403287
2024-06-11T15:30,94.68000030517578,94.76000213623047,94.18000030517578,94.30000305175781,241741
2024-06-11T17:30,94.33000183105469,94.56999969482422,93.9000015258789,94.5,1161718
2024-06-12T13:30,95.06999969482422,95.30999755859375,93.1500015258789,93.5199966430664,611246
2024-06-12T15:30,93.5199966430664,93.86000061035156,93.41999816894531,93.62999725341797,427483
2024-06-12T17:30,93.62999725341797,93.88999938964844,93.19000244140625,93.52999877929688,954911
2024-06-13T13:30,93.48999786376953,93.95999908447266,92.70999908447266,92.8499984741211,388385
2024-06-13T15:30,92.86000061035156,93.6500015258789,92.83000183105469,93.45999908447266,225581
2024-06-13T17:30,93.4800033569336,93.87999725341797,93.38999938964844,93.41000366210938,531389
2024-06-14T13:30,93.12000274658203,93.97000122070312,92.91999816894531,93.97000122070312,456284
2024-06-14T15:30,93.97000122070312,94.27999877929688,93.81999969482422,94.20999908447266,467697
2024-06-14T17:30,94.20999908447266,94.5,94.1500015258789,94.5,1006361
2024-06-17T13:30,94.0999984741211,94.2300033569336,93.0999984741211,93.52999877929688,641946
2024-06-17T15:30,93.54000091552734,93.77999877929688,93.45999908447266,93.45999908447266,492830
2024-06-17T17:30,93.45999908447266,93.69999694824219,92.94000244140625,93.05000305175781,1107801
2024-06-18T13:30,92.97000122070312,93.3499984741211,92.0199966430664,92.5199966430664,661625
2024-06-18T15:30,92.52999877929688,92.77999877929688,92.23999786376953,92.41000366210938,377990
2024-06-18T17:30,92.38999938964844,92.47000122070312,92.12000274658203,92.3499984741211,806655
2024-06-20T13:30,92.52999877929688,92.97000122070312,91.94000244140625,91.97000122070312,590208
2024-06-20T15:30,91.95999908447266,92.19999694824219,91.75,92.16000366210938,536823
2024-06-20T17:30,92.19000244140625,92.55000305175781,92.16999816894531,92.4000015258789,1279607
2024-06-21T13:30,92.56999969482422,93.2699966430664,92.16000366210938,92.25,1922148
2024-06-21T15:30,92.20999908447266,92.30000305175781,91.87999725341797,92.29000091552734,282263
2024-06-21T17:30,92.29000091552734,92.36000061035156,91.88999938964844,92.12000274658203,943681
2024-06-24T13:30,92.29000091552734,94,92.0999984741211,93.5199966430664,501358
2024-06-24T15:30,93.5199966430664,93.58000183105469,93.31999969482422,93.5199966430664,245831
2024-06-24T17:30,93.52999877929688,93.94999694824219,93.3499984741211,93.70999908447266,680053
2024-06-25T13:30,93.44000244140625,93.6500015258789,92.62999725341797,92.73999786376953,399228
2024-06-25T15:30,92.73999786376953,92.7699966430664,92.3499984741211,92.62000274658203,310619
2024-06-25T17:30,92.61000061035156,92.62000274658203,92.26000213623047,92.52999877929688,578082
2024-06-26T13:30,92.16000366210938,92.30000305175781,91.6500015258789,92.13999938964844,352382
2024-06-26T15:30,92.1500015258789,92.48999786376953,92.11000061035156,92.16999816894531,212971
2024-06-26T17:30,92.16000366210938,92.47000122070312,92,92.26000213623047,653820
2024-06-27T13:30,92.30000305175781,92.75,92.06999969482422,92.7300033569336,325980
2024-06-27T15:30,92.75,92.91000366210938,92.54000091552734,92.7699966430664,347333
2024-06-27T17:30,92.7699966430664,93.12000274658203,92.6500015258789,92.86000061035156,883718
2024-06-28T13:30,92.83999633789062,93,92.13999938964844,92.26000213623047,483067
2024-06-28T15:30,92.25,92.37000274658203,91.9800033569336,92.11000061035156,296005
2024-06-28T17:30,92.11000061035156,92.56999969482422,92.04000091552734,92.51000213623047,913145
2024-07-01T13:30,92.97000122070312,93.45999908447266,91.87000274658203,91.95999908447266,499224
2024-07-01T15:30,92,92.1500015258789,91.81999969482422,91.9800033569336,348697
2024-07-01T17:30,91.97000122070312,92.0199966430664,91.63999938964844,91.69000244140625,749887
2024-07-02T13:30,91.95999908447266,92.30999755859375,91.75,91.79000091552734,318180
2024-07-02T15:30,91.80999755859375,91.91999816894531,91.58999633789062,91.72000122070312,210629
2024-07-02T17:30,91.72000122070312,92.19000244140625,91.56999969482422,92.12999725341797,769032
2024-07-03T13:30,92.04000091552734,93.29000091552734,91.94999694824219,92.08999633789062,397121
2024-07-03T15:30,92.0999984741211,92.38999938964844,91.87000274658203,92.1500015258789,667148
2024-07-05T13:30,92.30000305175781,92.73999786376953,91.87999725341797,92.58999633789062,477131
2024-07-05T15:30,92.58000183105469,93.19000244140625,92.48999786376953,92.76000213623047,285422
2024-07-05T17:30,92.76000213623047,92.8499984741211,92.37999725341797,92.81999969482422,671444
2024-07-08T13:30,92.70999908447266,93.30000305175781,92.33000183105469,92.77999877929688,400876
2024-07-08T15:30,92.79000091552734,93.58000183105469,92.7699966430664,93.19000244140625,364858
2024-07-08T17:30,93.19000244140625,93.33000183105469,92.80999755859375,92.87999725341797,906154
2024-07-09T13:30,92.83999633789062,93.58999633789062,92.58000183105469,93.13999938964844,665371
2024-07-09T15:30,93.1500015258789,93.52999877929688,93.02999877929688,93.37999725341797,559919
2024-07-09T17:30,93.37999725341797,93.47000122070312,92.97000122070312,93.18000030517578,1127086
2024-07-10T13:30,93.44999694824219,94.41999816894531,93.12999725341797,94.37999725341797,750650
2024-07-10T15:30,94.37000274658203,94.9800033569336,94.20999908447266,94.7699966430664,503481
2024-07-10T17:30,94.7699966430664,94.94999694824219,94.54000091552734,94.87999725341797,1225715
2024-07-11T13:30,95.12000274658203,96.36000061035156,94.75,96.30000305175781,890794
2024-07-11T15:30,96.29000091552734,96.80999755859375,96.06999969482422,96.4000015258789,768436
2024-07-11T17:30,96.4000015258789,96.66000366210938,96,96.4000015258789,1116199
2024-07-12T13:30,96.62000274658203,97.4000015258789,96.23999786376953,97.13999938964844,609522
2024-07-12T15:30,97.13999938964844,97.47000122070312,97.04000091552734,97.47000122070312,327883
2024-07-12T17:30,97.45999908447266,97.73999786376953,97.20999908447266,97.29000091552734,996778
2024-07-15T13:30,96.62999725341797,97.13999938964844,96.1500015258789,96.18000030517578,621579
2024-07-15T15:30,96.19999694824219,97.22000122070312,96,96.88999938964844,512206
2024-07-15T17:30,96.88999938964844,97.2699966430664,96.75,97.23999786376953,983729
2024-07-16T13:30,98.12000274658203,99,97.69999694824219,98.19000244140625,841045
2024-07-16T15:30,98.18000030517578,98.6500015258789,98.06999969482422,98.19999694824219,510038
2024-07-16T17:30,98.16999816894531,98.36000061035156,97.88999938964844,98.33000183105469,1061853
2024-07-17T13:30,98.81999969482422,100.08999633789062,97.51000213623047,99.26000213623047,885092
2024-07-17T15:30,99.25,99.83999633789062,99.19999694824219,99.58000183105469,584467
2024-07-17T17:30,99.58999633789062,99.81999969482422,98.9000015258789,99.23999786376953,1375591
2024-07-18T13:30,98.7699966430664,100.22000122070312,98.5,100.13999938964844,677520
2024-07-18T15:30,100.1500015258789,100.2300033569336,99.23999786376953,99.41999816894531,495003
2024-07-18T17:30,99.41999816894531,99.47000122070312,98.62999725341797,98.69000244140625,880232
2024-07-19T13:30,99.30000305175781,99.31999969482422,98.1500015258789,98.43000030517578,569673
2024-07-19T15:30,98.43000030517578,98.73999786376953,98.20999908447266,98.22000122070312,307336
2024-07-19T17:30,98.19999694824219,98.87999725341797,98.12000274658203,98.72000122070312,756008
2024-07-22T13:30,98.69999694824219,99.22000122070312,98.37000274658203,99.13999938964844,474798
2024-07-22T15:30,99.13999938964844,99.31999969482422,98.88999938964844,99.20999908447266,312599
2024-07-22T17:30,99.20999908447266,99.41000366210938,99.06999969482422,99.26000213623047,652792
2024-07-23T13:30,99.19999694824219,99.36000061035156,98.87000274658203,99.02999877929688,330086
2024-07-23T15:30,99.05000305175781,99.54000091552734,99.04000091552734,99.44000244140625,259364
2024-07-23T17:30,99.44000244140625,99.58999633789062,98.77999877929688,98.87999725341797,602589
2024-07-24T13:30,99.91000366210938,100.2300033569336,98.80000305175781,99.95999908447266,570329
2024-07-24T15:30,99.94000244140625,100.52999877929688,99.9000015258789,100.37000274658203,478860
2024-07-24T17:30,100.37000274658203,100.37999725341797,100,100.25,852806
2024-07-25T13:30,100.61000061035156,101.55000305175781,100.02999877929688,100.5999984741211,873466
2024-07-25T15:30,100.58999633789062,100.93000030517578,99.33000183105469,99.33000183105469,457705
2024-07-25T17:30,99.33000183105469,99.52999877929688,98.70999908447266,99.29000091552734,1027891
2024-07-26T13:30,99.5,100.01000213623047,99.13999938964844,99.97000122070312,383641
2024-07-26T15:30,100,100.12999725341797,99.72000122070312,99.94000244140625,276718
2024-07-26T17:30,99.94000244140625,99.98999786376953,99.5199966430664,99.7300033569336,531138
2024-07-29T13:30,99.94000244140625,100.79000091552734,99.62999725341797,100.5199966430664,577290
2024-07-29T15:30,100.52999877929688,100.66000366210938,100.2300033569336,100.45999908447266,696798
2024-07-29T17:30,100.44999694824219,100.62000274658203,100.1500015258789,100.30999755859375,1031349
2024-07-30T13:30,99.79000091552734,100.76000213623047,99.58999633789062,100.43000030517578,667632
2024-07-30T15:30,100.44000244140625,101.29000091552734,100.44000244140625,100.97000122070312,539545
2024-07-30T17:30,100.97000122070312,101.55999755859375,100.86000061035156,101.44999694824219,963437
2024-07-31T13:30,100.51000213623047,101.30000305175781,100.0999984741211,100.7300033569336,1027053
2024-07-31T15:30,100.72000122070312,100.88999938964844,100.48999786376953,100.5999984741211,432502
2024-07-31T17:30,100.58000183105469,100.91000366210938,100.08000183105469,100.86000061035156,1328257
2024-08-01T13:30,101.31999969482422,102.06999969482422,100.86000061035156,102.06999969482422,700312
2024-08-01T15:30,102.08000183105469,103.19999694824219,101.98999786376953,103.08999633789062,696564
2024-08-01T17:30,103.06999969482422,104.02999877929688,103.02999877929688,103.91000366210938,1887013
2024-08-02T13:30,105.54000091552734,107.69000244140625,103.63999938964844,103.63999938964844,1870813
2024-08-02T15:30,103.62999725341797,104.47000122070312,103.05000305175781,104.1500015258789,758413
2024-08-02T17:30,104.20999908447266,105.2300033569336,103.7300033569336,105.13999938964844,1357955
2024-08-05T13:30,105.31999969482422,106.12999725341797,103.05000305175781,104.19999694824219,1390653
2024-08-05T15:30,104.20999908447266,104.30999755859375,103.18000030517578,103.44000244140625,788517
2024-08-05T17:30,103.4000015258789,103.41999816894531,102.47000122070312,102.52999877929688,2011093
2024-08-06T13:30,103.37000274658203,105.19999694824219,102.77999877929688,104.56999969482422,1160621
2024-08-06T15:30,104.54000091552734,104.94000244140625,104.33000183105469,104.80999755859375,711035
2024-08-06T17:30,104.80000305175781,105.41000366210938,104.18000030517578,104.20999908447266,1480327
2024-08-07T13:30,104.5,105.94000244140625,103.95999908447266,105.83000183105469,1222443
2024-08-07T15:30,105.80000305175781,105.9000015258789,104.69000244140625,104.9000015258789,802245
2024-08-07T17:30,104.91999816894531,105.23999786376953,104.13999938964844,104.7699966430664,2056794
2024-08-08T13:30,103.80999755859375,105.18000030517578,103.27999877929688,104.81999969482422,1657858
2024-08-08T15:30,104.80000305175781,104.8499984741211,104.26000213623047,104.6500015258789,665098
2024-08-08T17:30,104.66000366210938,104.7300033569336,103.56999969482422,103.77999877929688,1662957
2024-08-09T13:30,104.25,104.26000213623047,102.56999969482422,103.5999984741211,518000
2024-08-09T15:30,103.5999984741211,104.0999984741211,103.5999984741211,104.08999633789062,252109
2024-08-09T17:30,104.0999984741211,104.23999786376953,103.58999633789062,103.9800033569336,791331
2024-08-12T13:30,103.95999908447266,104.12000274658203,103.45999908447266,103.63999938964844,448989
2024-08-12T15:30,103.63999938964844,104.3499984741211,103.61000061035156,104.3499984741211,351745
2024-08-12T17:30,104.3499984741211,104.69000244140625,103.9000015258789,104.6500015258789,924918
2024-08-13T13:30,104.62000274658203,104.76000213623047,104.19000244140625,104.38999938964844,622414
2024-08-13T15:30,104.37999725341797,104.7699966430664,104.08999633789062,104.51000213623047,388935
2024-08-13T17:30,104.51000213623047,105.16999816894531,104.44999694824219,104.95999908447266,988583
2024-08-14T13:30,104.6500015258789,105.72000122070312,104.12000274658203,105.27999877929688,548742
2024-08-14T15:30,105.29000091552734,105.5999984741211,105.0199966430664,105.16999816894531,339519
2024-08-14T17:30,105.16999816894531,105.41999816894531,104.6500015258789,104.69000244140625,625653
2024-08-15T13:30,104.2300033569336,104.37000274658203,103.73999786376953,104.2699966430664,543504
2024-08-15T15:30,104.29000091552734,104.36000061035156,103.8499984741211,103.97000122070312,351601
2024-08-15T17:30,104,104.55000305175781,103.91999816894531,104.41000366210938,1092146
2024-08-16T13:30,104.69000244140625,104.69000244140625,103.9800033569336,104.5,641148
2024-08-16T15:30,104.5199966430664,104.5199966430664,104.05999755859375,104.29000091552734,361800
2024-08-16T17:30,104.27999877929688,104.94000244140625,104.23999786376953,104.62999725341797,1000917
2024-08-19T13:30,104.5999984741211,105.05999755859375,104.56999969482422,104.98999786376953,371312
2024-08-19T15:30,105.02999877929688,105.44000244140625,104.9800033569336,105.0999984741211,350013
2024-08-19T17:30,105.08000183105469,105.13999938964844,104.80999755859375,105,630113
2024-08-20T13:30,105.19000244140625,105.6500015258789,104.76000213623047,104.95999908447266,539438
2024-08-20T15:30,104.95999908447266,105.05000305175781,104.66000366210938,104.66999816894531,503953
2024-08-20T17:30,104.66000366210938,104.73999786376953,104.43000030517578,104.69000244140625,1024829
2024-08-21T13:30,104.68000030517578,105.36000061035156,104.61000061035156,105.23999786376953,531877
2024-08-21T15:30,105.25,105.41999816894531,104.94000244140625,105.08000183105469,373454
2024-08-21T17:30,105.08000183105469,105.12000274658203,104.58000183105469,104.98999786376953,1042788
2024-08-22T13:30,104.94999694824219,104.97000122070312,104.30000305175781,104.66999816894531,613818
2024-08-22T15:30,104.66999816894531,104.94999694824219,103.8499984741211,103.87000274658203,737175
2024-08-22T17:30,103.86000061035156,104.48999786376953,103.83000183105469,104.44999694824219,1721764
2024-08-23T13:30,104.56999969482422,105.2699966430664,104.25,104.8499984741211,687115
2024-08-23T15:30,104.87000274658203,105.01000213623047,104.44999694824219,104.58000183105469,388843
2024-08-23T17:30,104.55999755859375,104.80999755859375,104.43000030517578,104.66999816894531,1076863
2024-08-26T13:30,104.83000183105469,105.86000061035156,104.3499984741211,105.01000213623047,734245
2024-08-26T15:30,105,105.30999755859375,104.9800033569336,105.20999908447266,418996
2024-08-26T17:30,105.19999694824219,105.33000183105469,104.83000183105469,105.26000213623047,1267570
2024-08-27T13:30,105.05999755859375,105.3499984741211,104.38999938964844,104.47000122070312,415223
2024-08-27T15:30,104.45999908447266,104.52999877929688,104.12999725341797,104.30000305175781,321138
2024-08-27T17:30,104.30999755859375,104.44999694824219,104.13999938964844,104.23999786376953,586718
2024-08-28T13:30,104.69999694824219,105.87000274658203,104.23999786376953,105.55000305175781,682521
2024-08-28T15:30,105.55999755859375,105.55999755859375,105.06999969482422,105.19000244140625,234493
2024-08-28T17:30,105.18000030517578,105.3499984741211,104.87999725341797,104.95999908447266,724663
2024-08-29T13:30,104.98999786376953,105.18000030517578,104.19999694824219,104.52999877929688,470617
2024-08-29T15:30,104.54000091552734,105.12000274658203,104.52999877929688,104.91999816894531,248867
2024-08-29T17:30,104.91999816894531,105.33999633789062,104.83999633789062,105.26000213623047,699036
2024-08-30T13:30,105.2699966430664,106.02999877929688,105.12000274658203,105.54000091552734,440397
2024-08-30T15:30,105.55000305175781,105.63999938964844,105.16999816894531,105.37999725341797,322578
2024-08-30T17:30,105.36000061035156,106.27999877929688,105.26000213623047,106.1500015258789,1015196
2024-09-03T13:30,106.19999694824219,107.94999694824219,106.12000274658203,107.94000244140625,967334
2024-09-03T15:30,107.94999694824219,108.05000305175781,107.58000183105469,108.01000213623047,680308
2024-09-03T17:30,108,108.44999694824219,107.47000122070312,107.88999938964844,1315754
2024-09-04T13:30,108.51000213623047,109.86000061035156,108.37999725341797,109.05999755859375,810020
2024-09-04T15:30,109.0199966430664,109.12000274658203,108.41000366210938,108.5199966430664,391799
2024-09-04T17:30,108.5,109.13999938964844,108.23999786376953,109.0199966430664,951739
2024-09-05T13:30,109.70999908447266,110.02999877929688,108.36000061035156,108.63999938964844,634370
2024-09-05T15:30,108.6500015258789,108.83000183105469,108.45999908447266,108.75,350875
2024-09-05T17:30,108.75,108.94999694824219,108.5199966430664,108.86000061035156,929136
2024-09-06T13:30,109.04000091552734,109.30000305175781,108.2699966430664,108.62999725341797,521211
2024-09-06T15:30,108.61000061035156,108.80000305175781,108.41000366210938,108.48999786376953,374096
2024-09-06T17:30,108.48999786376953,109.05999755859375,108.41999816894531,108.63999938964844,1812037
2024-09-09T13:30,108.93000030517578,109.2300033569336,108.01000213623047,108.94000244140625,708231
2024-09-09T15:30,108.9800033569336,109.22000122070312,108.7300033569336,108.88999938964844,321993
2024-09-09T17:30,108.87000274658203,109.18000030517578,108.7699966430664,109.1500015258789,873875
2024-09-10T13:30,109.33999633789062,110.0999984741211,109.22000122070312,109.66999816894531,605671
2024-09-10T15:30,109.69000244140625,109.77999877929688,109.30999755859375,109.43000030517578,316140
2024-09-10T17:30,109.41999816894531,109.41999816894531,108.7300033569336,108.94000244140625,1122870
2024-09-11T13:30,108.41999816894531,108.5199966430664,107.44999694824219,107.83999633789062,839236
2024-09-11T15:30,107.86000061035156,108.25,107.63999938964844,108.05000305175781,612640
2024-09-11T17:30,108.05999755859375,108.38999938964844,107.69999694824219,108.22000122070312,1060477
2024-09-12T13:30,108.4000015258789,108.83000183105469,108.0199966430664,108.11000061035156,393765
2024-09-12T15:30,108.11000061035156,108.41999816894531,107.91999816894531,108.41000366210938,392619
2024-09-12T17:30,108.4000015258789,108.52999877929688,108,108.05000305175781,867556
2024-09-13T13:30,108.29000091552734,109,107.81999969482422,108.95999908447266,664077
2024-09-13T15:30,108.97000122070312,109.29000091552734,108.94000244140625,109.22000122070312,539107
2024-09-13T17:30,109.22000122070312,109.37000274658203,109.08000183105469,109.2699966430664,660116
2024-09-16T13:30,110.02999877929688,110.22000122070312,109.56999969482422,109.79000091552734,687378
2024-09-16T15:30,109.77999877929688,110.06999969482422,109.7699966430664,109.8499984741211,267525
2024-09-16T17:30,109.81999969482422,109.86000061035156,109.43000030517578,109.6500015258789,602214
2024-09-17T13:30,109.51000213623047,109.68000030517578,108.88999938964844,108.88999938964844,540880
2024-09-17T15:30,108.91000366210938,109.1500015258789,108.66000366210938,108.72000122070312,419345
2024-09-17T17:30,108.72000122070312,108.8499984741211,108.36000061035156,108.73999786376953,600141
2024-09-18T13:30,108.6500015258789,109.16000366210938,108.23999786376953,108.7300033569336,364482
2024-09-18T15:30,108.7300033569336,108.7699966430664,108.41999816894531,108.72000122070312,437343
2024-09-18T17:30,108.72000122070312,108.81999969482422,107.4000015258789,107.97000122070312,996202
2024-09-19T13:30,107.22000122070312,107.63999938964844,106.20999908447266,106.5,1154058
2024-09-19T15:30,106.51000213623047,107.04000091552734,106.16000366210938,107.02999877929688,718664
2024-09-19T17:30,107.02999877929688,107.5199966430664,107.0199966430664,107.23999786376953,1559737
2024-09-20T13:30,107.75,108.4800033569336,107.44999694824219,107.94000244140625,2242036
2024-09-20T15:30,107.94000244140625,108.47000122070312,107.55000305175781,108.45999908447266,487570
2024-09-20T17:30,108.4800033569336,108.69000244140625,108.11000061035156,108.41000366210938,1048573
2024-09-23T13:30,108.87000274658203,109.41000366210938,108.48999786376953,109.36000061035156,607169
2024-09-23T15:30,109.36000061035156,109.43000030517578,109.01000213623047,109.12000274658203,333216
2024-09-23T17:30,109.12000274658203,109.3499984741211,108.95999908447266,109.29000091552734,833953
2024-09-24T13:30,108.52999877929688,109.70999908447266,108.20999908447266,109.04000091552734,695801
2024-09-24T15:30,109.02999877929688,109.11000061035156,108.22000122070312,108.30999755859375,393779
2024-09-24T17:30,108.31999969482422,108.41999816894531,107.91000366210938,108.08000183105469,1089276
2024-09-25T13:30,108.62000274658203,108.7699966430664,107.4800033569336,108.0999984741211,548919
2024-09-25T15:30,108.12000274658203,108.44999694824219,107.91999816894531,107.93000030517578,370764
2024-09-25T17:30,107.91000366210938,108.37999725341797,107.80000305175781,108.26000213623047,1533999
2024-09-26T13:30,107.25,108.36000061035156,107.12999725341797,107.69000244140625,976158
2024-09-26T15:30,107.70999908447266,107.88999938964844,107.44000244140625,107.69000244140625,460551
2024-09-26T17:30,107.69000244140625,107.70999908447266,106.98999786376953,107.29000091552734,967114
2024-09-27T13:30,107.5999984741211,107.87999725341797,106.9800033569336,107.87000274658203,838420
2024-09-27T15:30,107.86000061035156,107.93000030517578,107.58999633789062,107.9000015258789,429990
2024-09-27T17:30,107.91000366210938,108.37000274658203,107.87999725341797,108.01000213623047,1576494
2024-09-30T13:30,108.33999633789062,108.37999725341797,106.5199966430664,107.2300033569336,1002328
2024-09-30T15:30,107.25,107.55000305175781,107.02999877929688,107.0999984741211,549669
2024-09-30T17:30,107.08999633789062,107.45999908447266,106.72000122070312,107.37999725341797,1438721
2024-10-01T13:30,107.55000305175781,108.48999786376953,107.05000305175781,108.41999816894531,878259
2024-10-01T15:30,108.43000030517578,108.44000244140625,107.93000030517578,108.3499984741211,393412
2024-10-01T17:30,108.33999633789062,108.47000122070312,108.0199966430664,108.27999877929688,1089182
2024-10-02T13:30,107.5999984741211,108.0999984741211,107.25,108.05000305175781,775698
2024-10-02T15:30,108.05999755859375,108.16999816894531,107.76000213623047,108.08000183105469,548883
2024-10-02T17:30,108.06999969482422,108.81999969482422,108.06999969482422,108.68000030517578,1435397
2024-10-03T13:30,108.9800033569336,109.08000183105469,108.05000305175781,108.05000305175781,727611
2024-10-03T15:30,108.05000305175781,108.2699966430664,107.58000183105469,107.73999786376953,1279263
2024-10-03T17:30,107.75,108,107.62999725341797,107.83999633789062,1379520
2024-10-04T13:30,106.79000091552734,107.01000213623047,106.0199966430664,106.27999877929688,763951
2024-10-04T15:30,106.27999877929688,106.61000061035156,106.0999984741211,106.56999969482422,405287
2024-10-04T17:30,106.58999633789062,106.72000122070312,106.2300033569336,106.26000213623047,1166943
2024-10-07T13:30,106.01000213623047,106.01000213623047,103.87999725341797,104.23999786376953,1477077
2024-10-07T15:30,104.20999908447266,104.25,103.22000122070312,103.66000366210938,1169463
2024-10-07T17:30,103.66000366210938,103.69999694824219,102.58999633789062,102.70999908447266,2397094
2024-10-08T13:30,103.41000366210938,103.54000091552734,102.5199966430664,102.9800033569336,1250428
2024-10-08T15:30,102.97000122070312,103.2300033569336,102.81999969482422,103.0999984741211,630919
2024-10-08T17:30,103.11000061035156,103.2699966430664,102.62999725341797,103.08999633789062,2134841
2024-10-09T13:30,103.22000122070312,103.9800033569336,102.76000213623047,103.38999938964844,955800
2024-10-09T15:30,103.36000061035156,103.9800033569336,103.33000183105469,103.7699966430664,567466
2024-10-09T17:30,103.7300033569336,103.91999816894531,103.19000244140625,103.7300033569336,1429897
2024-10-10T13:30,104.23999786376953,105.55000305175781,103.44000244140625,105.01000213623047,1333170
2024-10-10T15:30,105.0199966430664,105.30000305175781,104.87000274658203,105.1500015258789,677859
2024-10-10T17:30,105.16000366210938,105.73999786376953,105.12000274658203,105.4000015258789,1656326
2024-10-11T13:30,105.63999938964844,106.29000091552734,105.37999725341797,106.04000091552734,928931
2024-10-11T15:30,106.02999877929688,106.30000305175781,105.88999938964844,106.16999816894531,397425
2024-10-11T17:30,106.18000030517578,106.51000213623047,105.97000122070312,106.36000061035156,1174729
2024-10-14T13:30,106.36000061035156,107.23999786376953,106.3499984741211,107.16999816894531,432529
2024-10-14T15:30,107.19000244140625,107.30999755859375,106.86000061035156,106.93000030517578,334198
2024-10-14T17:30,106.93000030517578,107.37999725341797,106.83000183105469,107.20999908447266,825101
2024-10-15T13:30,108.52999877929688,109.95999908447266,107.79000091552734,109.83999633789062,1046463
2024-10-15T15:30,109.83999633789062,109.98999786376953,109.4000015258789,109.66000366210938,501510
2024-10-15T17:30,109.66999816894531,109.68000030517578,108.95999908447266,109.13999938964844,826627
2024-10-16T13:30,109.55999755859375,110.63999938964844,108.94999694824219,110.61000061035156,868129
2024-10-16T15:30,110.62999725341797,111.33999633789062,110.62000274658203,111.33000183105469,848555
2024-10-16T17:30,111.33000183105469,111.87999725341797,111.19999694824219,111.55999755859375,1985339
2024-10-17T13:30,111.58999633789062,112.41999816894531,111.30999755859375,112.29000091552734,984344
2024-10-17T15:30,112.29000091552734,112.55000305175781,112.11000061035156,112.1500015258789,624273
2024-10-17T17:30,112.16000366210938,112.43000030517578,111.87999725341797,112.30999755859375,1401830
2024-10-18T13:30,112.4800033569336,112.4800033569336,111.44000244140625,111.87000274658203,1002487
2024-10-18T15:30,111.86000061035156,112.2699966430664,111.72000122070312,112.12999725341797,692788
2024-10-18T17:30,112.12999725341797,112.58000183105469,111.91999816894531,112.5,1331456
2024-10-21T13:30,112.7699966430664,112.95999908447266,111.68000030517578,111.72000122070312,613141
2024-10-21T15:30,111.70999908447266,111.98999786376953,111.4800033569336,111.79000091552734,394967
2024-10-21T17:30,111.79000091552734,112.05000305175781,111.61000061035156,111.69999694824219,850697
2024-10-22T13:30,110.5999984741211,111.23999786376953,110.27999877929688,111.16000366210938,592684
2024-10-22T15:30,111.16999816894531,111.63999938964844,111.16000366210938,111.3499984741211,431622
2024-10-22T17:30,111.33999633789062,111.73999786376953,111.19999694824219,111.66999816894531,886639
2024-10-23T13:30,111.5999984741211,112.22000122070312,111.20999908447266,111.5,423776
2024-10-23T15:30,111.54000091552734,111.83999633789062,111.5,111.66999816894531,381467
2024-10-23T17:30,111.66000366210938,112.36000061035156,111.62000274658203,112.30000305175781,906700
2024-10-24T13:30,112.54000091552734,112.68000030517578,111.41999816894531,111.5199966430664,476653
2024-10-24T15:30,111.54000091552734,111.54000091552734,111.11000061035156,111.16999816894531,321841
2024-10-24T17:30,111.18000030517578,111.18000030517578,110.79000091552734,110.88999938964844,854197
2024-10-25T13:30,111.31999969482422,111.3499984741211,110.27999877929688,110.31999969482422,414495
2024-10-25T15:30,110.30000305175781,110.31999969482422,109.72000122070312,109.9000015258789,285716
2024-10-25T17:30,109.9000015258789,109.9000015258789,109.19000244140625,109.19999694824219,912937
2024-10-28T13:30,109.19000244140625,109.9800033569336,109.16000366210938,109.26000213623047,392000
2024-10-28T15:30,109.2699966430664,109.3499984741211,109.02999877929688,109.1500015258789,292438
2024-10-28T17:30,109.1500015258789,109.4000015258789,109.0199966430664,109.06999969482422,623537
2024-10-29T13:30,108.06999969482422,108.38999938964844,106.8499984741211,106.94999694824219,698270
2024-10-29T15:30,106.97000122070312,107.41000366210938,106.79000091552734,107.18000030517578,303596
2024-10-29T17:30,107.16999816894531,107.18000030517578,106.55999755859375,106.62000274658203,961359
2024-10-30T13:30,107.16000366210938,107.38999938964844,106.16000366210938,106.38999938964844,628335
2024-10-30T15:30,106.41000366210938,106.69999694824219,106.29000091552734,106.29000091552734,254338
2024-10-30T17:30,106.29000091552734,106.41999816894531,106.02999877929688,106.2300033569336,849117
2024-10-31T13:30,106.19000244140625,107.16000366210938,106.0999984741211,106.37000274658203,532257
2024-10-31T15:30,106.36000061035156,107.70999908447266,106.36000061035156,107.62000274658203,665648
2024-10-31T17:30,107.62000274658203,107.9000015258789,107.22000122070312,107.38999938964844,1527329
2024-11-01T13:30,106.83999633789062,107.51000213623047,106.37999725341797,106.41000366210938,828557
2024-11-01T15:30,106.4000015258789,106.41999816894531,105.68000030517578,105.76000213623047,490737
2024-11-01T17:30,105.76000213623047,105.7699966430664,104.9000015258789,104.97000122070312,1269664
2024-11-04T14:30,104.97000122070312,105.38999938964844,104.48999786376953,104.66999816894531,616039
2024-11-04T16:30,104.68000030517578,104.80000305175781,104.4000015258789,104.69000244140625,461949
2024-11-04T18:30,104.69000244140625,104.83999633789062,104.63999938964844,104.81999969482422,1138340
2024-11-05T14:30,104.88999938964844,105.3499984741211,104.38999938964844,105.26000213623047,455734
2024-11-05T16:30,105.23999786376953,105.69999694824219,105.16000366210938,105.62000274658203,451012
2024-11-05T18:30,105.61000061035156,106.36000061035156,105.58999633789062,106.31999969482422,1031806
2024-11-06T14:30,106.20999908447266,106.43000030517578,104.83000183105469,105.1500015258789,1021457
2024-11-06T16:30,105.18000030517578,105.61000061035156,104.81999969482422,105.47000122070312,535794
2024-11-06T18:30,105.4800033569336,106.2699966430664,105.47000122070312,105.87000274658203,1480706
2024-11-07T14:30,104.94000244140625,105.47000122070312,102.76000213623047,103.91000366210938,1706574
2024-11-07T16:30,103.9000015258789,104.06999969482422,103.01000213623047,103.05999755859375,719654
2024-11-07T18:30,103.08000183105469,103.95999908447266,102.88999938964844,103.47000122070312,1229372
2024-11-08T14:30,104.12000274658203,106.16999816894531,103.91999816894531,105.66999816894531,993393
2024-11-08T16:30,105.68000030517578,106.25,105.5,105.77999877929688,592787
2024-11-08T18:30,105.77999877929688,106.16999816894531,105.44000244140625,105.5199966430664,1364934
2024-11-11T14:30,104.94000244140625,106.3499984741211,104.69999694824219,106.30999755859375,738163
2024-11-11T16:30,106.30000305175781,106.3499984741211,105.26000213623047,105.3499984741211,584796
2024-11-11T18:30,105.33000183105469,105.44000244140625,104.73999786376953,104.79000091552734,1240379
2024-11-12T14:30,104.94999694824219,105.3499984741211,104.47000122070312,104.72000122070312,575636
2024-11-12T16:30,104.72000122070312,104.72000122070312,104.20999908447266,104.33999633789062,462225
2024-11-12T18:30,104.3499984741211,104.86000061035156,104.12000274658203,104.23999786376953,1081081
2024-11-13T14:30,104.81999969482422,105.08000183105469,103.70999908447266,103.7699966430664,421782
2024-11-13T16:30,103.7699966430664,103.9800033569336,103.18000030517578,103.22000122070312,327085
2024-11-13T18:30,103.19999694824219,103.91000366210938,103.0999984741211,103.68000030517578,948569
2024-11-14T14:30,103.94000244140625,103.94000244140625,103,103.5199966430664,643308
2024-11-14T16:30,103.5,103.5199966430664,103.04000091552734,103.4000015258789,473026
2024-11-14T18:30,103.4000015258789,103.76000213623047,102.9800033569336,103.12000274658203,2014642
2024-11-15T14:30,102.94999694824219,104.56999969482422,102.88999938964844,104.19000244140625,1191759
2024-11-15T16:30,104.18000030517578,104.5,104.12000274658203,104.37000274658203,467975
2024-11-15T18:30,104.37999725341797,105.56999969482422,104.36000061035156,105.48999786376953,1327771
2024-11-18T14:30,105.31999969482422,106.30999755859375,105.0199966430664,106.2300033569336,1145320
2024-11-18T16:30,106.2300033569336,106.86000061035156,106.22000122070312,106.44999694824219,703036
2024-11-18T18:30,106.44999694824219,106.91000366210938,106.18000030517578,106.80000305175781,1715737
2024-11-19T14:30,106.55999755859375,106.66000366210938,105.37999725341797,106.52999877929688,825541
2024-11-19T16:30,106.54000091552734,106.54000091552734,106.22000122070312,106.37000274658203,371132
2024-11-19T18:30,106.37000274658203,106.87000274658203,106.23999786376953,106.81999969482422,913142
2024-11-20T14:30,106.69000244140625,107.06999969482422,106.2699966430664,106.66999816894531,374739
2024-11-20T16:30,106.66000366210938,107.04000091552734,106.5199966430664,106.91999816894531,250576
2024-11-20T18:30,106.91999816894531,107.16999816894531,106.7300033569336,107,717672
2024-11-21T14:30,107.33999633789062,107.73999786376953,106.41000366210938,107.48999786376953,456383
2024-11-21T16:30,107.4800033569336,107.9800033569336,107.4800033569336,107.83000183105469,258909
2024-11-21T18:30,107.81999969482422,108.19000244140625,107.63999938964844,108.01000213623047,916697
2024-11-22T14:30,108.63999938964844,109.0999984741211,108.01000213623047,108.30999755859375,576166
2024-11-22T16:30,108.30000305175781,108.36000061035156,108.05000305175781,108.16999816894531,294137
2024-11-22T18:30,108.16000366210938,108.22000122070312,107.77999877929688,107.83999633789062,696656
2024-11-25T14:30,108.19999694824219,109,107.68000030517578,107.68000030517578,572309
2024-11-25T16:30,107.68000030517578,107.94000244140625,107.37000274658203,107.55999755859375,272559
2024-11-25T18:30,107.58000183105469,108.25,107.4000015258789,108.1500015258789,832587
2024-11-26T14:30,108.5199966430664,109,108.2300033569336,108.73999786376953,476203
2024-11-26T16:30,108.77999877929688,109.33000183105469,108.77999877929688,109.08000183105469,410581
2024-11-26T18:30,109.0999984741211,110.12999725341797,108.95999908447266,110.05999755859375,971009
2024-11-27T14:30,110.68000030517578,111.5199966430664,110.36000061035156,110.87999725341797,611562
2024-11-27T16:30,110.88999938964844,111.3499984741211,110.87999725341797,110.94999694824219,328231
2024-11-27T18:30,110.94999694824219,110.94999694824219,110.30000305175781,110.44000244140625,699675
2024-11-29T14:30,110.22000122070312,110.52999877929688,110.01000213623047,110.38999938964844,542208
2024-11-29T16:30,110.38999938964844,110.70999908447266,109.91999816894531,110.08000183105469,1227599
2024-11-29T18:30,110.12999725341797,110.12999725341797,110.12999725341797,110.12999725341797,397
2024-12-02T14:30,110.08000183105469,110.30000305175781,107.9800033569336,108.54000091552734,524766
2024-12-02T16:30,108.55000305175781,108.68000030517578,108.31999969482422,108.52999877929688,387199
2024-12-02T18:30,108.55000305175781,108.62999725341797,108.23999786376953,108.33000183105469,926983
2024-12-03T14:30,108.91000366210938,109.29000091552734,108.05000305175781,108.2699966430664,481220
2024-12-03T16:30,108.2699966430664,108.30999755859375,107.69999694824219,108,312827
2024-12-03T18:30,107.98999786376953,108.1500015258789,106.87000274658203,106.87999725341797,853673
2024-12-04T14:30,106.69999694824219,106.9800033569336,106.0999984741211,106.63999938964844,524928
2024-12-04T16:30,106.62999725341797,106.70999908447266,106.26000213623047,106.30000305175781,332577
2024-12-04T18:30,106.30000305175781,106.56999969482422,106.01000213623047,106.54000091552734,839281
2024-12-05T14:30,106.47000122070312,107.58999633789062,106.2699966430664,107.04000091552734,433271
2024-12-05T16:30,107.02999877929688,107.37999725341797,106.79000091552734,107.27999877929688,298063
2024-12-05T18:30,107.2699966430664,107.51000213623047,107.1500015258789,107.23999786376953,738732
2024-12-06T14:30,107.05999755859375,107.54000091552734,106.05000305175781,106.0999984741211,370794
2024-12-06T16:30,106.0999984741211,106.26000213623047,105.61000061035156,105.66000366210938,330282
2024-12-06T18:30,105.6500015258789,105.79000091552734,105.29000091552734,105.37999725341797,1308137
2024-12-09T14:30,105.05999755859375,105.72000122070312,104.66000366210938,105.37000274658203,555000
2024-12-09T16:30,105.37000274658203,105.63999938964844,105.33999633789062,105.47000122070312,417599
2024-12-09T18:30,105.47000122070312,105.9000015258789,105.0999984741211,105.20999908447266,877751
2024-12-10T14:30,105.27999877929688,105.27999877929688,103.75,104.70999908447266,500225
2024-12-10T16:30,104.69000244140625,104.7699966430664,104.37999725341797,104.5,489922
2024-12-10T18:30,104.48999786376953,104.9000015258789,104.3499984741211,104.5199966430664,1161509
2024-12-11T14:30,104.19999694824219,104.37999725341797,103.41000366210938,103.47000122070312,744913
2024-12-11T16:30,103.48999786376953,103.66000366210938,102.87000274658203,102.94000244140625,842288
2024-12-11T18:30,102.94000244140625,103.19000244140625,102.68000030517578,103.06999969482422,1274140
2024-12-12T14:30,103.6500015258789,103.75,102.9000015258789,103.13999938964844,678834
2024-12-12T16:30,103.13999938964844,103.2300033569336,102.33000183105469,102.62000274658203,454982
2024-12-12T18:30,102.62999725341797,102.77999877929688,102.30000305175781,102.6500015258789,1017721
2024-12-13T14:30,103.12999725341797,103.44999694824219,102.75,103.08000183105469,1998318
2024-12-13T16:30,103.08000183105469,103.41999816894531,102.56999969482422,102.66999816894531,954654
2024-12-13T18:30,102.62999725341797,102.69999694824219,102.26000213623047,102.33000183105469,1281518
2024-12-16T14:30,102.2699966430664,102.70999908447266,101.7300033569336,101.80000305175781,1378732
2024-12-16T16:30,101.8499984741211,102.2300033569336,101.44000244140625,101.62999725341797,675042
2024-12-16T18:30,101.6500015258789,101.7699966430664,100.80000305175781,101.06999969482422,1888252
2024-12-17T14:30,100.58000183105469,101.75,100.19000244140625,101.37000274658203,496605
2024-12-17T16:30,101.4000015258789,101.66999816894531,101.06999969482422,101.26000213623047,282659
2024-12-17T18:30,101.29000091552734,101.76000213623047,101.11000061035156,101.45999908447266,900922
2024-12-18T14:30,100.98999786376953,101.48999786376953,100.9000015258789,101.16999816894531,530913
2024-12-18T16:30,101.16999816894531,101.38999938964844,100.83000183105469,100.87999725341797,412868
2024-12-18T18:30,100.88999938964844,101.19999694824219,99.33999633789062,99.45999908447266,1535846
2024-12-19T14:30,99.69000244140625,101.12999725341797,99.44999694824219,101.08999633789062,896298
2024-12-19T16:30,101.11000061035156,101.72000122070312,100.81999969482422,101.70999908447266,447322
2024-12-19T18:30,101.69000244140625,101.80000305175781,100.68000030517578,100.69999694824219,1377460
2024-12-20T14:30,100.77999877929688,101.58000183105469,100.37000274658203,101.55000305175781,1361655
2024-12-20T16:30,101.54000091552734,101.97000122070312,101.51000213623047,101.6500015258789,377250
2024-12-20T18:30,101.6500015258789,102.22000122070312,101.45999908447266,101.86000061035156,1058746
2024-12-23T14:30,101.66999816894531,101.8499984741211,100.77999877929688,101.4800033569336,488845
2024-12-23T16:30,101.5,101.80999755859375,101.26000213623047,101.77999877929688,319462
2024-12-23T18:30,101.80999755859375,102.16999816894531,101.43000030517578,102.0999984741211,850251
2024-12-24T14:30,101.94000244140625,102.36000061035156,101.66999816894531,102.16999816894531,306862
2024-12-24T16:30,102.19999694824219,102.54000091552734,101.98999786376953,102.4800033569336,678558
2024-12-26T14:30,102.20999908447266,102.45999908447266,101.88999938964844,102.05999755859375,242311
2024-12-26T16:30,102.05999755859375,102.30999755859375,102.05000305175781,102.13999938964844,198472
2024-12-26T18:30,102.13999938964844,102.30000305175781,101.44000244140625,101.8499984741211,756836
2024-12-27T14:30,101.19999694824219,102.51000213623047,101.0999984741211,102.26000213623047,381779
2024-12-27T16:30,102.25,102.33999633789062,101.66999816894531,101.87999725341797,256597
2024-12-27T18:30,101.8499984741211,102.27999877929688,101.62999725341797,101.9000015258789,844094
2024-12-30T14:30,101.56999969482422,101.69000244140625,100.68000030517578,100.94000244140625,403605
2024-12-30T16:30,100.94999694824219,101.37000274658203,100.93000030517578,101.2300033569336,290335
2024-12-30T18:30,101.19999694824219,101.38999938964844,100.95999908447266,101.31999969482422,926235
2024-12-31T14:30,101.45999908447266,101.68000030517578,100.98999786376953,101.04000091552734,389492
2024-12-31T16:30,101.05000305175781,101.22000122070312,100.80000305175781,101.01000213623047,370230
2024-12-31T18:30,101.01000213623047,101.36000061035156,100.87999725341797,101.31999969482422,923272
2025-01-02T14:30,102.0199966430664,102.4000015258789,101.2699966430664,101.5,393999
2025-01-02T16:30,101.5199966430664,101.70999908447266,101.25,101.29000091552734,327101
2025-01-02T18:30,101.29000091552734,101.52999877929688,101.04000091552734,101.41999816894531,751959
2025-01-03T14:30,101.63999938964844,102.19999694824219,101.5199966430664,101.79000091552734,513350
2025-01-03T16:30,101.80000305175781,102.02999877929688,101.62000274658203,101.68000030517578,368255
2025-01-03T18:30,101.66999816894531,101.73999786376953,101.23999786376953,101.36000061035156,769737
2025-01-06T14:30,100.95999908447266,101.02999877929688,99.5999984741211,100.61000061035156,803714
2025-01-06T16:30,100.6500015258789,100.73999786376953,100.33999633789062,100.37999725341797,470364
2025-01-06T18:30,100.38999938964844,100.47000122070312,99.80000305175781,100.04000091552734,918238
2025-01-07T14:30,100.33000183105469,101.43000030517578,99.97000122070312,100.80999755859375,782222
2025-01-07T16:30,100.81999969482422,100.91000366210938,100.51000213623047,100.58000183105469,340005
2025-01-07T18:30,100.61000061035156,100.6500015258789,100.08000183105469,100.44000244140625,954990
2025-01-08T14:30,100.22000122070312,101.4800033569336,100.1500015258789,101.44000244140625,750041
2025-01-08T16:30,101.44999694824219,101.68000030517578,100.91999816894531,101.20999908447266,596207
2025-01-08T18:30,101.19999694824219,101.98999786376953,100.97000122070312,101.77999877929688,967754
2025-01-10T14:30,101.06999969482422,102.12999725341797,99.58000183105469,99.63999938964844,684295
2025-01-10T16:30,99.62000274658203,99.98999786376953,99.16000366210938,99.7699966430664,447217
2025-01-10T18:30,99.77999877929688,99.98999786376953,99.48999786376953,99.55999755859375,1100849
2025-01-13T14:30,100.12999725341797,100.22000122070312,98.94000244140625,99.23999786376953,581952
2025-01-13T16:30,99.2300033569336,99.79000091552734,98.97000122070312,99.77999877929688,326465
2025-01-13T18:30,99.7699966430664,100.01000213623047,99.66999816894531,99.86000061035156,972984
2025-01-14T14:30,99.83999633789062,100.04000091552734,99.31999969482422,99.75,416865
2025-01-14T16:30,99.73999786376953,100.33999633789062,99.54000091552734,100.30000305175781,596098
2025-01-14T18:30,100.29000091552734,100.5199966430664,100.05000305175781,100.5,1349073
2025-01-15T14:30,101.66999816894531,101.66999816894531,100.56999969482422,100.6500015258789,736505
2025-01-15T16:30,100.62999725341797,100.70999908447266,100.4000015258789,100.55999755859375,397793
2025-01-15T18:30,100.55999755859375,100.77999877929688,100.0199966430664,100.08999633789062,1239032
2025-01-16T14:30,99.77999877929688,101.5999984741211,99.5999984741211,101.47000122070312,797632
2025-01-16T16:30,101.48999786376953,102.19000244140625,101.47000122070312,102.1500015258789,545491
2025-01-16T18:30,102.1500015258789,102.58999633789062,101.9800033569336,102.55999755859375,1047024
2025-01-17T14:30,102.26000213623047,103.16000366210938,101.98999786376953,103.05000305175781,1006027
2025-01-17T16:30,103.05000305175781,103.36000061035156,103.0199966430664,103.13999938964844,406664
2025-01-17T18:30,103.13999938964844,103.13999938964844,102.62999725341797,102.75,723055
2025-01-21T14:30,103.44999694824219,104.72000122070312,102.79000091552734,104.29000091552734,687612
2025-01-21T16:30,104.27999877929688,104.48999786376953,103.9800033569336,103.98999786376953,330121
2025-01-21T18:30,104.01000213623047,104.47000122070312,103.91999816894531,104.18000030517578,762551
2025-01-22T14:30,103.97000122070312,104.04000091552734,102.76000213623047,102.76000213623047,724571
2025-01-22T16:30,102.76000213623047,102.86000061035156,102.44000244140625,102.77999877929688,394605
2025-01-22T18:30,102.77999877929688,102.94999694824219,102.16000366210938,102.30999755859375,1163859
2025-01-23T14:30,102.79000091552734,103.11000061035156,102.20999908447266,102.61000061035156,466019
2025-01-23T16:30,102.62000274658203,103.11000061035156,102.48999786376953,103.01000213623047,330726
2025-01-23T18:30,103.02999877929688,103.19999694824219,102.5999984741211,102.83000183105469,900921
2025-01-24T14:30,102.37000274658203,103.47000122070312,102.26000213623047,103.37000274658203,660137
2025-01-24T16:30,103.37000274658203,103.69000244140625,103.23999786376953,103.31999969482422,295773
2025-01-24T18:30,103.33000183105469,103.62000274658203,103.11000061035156,103.30000305175781,736369
2025-01-27T14:30,104.38999938964844,104.91999816894531,102.91999816894531,103.97000122070312,721777
2025-01-27T16:30,103.9800033569336,104.7300033569336,103.66000366210938,104.66999816894531,452613
2025-01-27T18:30,104.68000030517578,106.05000305175781,104.56999969482422,105.91999816894531,1533486
2025-01-28T14:30,105.69000244140625,105.98999786376953,104.69000244140625,105.44000244140625,882609
2025-01-28T16:30,105.41999816894531,105.47000122070312,104.69000244140625,105.05000305175781,659887
2025-01-28T18:30,105.04000091552734,105.23999786376953,104.66000366210938,104.66999816894531,1495111
2025-01-29T14:30,104.83999633789062,105.52999877929688,104.56999969482422,104.66000366210938,609328
2025-01-29T16:30,104.6500015258789,104.69000244140625,104.37999725341797,104.58000183105469,358762
2025-01-29T18:30,104.58000183105469,104.62000274658203,103.95999908447266,104.04000091552734,1361243
2025-01-30T14:30,105.3499984741211,105.61000061035156,104.20999908447266,105.47000122070312,569259
2025-01-30T16:30,105.45999908447266,105.55999755859375,105.13999938964844,105.52999877929688,306183
2025-01-30T18:30,105.55000305175781,105.70999908447266,104.88999938964844,105.58000183105469,826792
2025-01-31T14:30,105.58000183105469,105.76000213623047,105.22000122070312,105.44999694824219,431586
2025-01-31T16:30,105.44999694824219,105.62000274658203,104.80999755859375,104.91000366210938,549262
2025-01-31T18:30,104.91000366210938,105.5,104.75,105.30000305175781,1292512
2025-02-03T14:30,105.30999755859375,106.52999877929688,104.58000183105469,106.41999816894531,713262
2025-02-03T16:30,106.44000244140625,106.45999908447266,105.66999816894531,106.16999816894531,461171
2025-02-03T18:30,106.18000030517578,106.70999908447266,106.08999633789062,106.4800033569336,1154477
2025-02-04T14:30,105.94000244140625,106.06999969482422,104.69000244140625,106.01000213623047,529462
2025-02-04T16:30,105.98999786376953,106.08000183105469,105.77999877929688,105.83000183105469,262045
2025-02-04T18:30,105.80000305175781,106.11000061035156,105.43000030517578,105.7300033569336,678873
2025-02-05T14:30,106.41000366210938,106.72000122070312,105.76000213623047,106.6500015258789,429419
2025-02-05T16:30,106.68000030517578,106.94999694824219,106.45999908447266,106.80999755859375,265507
2025-02-05T18:30,106.79000091552734,107.41000366210938,106.79000091552734,107.06999969482422,938783
2025-02-06T14:30,107.23999786376953,107.52999877929688,106.61000061035156,107.45999908447266,605979
2025-02-06T16:30,107.4800033569336,107.91000366210938,107.30999755859375,107.80000305175781,430126
2025-02-06T18:30,107.79000091552734,108.06999969482422,107.58000183105469,107.68000030517578,973755
2025-02-07T14:30,107.37999725341797,108.69999694824219,107.13999938964844,108.44000244140625,736996
2025-02-07T16:30,108.43000030517578,108.75,108.33999633789062,108.6500015258789,465101
2025-02-07T18:30,108.66999816894531,108.80999755859375,108.01000213623047,108.1500015258789,1083218
2025-02-10T14:30,108.1500015258789,108.5,106.88999938964844,108.30999755859375,506163
2025-02-10T16:30,108.33000183105469,108.37000274658203,107.7300033569336,108.01000213623047,254067
2025-02-10T18:30,108.0199966430664,108.73999786376953,107.94999694824219,108.7300033569336,639178
2025-02-11T14:30,108.55000305175781,108.72000122070312,107.19999694824219,108.58000183105469,481123
2025-02-11T16:30,108.61000061035156,109.06999969482422,108.54000091552734,108.8499984741211,394545
2025-02-11T18:30,108.8499984741211,109.86000061035156,108.83999633789062,109.7699966430664,1073510
2025-02-12T14:30,107.91000366210938,108.93000030517578,107.52999877929688,108.54000091552734,706190
2025-02-12T16:30,108.54000091552734,109.06999969482422,108.41000366210938,109.0199966430664,636106
2025-02-12T18:30,109.0199966430664,109.55000305175781,108.79000091552734,109.43000030517578,1906337
2025-02-13T14:30,108.44000244140625,108.77999877929688,106.4000015258789,106.97000122070312,1966028
2025-02-13T16:30,107,107.12999725341797,106.16000366210938,106.58000183105469,919216
2025-02-13T18:30,106.58000183105469,107.30999755859375,106.36000061035156,107.12000274658203,1980946
2025-02-14T14:30,107.51000213623047,108.16000366210938,106.81999969482422,107.11000061035156,1172244
2025-02-14T16:30,107.08000183105469,107.0999984741211,106.16000366210938,106.52999877929688,510898
2025-02-14T18:30,106.54000091552734,106.55000305175781,105.86000061035156,105.9000015258789,1281181
2025-02-18T14:30,105.83000183105469,106.52999877929688,105.44999694824219,105.54000091552734,817409
2025-02-18T16:30,105.52999877929688,105.7300033569336,104.9000015258789,104.9000015258789,637135
2025-02-18T18:30,104.9000015258789,105.51000213623047,104.88999938964844,105.26000213623047,1544532
2025-02-19T14:30,105.66000366210938,106.41000366210938,105.30999755859375,106.08000183105469,984889
2025-02-19T16:30,106.08000183105469,106.18000030517578,105.62000274658203,105.83999633789062,372560
2025-02-19T18:30,105.8499984741211,106.19999694824219,105.70999908447266,106.0999984741211,1304803
2025-02-20T14:30,105.83999633789062,107.23999786376953,105.4000015258789,107.2300033569336,855936
2025-02-20T16:30,107.22000122070312,107.41000366210938,106.76000213623047,107.16999816894531,456364
2025-02-20T18:30,107.13999938964844,107.5,106.95999908447266,107.4000015258789,1137476
2025-02-21T14:30,106.95999908447266,108.80999755859375,106.83999633789062,108.76000213623047,800880
2025-02-21T16:30,108.73999786376953,109.08999633789062,108.48999786376953,108.88999938964844,542790
2025-02-21T18:30,108.88999938964844,110.06999969482422,108.88999938964844,109.69999694824219,1751040
2025-02-24T14:30,110.01000213623047,111.02999877929688,108.95999908447266,109.9000015258789,836085
2025-02-24T16:30,109.9000015258789,110.18000030517578,109.63999938964844,109.72000122070312,269106
2025-02-24T18:30,109.70999908447266,110.16999816894531,109.58000183105469,110.05000305175781,761105
2025-02-25T14:30,110.5,111.66000366210938,110.11000061035156,111.61000061035156,761487
2025-02-25T16:30,111.5999984741211,111.72000122070312,111.05999755859375,111.38999938964844,569141
2025-02-25T18:30,111.38999938964844,111.70999908447266,111.12999725341797,111.33000183105469,1266529
2025-02-26T14:30,110.97000122070312,111.18000030517578,109.91999816894531,110.77999877929688,739719
2025-02-26T16:30,110.7699966430664,110.79000091552734,110.19999694824219,110.3499984741211,373464
2025-02-26T18:30,110.36000061035156,110.73999786376953,110.11000061035156,110.41000366210938,1287511
2025-02-27T14:30,109.81999969482422,110.8499984741211,109.16000366210938,110.0199966430664,710099
2025-02-27T16:30,110.0199966430664,110.23999786376953,109.45999908447266,109.86000061035156,421455
2025-02-27T18:30,109.8499984741211,110.70999908447266,109.80999755859375,110.01000213623047,1364588
2025-02-28T14:30,111.1500015258789,111.9800033569336,109.91999816894531,110.52999877929688,727659
2025-02-28T16:30,110.55000305175781,110.5999984741211,110.11000061035156,110.29000091552734,488048
2025-02-28T18:30,110.30000305175781,111.54000091552734,110.26000213623047,111.5,1644013
2025-03-03T14:30,111.36000061035156,112.04000091552734,110.7300033569336,111.72000122070312,1428436
2025-03-03T16:30,111.70999908447266,112.0999984741211,111.66999816894531,111.87000274658203,520486
2025-03-03T18:30,111.87999725341797,112.69000244140625,111.79000091552734,112.6500015258789,1308817
2025-03-04T14:30,113.20999908447266,113.5999984741211,112.43000030517578,112.61000061035156,1030501
2025-03-04T16:30,112.55999755859375,112.69999694824219,111.23999786376953,111.48999786376953,564493
2025-03-04T18:30,111.48999786376953,111.86000061035156,110.45999908447266,110.51000213623047,1449759
2025-03-05T14:30,109.7300033569336,110.97000122070312,109.30999755859375,109.62999725341797,772376
2025-03-05T16:30,109.63999938964844,109.68000030517578,109.25,109.56999969482422,351258
2025-03-05T18:30,109.55999755859375,109.87000274658203,109.19999694824219,109.3499984741211,1195207
2025-03-06T14:30,109.62999725341797,109.62999725341797,108.0199966430664,108.95999908447266,775020
2025-03-06T16:30,108.95999908447266,109.25,108.43000030517578,108.98999786376953,609185
2025-03-06T18:30,108.9800033569336,109.80000305175781,108.87999725341797,108.98999786376953,1567801
2025-03-07T14:30,108.9800033569336,110.62000274658203,108.51000213623047,109.95999908447266,809485
2025-03-07T16:30,109.9800033569336,110.8499984741211,109.91999816894531,110.75,618744
2025-03-07T18:30,110.7699966430664,111,110.29000091552734,110.80000305175781,1264311
2025-03-10T13:30,111.01000213623047,113.19999694824219,110.9800033569336,111.97000122070312,1024293
2025-03-10T15:30,112,112.44000244140625,110.97000122070312,111.91000366210938,642504
2025-03-10T17:30,111.91999816894531,112.66000366210938,111.0199966430664,112.47000122070312,2111671
2025-03-11T13:30,112.2699966430664,113.44000244140625,111.83999633789062,112.62000274658203,1333797
2025-03-11T15:30,112.63999938964844,112.73999786376953,111.63999938964844,111.86000061035156,826166
2025-03-11T17:30,111.88999938964844,112.4000015258789,111.23999786376953,111.72000122070312,1699858
2025-03-12T13:30,110.79000091552734,111.33999633789062,109.7699966430664,110.16000366210938,1058213
2025-03-12T15:30,110.16000366210938,110.45999908447266,109.9000015258789,110.44999694824219,760841
2025-03-12T17:30,110.45999908447266,111.2300033569336,110.36000061035156,110.70999908447266,1814647
2025-03-13T13:30,111.01000213623047,112.18000030517578,110.45999908447266,111.61000061035156,1024524
2025-03-13T15:30,111.62999725341797,112.02999877929688,111.31999969482422,112,1007698
2025-03-13T17:30,112,112.33000183105469,111.45999908447266,112.22000122070312,2195305
2025-03-14T13:30,112.16000366210938,113.33000183105469,111.56999969482422,113.19000244140625,1371763
2025-03-14T15:30,113.19000244140625,113.56999969482422,112.97000122070312,113.19000244140625,951551
2025-03-14T17:30,113.19000244140625,114.27999877929688,113.16999816894531,114,2276596
2025-03-17T13:30,113.58000183105469,115.29000091552734,113,114.68000030517578,1634774
2025-03-17T15:30,114.69999694824219,115.05999755859375,114.41000366210938,115.02999877929688,772777
2025-03-17T17:30,115.02999877929688,115.19999694824219,114.11000061035156,114.69000244140625,2861425
2025-03-18T13:30,113.73999786376953,114.51000213623047,113.61000061035156,114.16000366210938,1046190
2025-03-18T15:30,114.16000366210938,114.47000122070312,113.98999786376953,114.4000015258789,701756
2025-03-18T17:30,114.37999725341797,114.91999816894531,114.12000274658203,114.66999816894531,1576107
2025-03-19T13:30,114.38999938964844,114.73999786376953,112.69000244140625,112.81999969482422,1335460
2025-03-19T15:30,112.81999969482422,113.1500015258789,112.63999938964844,113.05999755859375,626636
2025-03-19T17:30,113.05999755859375,113.37999725341797,112.6500015258789,113.25,1440719
2025-03-20T13:30,113.51000213623047,114.0199966430664,113.05999755859375,113.48999786376953,1009316
2025-03-20T15:30,113.4800033569336,113.70999908447266,113.31999969482422,113.36000061035156,774349
2025-03-20T17:30,113.36000061035156,114.1500015258789,113.29000091552734,114.05000305175781,1426648
2025-03-21T13:30,113.87999725341797,114.7699966430664,112.93000030517578,113.3499984741211,1571386
2025-03-21T15:30,113.3499984741211,113.41000366210938,113.05999755859375,113.27999877929688,384352
2025-03-21T17:30,113.27999877929688,113.47000122070312,112.36000061035156,113.01000213623047,1264658
2025-03-24T13:30,112.80000305175781,113.72000122070312,112.43000030517578,112.62999725341797,672162
2025-03-24T15:30,112.6500015258789,113.04000091552734,112.51000213623047,112.80000305175781,529895
2025-03-24T17:30,112.81999969482422,112.9800033569336,112.01000213623047,112.1500015258789,1082261
2025-03-25T13:30,112.0999984741211,112.22000122070312,109.5999984741211,109.6500015258789,1310063
2025-03-25T15:30,109.6500015258789,109.81999969482422,109.08000183105469,109.77999877929688,866282
2025-03-25T17:30,109.7699966430664,110.30999755859375,109.33000183105469,110.16999816894531,1828109
2025-03-26T13:30,110.38999938964844,111.33999633789062,110.18000030517578,110.81999969482422,852011
2025-03-26T15:30,110.81999969482422,111.25,110.7300033569336,111.23999786376953,376160
2025-03-26T17:30,111.23999786376953,111.36000061035156,110.95999908447266,111.16999816894531,1031598
2025-03-27T13:30,111.87999725341797,112.22000122070312,111.19999694824219,111.91000366210938,650736
2025-03-27T15:30,111.9000015258789,111.97000122070312,111.19000244140625,111.44000244140625,331275
2025-03-27T17:30,111.44000244140625,111.76000213623047,111.16000366210938,111.62999725341797,846643
2025-03-28T13:30,112.6500015258789,113.22000122070312,111.66000366210938,113.22000122070312,687353
2025-03-28T15:30,113.2300033569336,113.37000274658203,112.86000061035156,113.1500015258789,557682
2025-03-28T17:30,113.16000366210938,113.86000061035156,113.08999633789062,113.33999633789062,1976076
2025-03-31T13:30,114.19000244140625,116.2699966430664,114.05999755859375,115.44999694824219,1712568
2025-03-31T15:30,115.44000244140625,115.51000213623047,114.4000015258789,114.4000015258789,943774
2025-03-31T17:30,114.4000015258789,115.98999786376953,114.4000015258789,115.7699966430664,2131651
2025-04-01T13:30,115.83999633789062,115.83999633789062,114.75,115.16999816894531,701985
2025-04-01T15:30,115.11000061035156,115.62999725341797,114.66999816894531,114.77999877929688,694248
2025-04-01T17:30,114.76000213623047,115.13999938964844,114.45999908447266,114.91999816894531,874874
2025-04-02T13:30,114.91000366210938,115.22000122070312,113.80999755859375,114.98999786376953,559824
2025-04-02T15:30,114.98999786376953,115.06999969482422,114.0199966430664,114.08000183105469,389031
2025-04-02T17:30,114.06999969482422,114.45999908447266,114,114.25,954604
2025-04-03T13:30,116.75,117.8499984741211,115.44999694824219,117.83000183105469,2021836
2025-04-03T15:30,117.83999633789062,117.9800033569336,116.91999816894531,117.56999969482422,1350788
2025-04-03T17:30,117.58999633789062,118.33000183105469,117.41999816894531,117.7300033569336,2990721
2025-04-04T13:30,118.6500015258789,118.9000015258789,115.04000091552734,115.08000183105469,2574405
2025-04-04T15:30,115.11000061035156,116.08000183105469,112.94999694824219,113.61000061035156,1770711
2025-04-04T17:30,113.56999969482422,114.37000274658203,111.87000274658203,112.87999725341797,2675129
2025-04-07T13:30,111.73999786376953,114.20999908447266,109.83000183105469,110.29000091552734,2667048
2025-04-07T15:30,110.37999725341797,111.83000183105469,110.22000122070312,111.6500015258789,969868
2025-04-07T17:30,111.5999984741211,112.83000183105469,110.41999816894531,110.91999816894531,2429558
2025-04-08T13:30,112.16000366210938,112.3499984741211,110.19999694824219,110.9000015258789,1025492
2025-04-08T15:30,110.8499984741211,112.2300033569336,110.41999816894531,110.55000305175781,889126
2025-04-08T17:30,110.62000274658203,111.08999633789062,108.87000274658203,110.05999755859375,2051918
2025-04-09T13:30,108.91999816894531,109.3499984741211,106.37000274658203,107.30000305175781,1375545
2025-04-09T15:30,107.30000305175781,111.8499984741211,106.7300033569336,110.77999877929688,1146103
2025-04-09T17:30,110.91000366210938,111.37000274658203,108.1500015258789,110.33000183105469,3619729
2025-04-10T13:30,110.4000015258789,112,109.75,110.2300033569336,1213924
2025-04-10T15:30,110.2300033569336,110.55999755859375,108.80000305175781,109.87000274658203,847982
2025-04-10T17:30,109.81999969482422,111.77999877929688,109.5999984741211,110.87000274658203,2084417
2025-04-11T13:30,110.94000244140625,111.72000122070312,109.6500015258789,110.7699966430664,1009400
2025-04-11T15:30,110.87000274658203,112.5999984741211,110.76000213623047,112.2699966430664,763149
2025-04-11T17:30,112.2699966430664,113.2699966430664,112.20999908447266,112.87999725341797,1426622
2025-04-14T13:30,112.66000366210938,114.25,112.06999969482422,113.83999633789062,874431
2025-04-14T15:30,113.8499984741211,114.62000274658203,113.75,114.43000030517578,551185
2025-04-14T17:30,114.41999816894531,115.02999877929688,114.23999786376953,114.45999908447266,1052788
2025-04-15T13:30,114.91999816894531,115.55999755859375,114.37999725341797,115.01000213623047,485839
2025-04-15T15:30,115.04000091552734,115.16000366210938,114.76000213623047,114.91000366210938,300880
2025-04-15T17:30,114.87999725341797,115.05999755859375,114.22000122070312,114.37000274658203,713425
2025-04-16T13:30,115.31999969482422,115.66000366210938,114.37999725341797,115.61000061035156,531728
2025-04-16T15:30,115.62999725341797,115.77999877929688,115.1500015258789,115.37999725341797,346126
2025-04-16T17:30,115.37000274658203,115.38999938964844,113.97000122070312,114.22000122070312,1171985
2025-04-17T13:30,114.79000091552734,116.83000183105469,114.37999725341797,116.54000091552734,902347
2025-04-17T15:30,116.51000213623047,117.08999633789062,116.41000366210938,116.86000061035156,525665
2025-04-17T17:30,116.86000061035156,117.2699966430664,115.3499984741211,115.58999633789062,914840
2025-04-21T13:30,115.4000015258789,115.75,114.37999725341797,114.5,481007
2025-04-21T15:30,114.51000213623047,114.5199966430664,113.45999908447266,113.55999755859375,523797
2025-04-21T17:30,113.55999755859375,114.16999816894531,112.94000244140625,114.04000091552734,1271240
2025-04-22T13:30,115.20999908447266,116.20999908447266,114.37999725341797,115.94999694824219,718020
2025-04-22T15:30,115.9000015258789,116.63999938964844,115.58999633789062,115.58999633789062,994502
2025-04-22T17:30,115.56999969482422,116.43000030517578,115.1500015258789,116.2699966430664,986291
2025-04-23T13:30,115.05000305175781,115.91000366210938,114.29000091552734,114.58000183105469,1051175
2025-04-23T15:30,114.58999633789062,114.7699966430664,113.94000244140625,114.45999908447266,578666
2025-04-23T17:30,114.48999786376953,115.55999755859375,114.13999938964844,115.2300033569336,1532648
2025-04-24T13:30,114.98999786376953,115.0999984741211,114.05999755859375,114.37000274658203,687565
2025-04-24T15:30,114.37000274658203,115.33999633789062,114.2699966430664,114.94000244140625,459050
2025-04-24T17:30,114.95999908447266,115.05000305175781,114.29000091552734,114.55999755859375,1000405
2025-04-25T13:30,114.62999725341797,115.11000061035156,113.44999694824219,113.62999725341797,466448
2025-04-25T15:30,113.62999725341797,114.04000091552734,113.3499984741211,113.5199966430664,353340
2025-04-25T17:30,113.4800033569336,114.16999816894531,113.41000366210938,113.76000213623047,901151
2025-04-28T13:30,113.88999938964844,114.73999786376953,113.12000274658203,114.73999786376953,338745
2025-04-28T15:30,114.72000122070312,114.72000122070312,114.18000030517578,114.33999633789062,341195
2025-04-28T17:30,114.33000183105469,114.68000030517578,114.22000122070312,114.5199966430664,857745
2025-04-29T13:30,114.18000030517578,115.5199966430664,113.30000305175781,115.26000213623047,551235
2025-04-29T15:30,115.26000213623047,115.37000274658203,114.94999694824219,115.36000061035156,337984
2025-04-29T17:30,115.33000183105469,115.70999908447266,115.26000213623047,115.5,939374
2025-04-30T13:30,116.12999725341797,116.18000030517578,114.52999877929688,115.68000030517578,640775
2025-04-30T15:30,115.69999694824219,115.7699966430664,115.25,115.69000244140625,321643
2025-04-30T17:30,115.66999816894531,116.13999938964844,114.77999877929688,115.79000091552734,936937
2025-05-01T13:30,115.61000061035156,116.1500015258789,114.55000305175781,115.5,669665
2025-05-01T15:30,115.5199966430664,115.87000274658203,115.18000030517578,115.69000244140625,369627
2025-05-01T17:30,115.69000244140625,115.93000030517578,115.05000305175781,115.13999938964844,985439
2025-05-02T13:30,115.19999694824219,115.80000305175781,114.6500015258789,114.94999694824219,639057
2025-05-02T15:30,114.9800033569336,115.1500015258789,114.41000366210938,114.75,637451
2025-05-02T17:30,114.7699966430664,115.55999755859375,114.66000366210938,115.38999938964844,991831
2025-05-05T13:30,115.91000366210938,115.94999694824219,114.12999725341797,114.91000366210938,950093
2025-05-05T15:30,114.91000366210938,115.31999969482422,114.6500015258789,114.68000030517578,424149
2025-05-05T17:30,114.6500015258789,115.30000305175781,114.45999908447266,114.62000274658203,1491921
2025-05-06T13:30,115.80999755859375,117.2300033569336,115.33999633789062,117.12000274658203,1138477
2025-05-06T15:30,117.08000183105469,117.62000274658203,116.87000274658203,117.55999755859375,560347
2025-05-06T17:30,117.55999755859375,117.86000061035156,116.5199966430664,116.68000030517578,1592632
2025-05-07T13:30,116.31999969482422,117.0199966430664,115.48999786376953,116.27999877929688,708839
2025-05-07T15:30,116.29000091552734,116.58999633789062,116.0199966430664,116.45999908447266,426079
2025-05-07T17:30,116.47000122070312,117.0999984741211,115.91999816894531,116.4000015258789,1518046
2025-05-08T13:30,115.81999969482422,116.22000122070312,114.80999755859375,115.3499984741211,652954
2025-05-08T15:30,115.2699966430664,115.47000122070312,114.87000274658203,115.04000091552734,439351
2025-05-08T17:30,115.04000091552734,115.05999755859375,113.7300033569336,113.94999694824219,1250162
2025-05-09T13:30,114.12999725341797,114.31999969482422,113.30000305175781,113.6500015258789,656097
2025-05-09T15:30,113.62999725341797,114.06999969482422,113.45999908447266,113.69000244140625,394739
2025-05-09T17:30,113.69000244140625,114.37000274658203,113.68000030517578,114.19999694824219,1033774
2025-05-12T13:30,112.95999908447266,114.20999908447266,110.69000244140625,110.69000244140625,1472946
2025-05-12T15:30,110.66999816894531,110.94999694824219,110.27999877929688,110.45999908447266,865803
2025-05-12T17:30,110.47000122070312,110.87000274658203,109.58000183105469,109.94000244140625,2223339
2025-05-13T13:30,110.08999633789062,110.13999938964844,107.48999786376953,108.22000122070312,2276129
2025-05-13T15:30,108.22000122070312,108.4000015258789,107.62000274658203,108.25,1060577
2025-05-13T17:30,108.25,108.58000183105469,107.30000305175781,107.33999633789062,2427371
2025-05-14T13:30,107.31999969482422,107.44000244140625,105.56999969482422,106.1500015258789,1404677
2025-05-14T15:30,106.13999938964844,106.7300033569336,106.05999755859375,106.55999755859375,717762
2025-05-14T17:30,106.56999969482422,107.16000366210938,106.18000030517578,106.76000213623047,1465755
2025-05-15T13:30,107.80000305175781,109.19999694824219,107.61000061035156,109.0199966430664,1106404
2025-05-15T15:30,109.01000213623047,109.41000366210938,108.80000305175781,109.29000091552734,526091
2025-05-15T17:30,109.23999786376953,110.18000030517578,109.22000122070312,110.08999633789062,1565402
2025-05-16T13:30,110.20999908447266,110.81999969482422,109.76000213623047,110.5999984741211,828522
2025-05-16T15:30,110.58999633789062,110.8499984741211,110.27999877929688,110.62000274658203,363284
2025-05-16T17:30,110.62999725341797,111.38999938964844,110.56999969482422,111.3499984741211,1060151
2025-05-19T13:30,111.16000366210938,111.73999786376953,110.87000274658203,111.72000122070312,750368
2025-05-19T15:30,111.7300033569336,112.05000305175781,111.58000183105469,112.05000305175781,312832
2025-05-19T17:30,112.05000305175781,112.18000030517578,111.80999755859375,112.06999969482422,856139
2025-05-20T13:30,111.76000213623047,112.86000061035156,111.58999633789062,112.41999816894531,693277
2025-05-20T15:30,112.44000244140625,112.66000366210938,112.05999755859375,112.55000305175781,607795
2025-05-20T17:30,112.58000183105469,112.81999969482422,112.27999877929688,112.36000061035156,958753
2025-05-21T13:30,112.3499984741211,112.69000244140625,111.81999969482422,112.16000366210938,626733
2025-05-21T15:30,112.1500015258789,112.16999816894531,111.68000030517578,112.08999633789062,434340
2025-05-21T17:30,112.06999969482422,112.08999633789062,111.16000366210938,111.5199966430664,840050
2025-05-22T13:30,111.68000030517578,111.7699966430664,109.94999694824219,110.76000213623047,1226647
2025-05-22T15:30,110.76000213623047,111.44999694824219,110.61000061035156,111.20999908447266,545394
2025-05-22T17:30,111.18000030517578,111.37999725341797,110.62999725341797,110.69999694824219,1216296
2025-05-23T13:30,111.80000305175781,112.04000091552734,110.01000213623047,110.51000213623047,751256
2025-05-23T15:30,110.52999877929688,111.2300033569336,110.5,111.22000122070312,377757
2025-05-23T17:30,111.20999908447266,111.66999816894531,111.19000244140625,111.58999633789062,934892
2025-05-27T13:30,111.94999694824219,111.94999694824219,111.11000061035156,111.70999908447266,733097
2025-05-27T15:30,111.70999908447266,111.7699966430664,111.23999786376953,111.2699966430664,805639
2025-05-27T17:30,111.27999877929688,111.9800033569336,111.12999725341797,111.5,953278
2025-05-28T13:30,111.11000061035156,111.37000274658203,109.83000183105469,109.87999725341797,530968
2025-05-28T15:30,109.87999725341797,109.91000366210938,109.5,109.6500015258789,363139
2025-05-28T17:30,109.62999725341797,109.97000122070312,109.16000366210938,109.62999725341797,1147100
2025-05-29T13:30,109.0999984741211,110.43000030517578,108.61000061035156,110.02999877929688,593808
2025-05-29T15:30,110.0199966430664,110.62000274658203,109.68000030517578,110.54000091552734,507260
2025-05-29T17:30,110.54000091552734,110.70999908447266,110.2699966430664,110.58000183105469,687248
2025-05-30T13:30,110.58000183105469,111.3499984741211,109.98999786376953,111.01000213623047,479273
2025-05-30T15:30,110.98999786376953,111.58999633789062,110.87000274658203,111.5,351084
2025-05-30T17:30,111.5,112.91000366210938,111.37000274658203,112.7300033569336,2575576
2025-06-02T13:30,112.06999969482422,112.69999694824219,111.47000122070312,112.23999786376953,736119
2025-06-02T15:30,112.2300033569336,112.2300033569336,111.41999816894531,111.47000122070312,547972
2025-06-02T17:30,111.47000122070312,112.30000305175781,111.43000030517578,112.27999877929688,891498
2025-06-03T13:30,112.38999938964844,112.63999938964844,110.63999938964844,111.1500015258789,579599
2025-06-03T15:30,111.13999938964844,111.80999755859375,111.11000061035156,111.7300033569336,356395
2025-06-03T17:30,111.7300033569336,111.88999938964844,111.33000183105469,111.80999755859375,772519
2025-06-04T13:30,111.86000061035156,111.87999725341797,110.73999786376953,111.69999694824219,938284
2025-06-04T15:30,111.69999694824219,112.69999694824219,111.5199966430664,112.5,454252
2025-06-04T17:30,112.5199966430664,112.72000122070312,111.05999755859375,111.06999969482422,1168547
2025-06-05T13:30,111.4000015258789,111.4000015258789,110.62000274658203,110.91000366210938,558121
2025-06-05T15:30,110.91000366210938,111.4000015258789,110.47000122070312,111.08000183105469,484499
2025-06-05T17:30,111.0999984741211,111.2699966430664,110.69000244140625,110.87999725341797,939145
2025-06-06T13:30,110.69999694824219,111.19999694824219,110.08999633789062,110.30000305175781,450327
2025-06-06T15:30,110.30999755859375,110.47000122070312,109.91999816894531,110.45999908447266,308169
2025-06-06T17:30,110.44000244140625,110.62999725341797,110.30999755859375,110.33999633789062,884758
2025-06-09T13:30,109.87000274658203,110.91000366210938,109.56999969482422,110.77999877929688,757674
2025-06-09T15:30,110.7699966430664,111.38999938964844,110.7699966430664,111.36000061035156,327408
2025-06-09T17:30,111.33999633789062,111.48999786376953,110.54000091552734,110.58000183105469,818632
2025-06-10T13:30,110.70999908447266,111.31999969482422,110.01000213623047,111.08999633789062,587985
2025-06-10T15:30,111.13999938964844,111.5,111.12000274658203,111.5,276845
2025-06-10T17:30,111.4800033569336,111.66999816894531,110.98999786376953,111.41999816894531,784728
2025-06-11T13:30,111.37000274658203,111.66999816894531,110.97000122070312,111.33000183105469,368290
2025-06-11T15:30,111.33000183105469,111.44999694824219,110.97000122070312,111.4000015258789,233022
2025-06-11T17:30,111.41000366210938,111.54000091552734,111.05999755859375,111.44999694824219,747287
2025-06-12T13:30,111.8499984741211,112.62000274658203,111.52999877929688,111.69999694824219,479691
2025-06-12T15:30,111.76000213623047,111.91000366210938,111.5999984741211,111.8499984741211,283520
2025-06-12T17:30,111.81999969482422,112.37000274658203,111.81999969482422,112.33999633789062,1008102
2025-06-13T13:30,112.54000091552734,113.3499984741211,112.19000244140625,112.5199966430664,783984
2025-06-13T15:30,112.56999969482422,112.62999725341797,111.9000015258789,111.9800033569336,343427
2025-06-13T17:30,111.9800033569336,112.29000091552734,111.62000274658203,111.95999908447266,980930
2025-06-16T13:30,112.30000305175781,112.7300033569336,110.8499984741211,111.04000091552734,836880
2025-06-16T15:30,111.08000183105469,111.16999816894531,110.16000366210938,110.52999877929688,589245
2025-06-16T17:30,110.54000091552734,110.7300033569336,109.98999786376953,110.52999877929688,1222352
2025-06-17T13:30,110.73999786376953,110.80000305175781,108.87000274658203,109.83000183105469,663111
2025-06-17T15:30,109.81999969482422,110.20999908447266,109.62999725341797,109.72000122070312,302986
2025-06-17T17:30,109.70999908447266,110.16999816894531,109.5199966430664,109.95999908447266,848466
2025-06-18T13:30,110.05000305175781,110.08000183105469,109.22000122070312,109.93000030517578,740995
2025-06-18T15:30,109.94999694824219,110.08999633789062,109.33999633789062,109.7300033569336,509867
2025-06-18T17:30,109.72000122070312,110.08999633789062,109.43000030517578,109.7300033569336,1032390
2025-06-20T13:30,110.01000213623047,111.25,109.83999633789062,111.05000305175781,1627719
2025-06-20T15:30,111.05999755859375,111.19000244140625,110.30000305175781,110.80000305175781,377290
2025-06-20T17:30,110.79000091552734,110.81999969482422,110.2300033569336,110.5199966430664,1129772
2025-06-23T13:30,111.05000305175781,112.12999725341797,110.9000015258789,111.77999877929688,591313
2025-06-23T15:30,111.7699966430664,112.16000366210938,111.56999969482422,112.11000061035156,387799
2025-06-23T17:30,112.08999633789062,112.33999633789062,111.31999969482422,112.0199966430664,986794
2025-06-24T13:30,111.79000091552734,112.27999877929688,111.11000061035156,112.19000244140625,299590
2025-06-24T15:30,112.19000244140625,112.58999633789062,112.12000274658203,112.44999694824219,230139
2025-06-24T17:30,112.48999786376953,112.55000305175781,111.95999908447266,112.02999877929688,1073042
2025-06-25T13:30,112.9800033569336,112.9800033569336,110.91000366210938,111.04000091552734,862926
2025-06-25T15:30,111.05999755859375,111.66999816894531,110.9800033569336,111.37000274658203,388539
2025-06-25T17:30,111.37000274658203,111.5999984741211,110.94000244140625,111.06999969482422,985558
2025-06-26T13:30,111.12999725341797,111.83999633789062,110.4800033569336,110.75,815719
2025-06-26T15:30,110.75,110.88999938964844,110.5999984741211,110.72000122070312,391091
2025-06-26T17:30,110.75,111.56999969482422,110.54000091552734,111.41000366210938,1275127
2025-06-27T13:30,111.25,112.43000030517578,111.19999694824219,111.97000122070312,578175
2025-06-27T15:30,111.9800033569336,112.83000183105469,111.7300033569336,112.31999969482422,460109
2025-06-27T17:30,112.27999877929688,112.30999755859375,111.63999938964844,111.97000122070312,1186208
2025-06-30T13:30,111.69999694824219,112.2699966430664,111.38999938964844,112.08000183105469,570939
2025-06-30T15:30,112.08000183105469,112.44999694824219,111.79000091552734,112.04000091552734,349648
2025-06-30T17:30,112.04000091552734,113.08000183105469,111.66000366210938,112.95999908447266,1115705
2025-07-01T13:30,113.66999816894531,114.30000305175781,112.05999755859375,113.72000122070312,883857
2025-07-01T15:30,113.7300033569336,113.98999786376953,112.69000244140625,113.16000366210938,602742
2025-07-01T17:30,113.16000366210938,113.95999908447266,113.12999725341797,113.86000061035156,1244008
2025-07-02T13:30,113.11000061035156,113.41999816894531,111.16999816894531,111.69000244140625,889359
2025-07-02T15:30,111.66000366210938,112.76000213623047,111.61000061035156,112.68000030517578,416651
2025-07-02T17:30,112.7300033569336,112.80999755859375,112.04000091552734,112.1500015258789,953090
2025-07-03T13:30,112.05999755859375,112.7699966430664,111.55999755859375,112.36000061035156,942398
2025-07-03T15:30,112.3499984741211,112.91000366210938,112.30000305175781,112.43000030517578,979178
2025-07-07T13:30,112.26000213623047,112.45999908447266,111.75,112.2300033569336,382732
2025-07-07T15:30,112.19999694824219,112.43000030517578,111.66000366210938,112.12999725341797,275421
2025-07-07T17:30,112.1500015258789,112.44000244140625,111.80999755859375,112.37000274658203,908333
2025-07-08T13:30,111.62000274658203,111.72000122070312,110.52999877929688,111.19999694824219,771749
2025-07-08T15:30,111.19000244140625,111.75,110.79000091552734,111.41999816894531,514728
2025-07-08T17:30,111.41999816894531,111.8499984741211,111.16000366210938,111.4000015258789,1017968
2025-07-09T13:30,111.4000015258789,111.6500015258789,110.66999816894531,111.58999633789062,555877
2025-07-09T15:30,111.58000183105469,111.80000305175781,111.16999816894531,111.76000213623047,342979
2025-07-09T17:30,111.75,112.44999694824219,111.62000274658203,112.22000122070312,751960
2025-07-10T13:30,111.68000030517578,113,111.3499984741211,112.69999694824219,435715
2025-07-10T15:30,112.69999694824219,113.29000091552734,112.66000366210938,113.05999755859375,359491
2025-07-10T17:30,113.05999755859375,113.4000015258789,112.93000030517578,113.18000030517578,755311
2025-07-11T13:30,112.76000213623047,112.87000274658203,111.87000274658203,111.9800033569336,407618
2025-07-11T15:30,112,112.22000122070312,111.66999816894531,112.16999816894531,290460
2025-07-11T17:30,112.19000244140625,112.87000274658203,112.08000183105469,112.48999786376953,818605
2025-07-14T13:30,112.5,113.5999984741211,112.22000122070312,112.66999816894531,1147551
2025-07-14T15:30,112.6500015258789,112.94999694824219,111.80999755859375,112.2699966430664,398292
2025-07-14T17:30,112.29000091552734,113.02999877929688,112.12999725341797,112.95999908447266,814408
2025-07-15T13:30,112.56999969482422,112.87000274658203,111.11000061035156,111.25,511048
2025-07-15T15:30,111.25,111.9800033569336,111.05000305175781,111.94000244140625,498107
2025-07-15T17:30,111.97000122070312,112.5199966430664,111.66999816894531,112.16000366210938,868483
2025-07-16T13:30,112.05000305175781,112.95999908447266,111.81999969482422,112.52999877929688,492741
2025-07-16T15:30,112.48999786376953,113.11000061035156,112.47000122070312,112.9800033569336,302579
2025-07-16T17:30,112.97000122070312,113.13999938964844,112.69999694824219,112.83999633789062,887323
2025-07-17T13:30,112.33000183105469,113.0999984741211,112.05999755859375,112.3499984741211,394491
2025-07-17T15:30,112.36000061035156,112.93000030517578,112.13999938964844,112.66000366210938,410755
2025-07-17T17:30,112.66000366210938,112.94999694824219,112.37999725341797,112.5199966430664,1110804
2025-07-18T13:30,112.38999938964844,114.06999969482422,112.30000305175781,113.29000091552734,830833
2025-07-18T15:30,113.31999969482422,113.69000244140625,113.11000061035156,113.2699966430664,339830
2025-07-18T17:30,113.29000091552734,113.73999786376953,113.2699966430664,113.41000366210938,806604
2025-07-21T13:30,113.44999694824219,114.72000122070312,113.44999694824219,114.72000122070312,581028
2025-07-21T15:30,114.73999786376953,115.20999908447266,114.55999755859375,114.94000244140625,387587
2025-07-21T17:30,114.94999694824219,114.9800033569336,114.5199966430664,114.77999877929688,767363
2025-07-22T13:30,115.05000305175781,116.81999969482422,114.83999633789062,115.27999877929688,986091
2025-07-22T15:30,115.30000305175781,115.7699966430664,115.08999633789062,115.62999725341797,404249
2025-07-22T17:30,115.62999725341797,115.80000305175781,115.33000183105469,115.58999633789062,1262676
2025-07-23T13:30,115.72000122070312,115.7300033569336,114.11000061035156,114.27999877929688,926037
2025-07-23T15:30,114.25,114.72000122070312,113.91000366210938,114.37999725341797,572297
2025-07-23T17:30,114.33999633789062,114.58000183105469,113.87999725341797,114.4800033569336,1039905
2025-07-24T13:30,114.47000122070312,114.9800033569336,114.18000030517578,114.83000183105469,467901
2025-07-24T15:30,114.87000274658203,115.02999877929688,114.58000183105469,114.83999633789062,409341
2025-07-24T17:30,114.83000183105469,114.91999816894531,114.51000213623047,114.72000122070312,814851
2025-07-25T13:30,114.62999725341797,115.30999755859375,114.58000183105469,114.62999725341797,423940
2025-07-25T15:30,114.61000061035156,115.02999877929688,114.55000305175781,115.0199966430664,277705
2025-07-25T17:30,115.0199966430664,115.12999725341797,114.61000061035156,114.9000015258789,835357
2025-07-28T13:30,114.58000183105469,114.8499984741211,113.04000091552734,113.55000305175781,578639
2025-07-28T15:30,113.56999969482422,113.6500015258789,112.94999694824219,113.0199966430664,533701
2025-07-28T17:30,113.01000213623047,113.16000366210938,112.5,112.66000366210938,1243824
2025-07-29T13:30,113.04000091552734,114.36000061035156,112.7300033569336,114.30999755859375,650195
2025-07-29T15:30,114.30999755859375,114.41000366210938,113.61000061035156,113.91999816894531,431691
2025-07-29T17:30,113.94000244140625,114.48999786376953,113.58000183105469,114.44000244140625,844763
2025-07-30T13:30,114.45999908447266,115.88999938964844,114.22000122070312,115.55999755859375,960855
2025-07-30T15:30,115.55999755859375,115.97000122070312,115.48999786376953,115.80999755859375,650482
2025-07-30T17:30,115.83999633789062,116.36000061035156,115.06999969482422,115.45999908447266,1291741
2025-07-31T13:30,114.95999908447266,116.02999877929688,114.45999908447266,115.27999877929688,1375190
2025-07-31T15:30,115.29000091552734,116.4800033569336,115.26000213623047,116.01000213623047,714380
2025-07-31T17:30,116.01000213623047,116.63999938964844,115.95999908447266,116.5199966430664,1691602
2025-08-01T13:30,117.08000183105469,117.6500015258789,116.55000305175781,117.6500015258789,931084
2025-08-01T15:30,117.63999938964844,118.18000030517578,117.4000015258789,118.06999969482422,1023929
2025-08-01T17:30,118.06999969482422,118.16999816894531,117.62000274658203,117.7699966430664,1760394
2025-08-04T13:30,117.83999633789062,119.04000091552734,117.5199966430664,118.91999816894531,848029
2025-08-04T15:30,118.91999816894531,119.26000213623047,118.76000213623047,118.94999694824219,557940
2025-08-04T17:30,118.94999694824219,119.16000366210938,118.7300033569336,118.94000244140625,1417846
2025-08-05T13:30,121.61000061035156,122.45999908447266,120.27999877929688,120.94000244140625,2068833
2025-08-05T15:30,120.94000244140625,121.0199966430664,119.87000274658203,120.4000015258789,853831
2025-08-05T17:30,120.41999816894531,120.5199966430664,118.73999786376953,118.91000366210938,2332431
2025-08-06T13:30,119.38999938964844,120.98999786376953,118.7699966430664,120.76000213623047,858611
2025-08-06T15:30,120.79000091552734,121.08000183105469,120.20999908447266,120.37999725341797,599187
2025-08-06T17:30,120.4000015258789,120.9000015258789,119.83000183105469,119.91000366210938,1554223
2025-08-07T13:30,119.45999908447266,120.36000061035156,119.44000244140625,119.55000305175781,522616
2025-08-07T15:30,119.58999633789062,120.91999816894531,119.52999877929688,120.41000366210938,464495
2025-08-07T17:30,120.41999816894531,121.01000213623047,120.27999877929688,120.62000274658203,1258609
2025-08-08T13:30,120.66999816894531,121.19000244140625,120.08000183105469,120.43000030517578,494249
2025-08-08T15:30,120.43000030517578,120.61000061035156,120,120.22000122070312,315814
2025-08-08T17:30,120.26000213623047,120.37999725341797,119.88999938964844,120.05000305175781,787779
2025-08-11T13:30,120.38999938964844,120.6500015258789,119.63999938964844,120.08999633789062,457589
2025-08-11T15:30,120.08000183105469,120.30999755859375,119.83999633789062,119.98999786376953,401208
2025-08-11T17:30,119.98999786376953,120.30000305175781,119.69000244140625,120.2699966430664,927921
2025-08-12T13:30,120.11000061035156,120.27999877929688,118.26000213623047,118.55000305175781,675983
2025-08-12T15:30,118.55999755859375,118.76000213623047,118.1500015258789,118.63999938964844,610454
2025-08-12T17:30,118.66000366210938,119.27999877929688,118.63999938964844,119.19000244140625,1025001
2025-08-13T13:30,119.06999969482422,120,118.72000122070312,119.77999877929688,663254
2025-08-13T15:30,119.80999755859375,120.33000183105469,119.7300033569336,120.19000244140625,856643
2025-08-13T17:30,120.19999694824219,120.44999694824219,119.93000030517578,120.4000015258789,844933
2025-08-14T13:30,120.4000015258789,120.4000015258789,119.61000061035156,119.86000061035156,559269
2025-08-14T15:30,119.86000061035156,119.9000015258789,119.36000061035156,119.7300033569336,371611
2025-08-14T17:30,119.72000122070312,119.77999877929688,118.7699966430664,119.01000213623047,1808240
2025-08-15T13:30,119.33000183105469,119.51000213623047,117.81999969482422,118.25,919900
2025-08-15T15:30,118.19000244140625,118.70999908447266,118.08000183105469,118.1500015258789,462756
2025-08-15T17:30,118.18000030517578,118.55999755859375,117.79000091552734,118.29000091552734,1024637
2025-08-18T13:30,118.83000183105469,118.83000183105469,117.66000366210938,117.80000305175781,499550
2025-08-18T15:30,117.80000305175781,117.95999908447266,117.5999984741211,117.70999908447266,730882
2025-08-18T17:30,117.70999908447266,117.7300033569336,117.22000122070312,117.30000305175781,1018527
2025-08-19T13:30,117.5199966430664,119.02999877929688,117.26000213623047,118.6500015258789,460993
2025-08-19T15:30,118.6500015258789,119.29000091552734,118.5,119.19000244140625,295602
2025-08-19T17:30,119.13999938964844,119.62000274658203,118.97000122070312,119.55000305175781,854928
2025-08-20T13:30,120.27999877929688,121.68000030517578,119.95999908447266,120.47000122070312,1198051
2025-08-20T15:30,120.47000122070312,120.58000183105469,120.08999633789062,120.16999816894531,517101
2025-08-20T17:30,120.13999938964844,120.61000061035156,120.0999984741211,120.2699966430664,1009726
2025-08-21T13:30,120.0999984741211,120.68000030517578,119.87999725341797,120.16000366210938,387547
2025-08-21T15:30,120.13999938964844,120.30000305175781,119.73999786376953,119.81999969482422,412896
2025-08-21T17:30,119.80999755859375,120.4000015258789,119.77999877929688,119.94999694824219,812940
2025-08-22T13:30,120.55999755859375,121,119.1500015258789,120.01000213623047,721211
2025-08-22T15:30,120.01000213623047,120.5199966430664,119.9800033569336,120.16999816894531,349347
2025-08-22T17:30,120.16999816894531,120.3499984741211,119.94999694824219,120.12000274658203,642752
2025-08-25T13:30,119.75,120.01000213623047,118.94000244140625,119.25,426174
2025-08-25T15:30,119.23999786376953,119.44000244140625,119.01000213623047,119.2699966430664,262342
2025-08-25T17:30,119.26000213623047,119.2699966430664,118.69999694824219,118.91999816894531,835473
2025-08-26T13:30,118.83000183105469,119.18000030517578,117.95999908447266,118.83000183105469,412004
2025-08-26T15:30,118.83000183105469,118.94999694824219,118.61000061035156,118.7699966430664,273797
2025-08-26T17:30,118.77999877929688,119.3499984741211,118.68000030517578,119.08999633789062,932765
2025-08-27T13:30,119.41999816894531,119.6500015258789,118.5999984741211,118.87999725341797,415639
2025-08-27T15:30,118.87999725341797,119.38999938964844,118.83999633789062,119.2300033569336,388114
2025-08-27T17:30,119.25,119.52999877929688,119.1500015258789,119.48999786376953,659740
2025-08-28T13:30,119.12000274658203,119.41000366210938,118.23999786376953,118.54000091552734,542957
2025-08-28T15:30,118.51000213623047,118.81999969482422,118.38999938964844,118.5999984741211,289078
2025-08-28T17:30,118.58000183105469,118.69999694824219,118.11000061035156,118.25,815350
2025-08-29T13:30,118.25,119.01000213623047,117.98999786376953,118.48999786376953,374336
2025-08-29T15:30,118.51000213623047,118.76000213623047,118.3499984741211,118.72000122070312,222968
2025-08-29T17:30,118.69999694824219,118.77999877929688,117.97000122070312,118.36000061035156,884074
2025-09-02T13:30,118.30999755859375,118.61000061035156,117.61000061035156,118.29000091552734,432201
2025-09-02T15:30,118.2699966430664,118.54000091552734,117.66999816894531,117.79000091552734,286813
2025-09-02T17:30,117.77999877929688,117.80999755859375,117.26000213623047,117.75,919200
2025-09-03T13:30,117.19000244140625,117.73999786376953,116.52999877929688,117.72000122070312,469687
2025-09-03T15:30,117.7300033569336,117.76000213623047,116.94999694824219,117.1500015258789,267671
2025-09-03T17:30,117.16000366210938,117.63999938964844,117.06999969482422,117.4000015258789,765604
2025-09-04T13:30,118.05999755859375,118.30000305175781,116.30000305175781,116.62000274658203,891384
2025-09-04T15:30,116.62000274658203,116.69000244140625,116.31999969482422,116.58000183105469,454677
2025-09-04T17:30,116.54000091552734,116.97000122070312,116.36000061035156,116.79000091552734,1014465
2025-09-05T13:30,117.19999694824219,117.36000061035156,116.13999938964844,116.55000305175781,575021
2025-09-05T15:30,116.5999984741211,116.5999984741211,115.97000122070312,116.33000183105469,274829
2025-09-05T17:30,116.33999633789062,116.56999969482422,116.11000061035156,116.5,646248
2025-09-08T13:30,116.31999969482422,116.7300033569336,115.76000213623047,116.5999984741211,609757
2025-09-08T15:30,116.61000061035156,116.62999725341797,116.16000366210938,116.26000213623047,451551
2025-09-08T17:30,116.2699966430664,116.38999938964844,115.69999694824219,116.12000274658203,978591
2025-09-09T13:30,116.16999816894531,116.5199966430664,115.83000183105469,116.22000122070312,424787
2025-09-09T15:30,116.19999694824219,116.66999816894531,116.19999694824219,116.58000183105469,267145
2025-09-09T17:30,116.58000183105469,116.93000030517578,116.26000213623047,116.29000091552734,883073
2025-09-10T13:30,116.33000183105469,116.88999938964844,116.12000274658203,116.4800033569336,394694
2025-09-10T15:30,116.4800033569336,116.91000366210938,116.4000015258789,116.6500015258789,308632
2025-09-10T17:30,116.58999633789062,117.33999633789062,116.58000183105469,117.26000213623047,838979
2025-09-11T13:30,117.25,117.5199966430664,116.87000274658203,117.31999969482422,362748
2025-09-11T15:30,117.27999877929688,117.52999877929688,117.05000305175781,117.11000061035156,218728
2025-09-11T17:30,117.11000061035156,118.08999633789062,117.0999984741211,117.95999908447266,994723
2025-09-12T13:30,117.94000244140625,118.7300033569336,117.73999786376953,118.19999694824219,466494
2025-09-12T15:30,118.20999908447266,118.3499984741211,118,118.12000274658203,218019
2025-09-12T17:30,118.1500015258789,118.41000366210938,117.76000213623047,117.81999969482422,558168
2025-09-15T13:30,117.52999877929688,118.48999786376953,117.5,118.2300033569336,587971
2025-09-15T15:30,118.22000122070312,118.33999633789062,117.76000213623047,118,277129
2025-09-15T17:30,118,118.30000305175781,117.80999755859375,118.23999786376953,657006
2025-09-16T13:30,118.47000122070312,118.66999816894531,117.61000061035156,117.69999694824219,1029593
2025-09-16T15:30,117.72000122070312,117.79000091552734,117.25,117.43000030517578,773279
2025-09-16T17:30,117.44999694824219,117.44999694824219,116.12000274658203,116.18000030517578,1368961
2025-09-17T13:30,116.6500015258789,117.36000061035156,116.19000244140625,117.20999908447266,487856
2025-09-17T15:30,117.16000366210938,117.25,116.62000274658203,116.7300033569336,331663
2025-09-17T17:30,116.73999786376953,117.37999725341797,116.6500015258789,116.97000122070312,1097763
2025-09-18T13:30,115.95999908447266,116.62000274658203,115.62999725341797,116.41000366210938,479564
2025-09-18T15:30,116.47000122070312,117.01000213623047,116.25,116.62999725341797,609632
2025-09-18T17:30,116.61000061035156,116.83000183105469,116.29000091552734,116.30999755859375,818826
2025-09-19T13:30,116.66999816894531,116.77999877929688,115.93000030517578,116.30999755859375,1508239
2025-09-19T15:30,116.23999786376953,116.83999633789062,116.0999984741211,116.83999633789062,252434
2025-09-19T17:30,116.81999969482422,117.52999877929688,116.77999877929688,116.97000122070312,808126
2025-09-22T13:30,117.0999984741211,117.1500015258789,116.63999938964844,117.08000183105469,375162
2025-09-22T15:30,117.06999969482422,117.58000183105469,116.69000244140625,117.37999725341797,336649
2025-09-22T17:30,117.38999938964844,117.87000274658203,117.22000122070312,117.48999786376953,825326
2025-09-23T13:30,117.33999633789062,117.87999725341797,116.87000274658203,117.61000061035156,332006
2025-09-23T15:30,117.58000183105469,118.36000061035156,117.58000183105469,118.26000213623047,266016
2025-09-23T17:30,118.26000213623047,119.05999755859375,118.19000244140625,118.93000030517578,891479
2025-09-24T13:30,118.83000183105469,119.33000183105469,118.77999877929688,118.8499984741211,444153
2025-09-24T15:30,118.87999725341797,119.75,118.87999725341797,119.6500015258789,319261
2025-09-24T17:30,119.66000366210938,119.69999694824219,119.1500015258789,119.44000244140625,817082
2025-09-25T13:30,119.9000015258789,120.08999633789062,118.58000183105469,118.7699966430664,520624
2025-09-25T15:30,118.73999786376953,118.7699966430664,118.36000061035156,118.5199966430664,337627
2025-09-25T17:30,118.5,118.54000091552734,118.12000274658203,118.16000366210938,828098
2025-09-26T13:30,118,119.26000213623047,117.9000015258789,118.62000274658203,686775
2025-09-26T15:30,118.6500015258789,118.7699966430664,118.29000091552734,118.54000091552734,389329
2025-09-26T17:30,118.54000091552734,118.87000274658203,118.16999816894531,118.83999633789062,972106
2025-09-29T13:30,118.87999725341797,118.91000366210938,117.20999908447266,118.12000274658203,1029058
2025-09-29T15:30,118.12999725341797,118.55999755859375,118,118.30000305175781,415560
2025-09-29T17:30,118.29000091552734,118.77999877929688,118.27999877929688,118.62000274658203,1222376
2025-09-30T13:30,118.80999755859375,119.6500015258789,118.45999908447266,118.88999938964844,724721
2025-09-30T15:30,118.88999938964844,119.4000015258789,118.70999908447266,119.29000091552734,404599
2025-09-30T17:30,119.29000091552734,119.7300033569336,119.2699966430664,119.54000091552734,1162368
2025-10-01T13:30,119.37000274658203,119.62000274658203,118.61000061035156,118.81999969482422,630323
2025-10-01T15:30,118.83000183105469,118.91000366210938,118.2699966430664,118.5199966430664,467535
2025-10-01T17:30,118.54000091552734,118.79000091552734,118.16999816894531,118.2300033569336,774899
2025-10-02T13:30,117.37999725341797,117.94000244140625,116.86000061035156,117.70999908447266,806901
2025-10-02T15:30,117.7300033569336,117.80000305175781,117.20999908447266,117.27999877929688,381960
2025-10-02T17:30,117.2699966430664,117.54000091552734,116.83999633789062,117.45999908447266,1321097
2025-10-03T13:30,117.97000122070312,119.08000183105469,117.86000061035156,118.93000030517578,710334
2025-10-03T15:30,118.91000366210938,119.36000061035156,118.9000015258789,119.23999786376953,535789
2025-10-03T17:30,119.2699966430664,119.62999725341797,119.20999908447266,119.3499984741211,950774
2025-10-06T13:30,119.25,120.1500015258789,118.62000274658203,119.47000122070312,673001
2025-10-06T15:30,119.45999908447266,119.75,119.31999969482422,119.66999816894531,287611
2025-10-06T17:30,119.63999938964844,120.23999786376953,119.5,120.16000366210938,810314
2025-10-07T13:30,120.62000274658203,121.05999755859375,120.12000274658203,121.02999877929688,618398
2025-10-07T15:30,121.01000213623047,121.68000030517578,121,121.55000305175781,525689
2025-10-07T17:30,121.52999877929688,121.52999877929688,120.83999633789062,121.29000091552734,807209
2025-10-08T13:30,121.9800033569336,122.04000091552734,120.18000030517578,121.12999725341797,577039
2025-10-08T15:30,121.06999969482422,121.06999969482422,120.47000122070312,120.70999908447266,226538
2025-10-08T17:30,120.66999816894531,121.31999969482422,120.54000091552734,120.98999786376953,660813
2025-10-09T13:30,121.62999725341797,121.80999755859375,120.93000030517578,121,350237
2025-10-09T15:30,121.0199966430664,121.08000183105469,120.41000366210938,120.88999938964844,259086
2025-10-09T17:30,120.91000366210938,121.02999877929688,120.38999938964844,120.45999908447266,573266
2025-10-10T13:30,121.04000091552734,122.54000091552734,120.77999877929688,122.5,651334
2025-10-10T15:30,122.47000122070312,122.94999694824219,121.81999969482422,122.56999969482422,631138
2025-10-10T17:30,122.58999633789062,122.93000030517578,122.29000091552734,122.69999694824219,1011088
2025-10-13T13:30,121.93000030517578,122.55999755859375,121.43000030517578,122.05999755859375,702784
2025-10-13T15:30,122.02999877929688,122.58000183105469,121.97000122070312,122.2699966430664,311857
2025-10-13T17:30,122.26000213623047,122.6500015258789,121.7699966430664,121.80999755859375,806333
2025-10-14T13:30,122.61000061035156,124.12999725341797,122.01000213623047,123.19999694824219,692457
2025-10-14T15:30,123.23999786376953,123.66000366210938,123.0999984741211,123.4000015258789,379655
2025-10-14T17:30,123.41000366210938,123.52999877929688,122.94999694824219,123.4800033569336,919623
2025-10-15T13:30,123.83000183105469,124.58000183105469,122.76000213623047,124.0999984741211,501384
2025-10-15T15:30,124.06999969482422,124.19999694824219,123.7300033569336,123.80000305175781,383662
2025-10-15T17:30,123.77999877929688,124.62000274658203,123.7699966430664,124.3499984741211,1162574
2025-10-16T13:30,124.47000122070312,125.11000061035156,123.91000366210938,124.26000213623047,586974
2025-10-16T15:30,124.25,124.41999816894531,123.58999633789062,123.73999786376953,793296
2025-10-16T17:30,123.75,123.80000305175781,123.08000183105469,123.0999984741211,875498
2025-10-17T13:30,123.81999969482422,123.9000015258789,122.80999755859375,123.05999755859375,628159
2025-10-17T15:30,123.08000183105469,123.5199966430664,123.08000183105469,123.51000213623047,974823
2025-10-17T17:30,123.48999786376953,124.29000091552734,123.41999816894531,124.19000244140625,979847
2025-10-20T13:30,124.62999725341797,124.79000091552734,123.5199966430664,123.87000274658203,598826
2025-10-20T15:30,123.86000061035156,124.0999984741211,123.36000061035156,124.06999969482422,387594
2025-10-20T17:30,124.06999969482422,124.81999969482422,123.93000030517578,124.5999984741211,1074934
2025-10-21T13:30,125.11000061035156,125.11000061035156,123.72000122070312,124.11000061035156,447217
2025-10-21T15:30,124.12000274658203,124.3499984741211,123.47000122070312,123.54000091552734,583536
2025-10-21T17:30,123.54000091552734,124.01000213623047,122.94999694824219,123.94000244140625,865084
2025-10-22T13:30,124.19000244140625,125.29000091552734,123.16999816894531,125.13999938964844,774265
2025-10-22T15:30,125.13999938964844,125.48999786376953,124.69000244140625,125.29000091552734,600148
2025-10-22T17:30,125.2699966430664,125.62000274658203,124.58000183105469,124.66000366210938,1145037
2025-10-23T13:30,125.45999908447266,125.45999908447266,123.27999877929688,123.5199966430664,476135
2025-10-23T15:30,123.5199966430664,123.58999633789062,123.04000091552734,123.4800033569336,397490
2025-10-23T17:30,123.4800033569336,123.66999816894531,122.86000061035156,122.91999816894531,1113874
2025-10-24T13:30,122.9800033569336,123.62999725341797,122.66999816894531,123.52999877929688,521528
2025-10-24T15:30,123.52999877929688,124.08999633789062,123.41999816894531,123.62000274658203,292992
2025-10-24T17:30,123.62999725341797,123.62999725341797,122.95999908447266,123.06999969482422,879286
2025-10-27T13:30,122.69000244140625,123.08000183105469,121.9800033569336,122.58000183105469,646376
2025-10-27T15:30,122.58000183105469,122.94999694824219,122.33999633789062,122.75,408263
2025-10-27T17:30,122.75,123.25,122.41999816894531,123.16999816894531,758089
2025-10-28T13:30,122.55999755859375,123.02999877929688,121.36000061035156,122.06999969482422,608140
2025-10-28T15:30,122.08000183105469,122.2699966430664,121.5199966430664,121.66999816894531,517744
2025-10-28T17:30,121.66000366210938,121.83000183105469,121.12999725341797,121.37999725341797,999736
2025-10-29T13:30,121.38999938964844,121.80000305175781,120.2300033569336,120.69000244140625,713782
2025-10-29T15:30,120.70999908447266,120.87000274658203,120.1500015258789,120.1500015258789,768505
2025-10-29T17:30,120.1500015258789,120.37000274658203,119.62000274658203,120.08999633789062,1458988
2025-10-30T13:30,120.30000305175781,121.61000061035156,120.16999816894531,120.5199966430664,612234
2025-10-30T15:30,120.51000213623047,120.87000274658203,120.16000366210938,120.47000122070312,411143
2025-10-30T17:30,120.48999786376953,121.13999938964844,120.20999908447266,120.94999694824219,1094354
2025-10-31T13:30,120.12000274658203,120.41000366210938,119.55000305175781,119.94999694824219,559665
2025-10-31T15:30,119.94000244140625,120.18000030517578,119.68000030517578,119.69000244140625,379059
2025-10-31T17:30,119.69999694824219,120.69000244140625,119.68000030517578,120.1500015258789,1123260
2025-11-03T14:30,119.66999816894531,119.80000305175781,118.12000274658203,118.77999877929688,898723
2025-11-03T16:30,118.79000091552734,119.19000244140625,118.51000213623047,119.13999938964844,410295
2025-11-03T18:30,119.16999816894531,119.7300033569336,119.08000183105469,119.51000213623047,1088790
2025-11-04T14:30,120.12000274658203,120.29000091552734,119.38999938964844,119.5199966430664,753194
2025-11-04T16:30,119.47000122070312,119.66999816894531,119.30000305175781,119.48999786376953,339525
2025-11-04T18:30,119.45999908447266,119.87000274658203,119.30000305175781,119.62000274658203,1117366
2025-11-05T14:30,119.58999633789062,120.26000213623047,118.98999786376953,119.26000213623047,677219
2025-11-05T16:30,119.25,119.66999816894531,119.1500015258789,119.3499984741211,488698
2025-11-05T18:30,119.3499984741211,119.94999694824219,119.04000091552734,119.58999633789062,1244711
2025-11-06T14:30,119.41000366210938,120.48999786376953,119.22000122070312,120.31999969482422,850728
2025-11-06T16:30,120.33999633789062,120.61000061035156,119.86000061035156,120.0199966430664,567434
2025-11-06T18:30,120.02999877929688,120.62999725341797,119.80000305175781,119.91999816894531,1889246
2025-11-07T14:30,119.88999938964844,121.45999908447266,118.56999969482422,119.86000061035156,1730227
2025-11-07T16:30,119.83999633789062,119.9800033569336,118.26000213623047,118.6500015258789,978437
2025-11-07T18:30,118.66000366210938,119.69999694824219,118.36000061035156,119.44999694824219,1917696
2025-11-10T14:30,118.87999725341797,119.48999786376953,118.02999877929688,118.66999816894531,1002082
2025-11-10T16:30,118.63999938964844,118.69000244140625,117.69999694824219,118.62999725341797,645373
2025-11-10T18:30,118.62000274658203,119.20999908447266,118.56999969482422,118.80000305175781,1258900
2025-11-11T14:30,118.95999908447266,119.80000305175781,118.16999816894531,119.72000122070312,613281
2025-11-11T16:30,119.72000122070312,120.01000213623047,119.54000091552734,119.69999694824219,388600
2025-11-11T18:30,119.7300033569336,119.8499984741211,119.41000366210938,119.48999786376953,1002099
2025-11-12T14:30,119.47000122070312,120.06999969482422,119.26000213623047,119.33000183105469,714355
2025-11-12T16:30,119.36000061035156,120.08000183105469,119.25,119.66000366210938,565238
2025-11-12T18:30,119.69000244140625,119.81999969482422,119.2699966430664,119.69000244140625,1251229
2025-11-13T14:30,119.55999755859375,120.11000061035156,118.93000030517578,119.66000366210938,841387
2025-11-13T16:30,119.62000274658203,120.37000274658203,119.43000030517578,120.30999755859375,393234
2025-11-13T18:30,120.30000305175781,120.3499984741211,119.29000091552734,119.43000030517578,1191549
2025-11-14T14:30,120.18000030517578,121.02999877929688,119.12999725341797,119.41999816894531,998757
2025-11-14T16:30,119.41000366210938,119.6500015258789,119.26000213623047,119.5199966430664,417689
2025-11-14T18:30,119.51000213623047,120.29000091552734,119.4800033569336,119.58000183105469,1214241
2025-11-17T14:30,120.18000030517578,120.79000091552734,119.72000122070312,120.41999816894531,759987
2025-11-17T16:30,120.38999938964844,121.22000122070312,120.38999938964844,121.22000122070312,471967
2025-11-17T18:30,121.19999694824219,122.0199966430664,121.12000274658203,121.98999786376953,1693909
2025-11-18T14:30,122.44000244140625,122.72000122070312,121.41000366210938,121.58000183105469,768288
2025-11-18T16:30,121.54000091552734,121.69999694824219,121,121.31999969482422,509830
2025-11-18T18:30,121.30000305175781,121.62999725341797,120.62999725341797,120.66999816894531,1792972
2025-11-19T14:30,120.72000122070312,120.72000122070312,118.72000122070312,118.98999786376953,786671
2025-11-19T16:30,118.95999908447266,119.58999633789062,118.3499984741211,119.4800033569336,649454
2025-11-19T18:30,119.5,119.8499984741211,118.62000274658203,119.0999984741211,1212396
2025-11-20T14:30,119.16000366210938,119.73999786376953,118.75,119.5999984741211,611436
2025-11-20T16:30,119.66000366210938,119.80000305175781,118.91999816894531,119.33999633789062,526123
2025-11-20T18:30,119.36000061035156,119.83999633789062,119,119.43000030517578,1030763
2025-11-21T14:30,119.80000305175781,120.23999786376953,118.80000305175781,119.5199966430664,744303
2025-11-21T16:30,119.55999755859375,119.9800033569336,119.43000030517578,119.8499984741211,412990
2025-11-21T18:30,119.86000061035156,119.91999816894531,119.4800033569336,119.69999694824219,991234
2025-11-24T14:30,119.93000030517578,120.26000213623047,118.30000305175781,119.12999725341797,511148
2025-11-24T16:30,119.13999938964844,119.4800033569336,118.9800033569336,119.29000091552734,298317
2025-11-24T18:30,119.30000305175781,119.44999694824219,118.73999786376953,118.9800033569336,1122509
2025-11-25T14:30,119.13999938964844,119.83999633789062,119.06999969482422,119.1500015258789,558938
2025-11-25T16:30,119.16999816894531,119.5199966430664,118.5999984741211,118.77999877929688,574440
2025-11-25T18:30,118.80000305175781,118.94000244140625,118.48999786376953,118.81999969482422,966578
2025-11-26T14:30,119.29000091552734,120,118.83999633789062,119.7699966430664,772362
2025-11-26T16:30,119.7699966430664,120.11000061035156,119.6500015258789,120.11000061035156,327847
2025-11-26T18:30,120.0999984741211,120.44000244140625,119.87000274658203,120.29000091552734,933506
2025-11-28T14:30,120.01000213623047,120.95999908447266,119.9000015258789,120.44000244140625,547198
2025-11-28T16:30,120.45999908447266,120.8499984741211,120.37000274658203,120.77999877929688,861106
2025-11-28T18:30,120.44000244140625,120.44000244140625,120.44000244140625,120.44000244140625,100
2025-12-01T14:30,120.06999969482422,120.30999755859375,118.7699966430664,118.8499984741211,666941
2025-12-01T16:30,118.8499984741211,119.05000305175781,118.1500015258789,118.69999694824219,509697
2025-12-01T18:30,118.69000244140625,118.77999877929688,117.58999633789062,117.69999694824219,1485974
2025-12-02T14:30,118.01000213623047,118.05000305175781,116.63999938964844,117.0199966430664,602580
2025-12-02T16:30,116.9800033569336,117.19000244140625,116.33000183105469,116.5199966430664,489826
2025-12-02T18:30,116.5199966430664,116.88999938964844,116.3499984741211,116.61000061035156,1281619
2025-12-03T14:30,116.80999755859375,117.4800033569336,115.91999816894531,116.02999877929688,678135
2025-12-03T16:30,116.0199966430664,116.08999633789062,115.3499984741211,115.44999694824219,581792
2025-12-03T18:30,115.44999694824219,115.98999786376953,115.37000274658203,115.5999984741211,1102931
2025-12-04T14:30,115.36000061035156,116.38999938964844,115.33999633789062,115.44999694824219,713643
2025-12-04T16:30,115.43000030517578,115.66000366210938,115.05000305175781,115.2699966430664,566752
2025-12-04T18:30,115.27999877929688,115.29000091552734,114.83000183105469,114.97000122070312,1089232
2025-12-05T14:30,114.83000183105469,115.16999816894531,114.11000061035156,114.61000061035156,677705
2025-12-05T16:30,114.61000061035156,114.63999938964844,114.11000061035156,114.2699966430664,591394
2025-12-05T18:30,114.27999877929688,114.73999786376953,113.43000030517578,113.55000305175781,1558403
2025-12-08T14:30,113.23999786376953,113.44999694824219,111.22000122070312,112.58999633789062,1762688
2025-12-08T16:30,112.5999984741211,113.08999633789062,112.58999633789062,112.94000244140625,646648
2025-12-08T18:30,112.94000244140625,113.01000213623047,111.9800033569336,112.27999877929688,1750997
2025-12-09T14:30,112.83999633789062,113.23999786376953,112.12000274658203,112.52999877929688,686481
2025-12-09T16:30,112.54000091552734,112.56999969482422,112.1500015258789,112.37000274658203,534382
2025-12-09T18:30,112.37999725341797,112.51000213623047,112.12999725341797,112.31999969482422,1065912
2025-12-10T14:30,112.33999633789062,112.45999908447266,111.5,111.80000305175781,634286
2025-12-10T16:30,111.79000091552734,111.94999694824219,111.68000030517578,111.7699966430664,408169
2025-12-10T18:30,111.77999877929688,111.87999725341797,110.98999786376953,111.08999633789062,1427797
2025-12-11T14:30,111.63999938964844,112.55000305175781,111.62000274658203,111.86000061035156,786939
2025-12-11T16:30,111.86000061035156,112.19999694824219,111.66999816894531,111.73999786376953,540980
2025-12-11T18:30,111.73999786376953,111.75,111.08000183105469,111.45999908447266,1164207
2025-12-12T14:30,111.58000183105469,112.0999984741211,111.4800033569336,111.72000122070312,584879
2025-12-12T16:30,111.75,111.93000030517578,111.52999877929688,111.88999938964844,518272
2025-12-12T18:30,111.87999725341797,112.41000366210938,111.81999969482422,112.33999633789062,1203521
2025-12-15T14:30,112.86000061035156,113.48999786376953,112.47000122070312,112.8499984741211,837832
2025-12-15T16:30,112.83999633789062,113.27999877929688,112.69000244140625,113.27999877929688,539772
2025-12-15T18:30,113.30999755859375,113.97000122070312,113.19999694824219,113.7699966430664,1331931
2025-12-16T14:30,114,114.2300033569336,112.91999816894531,112.97000122070312,755488
2025-12-16T16:30,112.94000244140625,113.0199966430664,112.30000305175781,112.33999633789062,581354
2025-12-16T18:30,112.33000183105469,113.1500015258789,112.30999755859375,112.62999725341797,900882
2025-12-17T14:30,112.5199966430664,114.12000274658203,112.44999694824219,114.04000091552734,852336
2025-12-17T16:30,114.04000091552734,114.41999816894531,113.80999755859375,114.04000091552734,927637
2025-12-17T18:30,114.04000091552734,114.9000015258789,114.0199966430664,114.45999908447266,1723426
2025-12-18T14:30,114.3499984741211,114.75,113.66999816894531,114.33000183105469,1081446
2025-12-18T16:30,114.30000305175781,114.80000305175781,114.19000244140625,114.58999633789062,1351526
2025-12-18T18:30,114.58000183105469,114.77999877929688,114.30999755859375,114.55999755859375,1365158
2025-12-19T14:30,114.43000030517578,114.48999786376953,113.6500015258789,114.13999938964844,2343167
2025-12-19T16:30,114.1500015258789,114.1500015258789,113.41999816894531,113.4800033569336,445795
2025-12-19T18:30,113.48999786376953,113.55999755859375,112.5999984741211,112.62999725341797,1495346
2025-12-22T14:30,112.36000061035156,113.37000274658203,112.06999969482422,113.23999786376953,646668
2025-12-22T16:30,113.25,113.36000061035156,112.83000183105469,113.05000305175781,383281
2025-12-22T18:30,113.05000305175781,113.48999786376953,112.88999938964844,113.31999969482422,757598
2025-12-23T14:30,113.4000015258789,113.91999816894531,113.16000366210938,113.51000213623047,539948
2025-12-23T16:30,113.52999877929688,114.19999694824219,113.45999908447266,113.94999694824219,816455
2025-12-23T18:30,113.94999694824219,114.0999984741211,113.69000244140625,113.80000305175781,750195
2025-12-24T14:30,114.19999694824219,114.51000213623047,113.91999816894531,114.08000183105469,370631
2025-12-24T16:30,114.05999755859375,114.4800033569336,113.83999633789062,114.4800033569336,683228
2025-12-24T18:30,114.4800033569336,114.4800033569336,114.4800033569336,114.4800033569336,3036
2025-12-26T14:30,114.16999816894531,114.80000305175781,114.0999984741211,114.16000366210938,390605
2025-12-26T16:30,114.1500015258789,114.19999694824219,113.9000015258789,113.91999816894531,328893
2025-12-26T18:30,113.97000122070312,114.3499984741211,113.79000091552734,114.2300033569336,435592
2025-12-29T14:30,114.30999755859375,115.0199966430664,114.08999633789062,114.91999816894531,633126
2025-12-29T16:30,114.88999938964844,115,114.7699966430664,114.9800033569336,322532
2025-12-29T18:30,114.98999786376953,115.01000213623047,114.41999816894531,114.51000213623047,783841
2025-12-30T14:30,114.58999633789062,114.81999969482422,114.26000213623047,114.55000305175781,361899
2025-12-30T16:30,114.54000091552734,114.62999725341797,114.41000366210938,114.58000183105469,341868
2025-12-30T18:30,114.58999633789062,114.93000030517578,114.58000183105469,114.69000244140625,733637
2025-12-31T14:30,114.69999694824219,114.80000305175781,114.33999633789062,114.37000274658203,271326
2025-12-31T16:30,114.37999725341797,114.5199966430664,114.36000061035156,114.44000244140625,264715
2025-12-31T18:30,114.44999694824219,114.61000061035156,114.11000061035156,114.2300033569336,587055
2026-01-02T14:30,114.19000244140625,114.70999908447266,113.41000366210938,114.36000061035156,584534
2026-01-02T16:30,114.36000061035156,114.69000244140625,114.25,114.62999725341797,301031
2026-01-02T18:30,114.5999984741211,115.05999755859375,114.16999816894531,114.44999694824219,734235
2026-01-05T14:30,114.0199966430664,114.0199966430664,112.16000366210938,112.54000091552734,1206094
2026-01-05T16:30,112.55000305175781,112.70999908447266,112.16999816894531,112.55000305175781,845273
2026-01-05T18:30,112.54000091552734,113.9800033569336,112.52999877929688,113.83999633789062,1499320
2026-01-06T14:30,113.77999877929688,114.30000305175781,113.43000030517578,113.55000305175781,525164
2026-01-06T16:30,113.55000305175781,113.94999694824219,113.43000030517578,113.93000030517578,573895
2026-01-06T18:30,113.94000244140625,114.9000015258789,113.83000183105469,114.73999786376953,1416755
2026-01-07T14:30,115.11000061035156,115.27999877929688,113.94000244140625,114.11000061035156,673692
2026-01-07T16:30,114.12000274658203,114.20999908447266,113.69000244140625,113.69000244140625,435715
2026-01-07T18:30,113.69999694824219,113.80000305175781,112.98999786376953,113.23999786376953,1470791
2026-01-08T14:30,113.54000091552734,115.56999969482422,113.2300033569336,114.91999816894531,991079
2026-01-08T16:30,114.9800033569336,115.19999694824219,114.81999969482422,114.94999694824219,480662
2026-01-08T18:30,114.95999908447266,115.18000030517578,114.20999908447266,114.31999969482422,967928
2026-01-09T14:30,114.4000015258789,115.23999786376953,113.97000122070312,114.05999755859375,768081
2026-01-09T16:30,114.05999755859375,114.31999969482422,113.9000015258789,114.2300033569336,477473
2026-01-09T18:30,114.2300033569336,114.33999633789062,113.77999877929688,113.83999633789062,1016820
2026-01-12T14:30,113.79000091552734,114.48999786376953,113.30000305175781,113.87000274658203,821196
2026-01-12T16:30,113.86000061035156,113.95999908447266,113.5,113.6500015258789,526472
2026-01-12T18:30,113.63999938964844,113.88999938964844,113.4000015258789,113.72000122070312,939623
2026-01-13T14:30,113.51000213623047,114.55999755859375,113.19000244140625,113.36000061035156,940256
2026-01-13T16:30,113.37000274658203,113.87999725341797,113.0199966430664,113.7300033569336,616188
2026-01-13T18:30,113.72000122070312,114.41000366210938,113.72000122070312,114.37999725341797,969743
2026-01-14T14:30,114.56999969482422,115.69000244140625,114.36000061035156,115.55000305175781,1147801
2026-01-14T16:30,115.55999755859375,116.0999984741211,115.5199966430664,115.91000366210938,775392
2026-01-14T18:30,115.93000030517578,116.25,115.52999877929688,115.69999694824219,1528197
2026-01-15T14:30,115.5999984741211,116.27999877929688,115.43000030517578,115.91000366210938,980295
2026-01-15T16:30,115.87999725341797,116.04000091552734,115.72000122070312,116.02999877929688,658456
2026-01-15T18:30,116,116.36000061035156,115.6500015258789,115.87999725341797,1261938
2026-01-16T14:30,115.4800033569336,116.3499984741211,114.8499984741211,116.18000030517578,1165950
2026-01-16T16:30,116.20999908447266,116.31999969482422,115.80999755859375,115.88999938964844,592300
2026-01-16T18:30,115.88999938964844,116.33999633789062,115.58000183105469,116.1500015258789,1517129
2026-01-20T14:30,116.02999877929688,116.58999633789062,115.08999633789062,116.44000244140625,1093813
2026-01-20T16:30,116.44999694824219,116.58999633789062,116.05000305175781,116.30000305175781,702946
2026-01-20T18:30,116.30000305175781,116.54000091552734,115.91999816894531,116.5,1728249
2026-01-21T14:30,117.12000274658203,117.76000213623047,115.43000030517578,115.69999694824219,1097974
2026-01-21T16:30,115.70999908447266,116.63999938964844,115.69999694824219,116.52999877929688,543843
2026-01-21T18:30,116.5199966430664,116.61000061035156,115.69999694824219,116.33000183105469,1781222
2026-01-22T14:30,116.11000061035156,116.45999908447266,114.91999816894531,115.61000061035156,967151
2026-01-22T16:30,115.61000061035156,115.73999786376953,115.29000091552734,115.69000244140625,647039
2026-01-22T18:30,115.69999694824219,115.91000366210938,114.62000274658203,114.70999908447266,1474446
2026-01-23T14:30,114.87999725341797,114.93000030517578,113.47000122070312,113.97000122070312,1057989
2026-01-23T16:30,113.9800033569336,114.01000213623047,113.27999877929688,113.91999816894531,760251
2026-01-23T18:30,113.91999816894531,114.4800033569336,113.83000183105469,114.41999816894531,1224682
2026-01-26T14:30,115.1500015258789,116.6500015258789,115,115.87999725341797,1127100
2026-01-26T16:30,115.88999938964844,116.05999755859375,115.5199966430664,116.04000091552734,490497
2026-01-26T18:30,116.04000091552734,116.1500015258789,115.61000061035156,115.75,1424790
2026-01-27T14:30,115.75,116.73999786376953,115.18000030517578,116.44999694824219,966680
2026-01-27T16:30,116.45999908447266,116.9800033569336,116.41999816894531,116.73999786376953,649256
2026-01-27T18:30,116.75,117.25,116.47000122070312,117.20999908447266,1887593
2026-01-28T14:30,117.12999725341797,118.01000213623047,116.9000015258789,117.86000061035156,1004303
2026-01-28T16:30,117.87999725341797,117.94999694824219,117.30000305175781,117.30000305175781,959742
2026-01-28T18:30,117.30999755859375,117.33999633789062,116.55000305175781,117.13999938964844,1586617
2026-01-29T14:30,117.30999755859375,118.62999725341797,117.30999755859375,118.12999725341797,1330313
2026-01-29T16:30,118.12999725341797,118.22000122070312,117.22000122070312,117.45999908447266,681160
2026-01-29T18:30,117.45999908447266,118.12000274658203,117.2300033569336,117.80000305175781,1378115
2026-01-30T14:30,117.63999938964844,118.02999877929688,117.16999816894531,117.4000015258789,602135
2026-01-30T16:30,117.41999816894531,117.68000030517578,117.04000091552734,117.54000091552734,796321
2026-01-30T18:30,117.54000091552734,118.33000183105469,117.4800033569336,118.26000213623047,1910382
2026-02-02T14:30,118.36000061035156,118.88999938964844,116.80999755859375,117.11000061035156,1072927
2026-02-02T16:30,117.11000061035156,117.25,116.38999938964844,116.55000305175781,635588
2026-02-02T18:30,116.54000091552734,116.69000244140625,116,116.45999908447266,1768749
2026-02-03T14:30,116.43000030517578,118.23999786376953,116.43000030517578,118.1500015258789,1261868
2026-02-03T16:30,118.1500015258789,118.77999877929688,118.05999755859375,118.37999725341797,880430
2026-02-03T18:30,118.41000366210938,118.79000091552734,118.19000244140625,118.55000305175781,1301414
2026-02-04T14:30,119.31999969482422,120.0199966430664,118.51000213623047,119.77999877929688,1414444
2026-02-04T16:30,119.80999755859375,120.18000030517578,119.75,119.79000091552734,832706
2026-02-04T18:30,119.80000305175781,120.19999694824219,118.88999938964844,119.08999633789062,1316945
2026-02-05T14:30,119.88999938964844,120.88999938964844,119.30999755859375,119.55000305175781,1332834
2026-02-05T16:30,119.56999969482422,120.4800033569336,119.51000213623047,120.22000122070312,791501
2026-02-05T18:30,120.19999694824219,120.61000061035156,119.76000213623047,120.25,1628284
2026-02-06T14:30,120.83999633789062,121.11000061035156,118.4000015258789,118.47000122070312,933835
2026-02-06T16:30,118.45999908447266,119.08999633789062,118.23999786376953,118.55000305175781,752333
2026-02-06T18:30,118.55000305175781,118.97000122070312,118.29000091552734,118.72000122070312,1563583
2026-02-09T14:30,118.38999938964844,118.9000015258789,117.69999694824219,118.22000122070312,1018023
2026-02-09T16:30,118.22000122070312,118.38999938964844,117.94000244140625,118.3499984741211,648179
2026-02-09T18:30,118.36000061035156,118.94999694824219,118.11000061035156,118.61000061035156,1489158
2026-02-10T14:30,119.08000183105469,120.11000061035156,117.38999938964844,119.68000030517578,2009410
2026-02-10T16:30,119.68000030517578,120.51000213623047,119.66999816894531,120.18000030517578,1131776
2026-02-10T18:30,120.18000030517578,121.19000244140625,120.12000274658203,120.47000122070312,2685023
2026-02-11T14:30,121.0999984741211,121.29000091552734,119.77999877929688,121.13999938964844,1904194
2026-02-11T16:30,121.13999938964844,121.66999816894531,120.9800033569336,121.55999755859375,870194
2026-02-11T18:30,121.55999755859375,122.19999694824219,121.41999816894531,122.0199966430664,2303063
2026-02-12T14:30,122.19999694824219,124.62000274658203,122.11000061035156,124.52999877929688,1852996
2026-02-12T16:30,124.5199966430664,124.81999969482422,123.69999694824219,123.88999938964844,1798598
2026-02-12T18:30,123.93000030517578,124.20999908447266,122.87000274658203,122.87999725341797,2366953
2026-02-13T14:30,122.95999908447266,125.44999694824219,122.81999969482422,125.37999725341797,1763159
2026-02-13T16:30,125.37999725341797,125.66000366210938,124.94999694824219,125.47000122070312,1181021
2026-02-13T18:30,125.48999786376953,126.05000305175781,125.19000244140625,125.9800033569336,1793999
2026-02-17T14:30,126.0999984741211,126.77999877929688,124.81999969482422,125.0999984741211,1188642
2026-02-17T16:30,125.12999725341797,125.20999908447266,124.41000366210938,124.5,608510
2026-02-17T18:30,124.51000213623047,124.75,124,124.54000091552734,1370651
2026-02-18T14:30,124.72000122070312,124.72000122070312,122.93000030517578,123.16000366210938,897117
2026-02-18T16:30,123.16999816894531,123.3499984741211,122.80000305175781,123.12999725341797,668233
2026-02-18T18:30,123.11000061035156,123.26000213623047,122.62999725341797,123.08000183105469,1811492
2026-02-19T14:30,123.4800033569336,124.37000274658203,123.13999938964844,123.7300033569336,942032
2026-02-19T16:30,123.72000122070312,124.38999938964844,123.70999908447266,124.33999633789062,509439
2026-02-19T18:30,124.37999725341797,124.58000183105469,123.58999633789062,124.19000244140625,1898746
2026-02-20T14:30,124.98999786376953,125.12000274658203,122.93000030517578,123.75,1249078
2026-02-20T16:30,123.7699966430664,124.72000122070312,123.62999725341797,124.63999938964844,1343036
2026-02-20T18:30,124.63999938964844,124.81999969482422,124.16999816894531,124.5999984741211,1604569
2026-02-23T14:30,124.6500015258789,126.4000015258789,124.6500015258789,125.62000274658203,1205819
2026-02-23T16:30,125.66999816894531,125.66999816894531,125.22000122070312,125.61000061035156,747953
2026-02-23T18:30,125.62000274658203,125.62000274658203,124.62000274658203,125.58999633789062,2297847
2026-02-24T14:30,125.66000366210938,125.80000305175781,124.33999633789062,124.81999969482422,1493875
2026-02-24T16:30,124.83000183105469,125.69999694824219,124.83000183105469,125.55999755859375,547739
2026-02-24T18:30,125.55000305175781,126.3499984741211,125.47000122070312,126.23999786376953,1314716
2026-02-25T14:30,125.87999725341797,125.9800033569336,124.11000061035156,125.58999633789062,1023928
2026-02-25T16:30,125.5999984741211,126.22000122070312,125.55000305175781,126.02999877929688,653133
2026-02-25T18:30,126.0199966430664,126.94999694824219,125.88999938964844,126.72000122070312,1458259
2026-02-26T14:30,127.05000305175781,127.56999969482422,126.02999877929688,126.93000030517578,1071243
2026-02-26T16:30,126.95999908447266,127.26000213623047,126.81999969482422,127.05999755859375,564823
2026-02-26T18:30,127.05999755859375,127.33999633789062,126.80000305175781,127.01000213623047,1501000
2026-02-27T14:30,127.63999938964844,128.9600067138672,127.06999969482422,128.77000427246094,1019447
2026-02-27T16:30,128.77000427246094,129.30999755859375,128.6699981689453,128.72999572753906,743859
2026-02-27T18:30,128.72999572753906,128.9600067138672,128.35000610351562,128.61000061035156,1340796
2026-03-02T14:30,128.75,129.63999938964844,128.3000030517578,129.25,831940
2026-03-02T16:30,129.24000549316406,129.3699951171875,128.91000366210938,129.17999267578125,1305251
2026-03-02T18:30,129.19000244140625,129.92999267578125,128.97999572753906,129.36000061035156,1787687
2026-03-03T14:30,128.60000610351562,128.88999938964844,126.27999877929688,127.83999633789062,936614
2026-03-03T16:30,127.86000061035156,128.5,127.5999984741211,128.30999755859375,456985
2026-03-03T18:30,128.27000427246094,130.02000427246094,128.25,129.1699981689453,1521454
2026-03-04T14:30,129.24000549316406,129.55999755859375,128.30999755859375,129.07000732421875,837615
2026-03-04T16:30,129.08999633789062,130.11000061035156,129.08999633789062,130.08999633789062,506743
2026-03-04T18:30,130.0800018310547,130.3699951171875,129.2100067138672,129.60000610351562,1587802
2026-03-05T14:30,128.75999450683594,129.27999877929688,127.30000305175781,128.2100067138672,777138
2026-03-05T16:30,128.2100067138672,129.39999389648438,127.94000244140625,129.3800048828125,1022539
2026-03-05T18:30,129.3800048828125,129.4600067138672,128.5399932861328,129.36000061035156,1795451
2026-03-06T14:30,129.13999938964844,129.75,128.0399932861328,128.27999877929688,1442202
2026-03-06T16:30,128.27999877929688,129.99000549316406,127.98999786376953,129.8800048828125,761511
2026-03-06T18:30,129.8699951171875,130.35000610351562,129.36000061035156,130.1999969482422,1505049
2026-03-09T13:30,129.58999633789062,130.1999969482422,128.2899932861328,128.6999969482422,1924270
2026-03-09T15:30,128.75,129.24000549316406,128.63999938964844,129.0399932861328,903093
2026-03-09T17:30,129.0399932861328,129.5500030517578,128.5800018310547,128.83999633789062,2678554
2026-03-10T13:30,127.2699966430664,128.1699981689453,126.33999633789062,127.80999755859375,2250353
2026-03-10T15:30,127.83000183105469,128.44000244140625,127.75,128.1300048828125,1660403
2026-03-10T17:30,128.11000061035156,128.25999450683594,127.18000030517578,127.5,3042655
2026-03-11T13:30,127.2699966430664,128.25,126.93000030517578,128.02000427246094,1225993
2026-03-11T15:30,128.00999450683594,128.10000610351562,127.25,128.02999877929688,670654
2026-03-11T17:30,128.05999755859375,128.05999755859375,127.36000061035156,127.80000305175781,1485764
2026-03-12T13:30,127.76000213623047,130.75999450683594,127.72000122070312,130.57000732421875,1660177
2026-03-12T15:30,130.55999755859375,130.91000366210938,130.27999877929688,130.50999450683594,1201109
2026-03-12T17:30,130.50999450683594,130.6699981689453,129.4600067138672,129.5399932861328,2043992
2026-03-13T13:30,130.2100067138672,131.80999755859375,130.2100067138672,131.3300018310547,1307959
2026-03-13T15:30,131.3300018310547,131.7899932861328,130.86000061035156,131.58999633789062,960509
2026-03-13T17:30,131.60000610351562,131.7100067138672,130.67999267578125,130.85000610351562,1728440
2026-03-16T13:30,131.5500030517578,131.9600067138672,130.83999633789062,131.49000549316406,1102278
2026-03-16T15:30,131.49000549316406,131.61000061035156,130.75999450683594,131.2100067138672,751899
2026-03-16T17:30,131.22000122070312,131.55999755859375,130.75999450683594,131.17999267578125,1758749
2026-03-17T13:30,131.97000122070312,132.17999267578125,130.88999938964844,131.5800018310547,1465992
2026-03-17T15:30,131.5800018310547,131.72000122070312,131.19000244140625,131.41000366210938,566534
2026-03-17T17:30,131.39999389648438,131.50999450683594,130.5,130.67999267578125,1193032
2026-03-18T13:30,130.02999877929688,130.35000610351562,129.05999755859375,129.22000122070312,700004
2026-03-18T15:30,129.22999572753906,129.6699981689453,129.0399932861328,129.4499969482422,467636
2026-03-18T17:30,129.4600067138672,129.55999755859375,128.4499969482422,128.50999450683594,1566310
2026-03-19T13:30,128.5,129.14999389648438,128.05999755859375,128.22000122070312,1423551
2026-03-19T15:30,128.2100067138672,128.50999450683594,126.66000366210938,127.25,1483942
2026-03-19T17:30,127.23999786376953,128.00999450683594,127.12999725341797,127.5199966430664,1619469
2026-03-20T13:30,128.19000244140625,128.2899932861328,126.22000122070312,126.5,1487546
2026-03-20T15:30,126.48999786376953,126.7699966430664,125.48999786376953,126.7699966430664,680691
2026-03-20T17:30,126.73999786376953,126.88999938964844,124.58999633789062,124.69999694824219,2234656
2026-03-23T13:30,125.72000122070312,125.91000366210938,124.7699966430664,125.0999984741211,1003747
2026-03-23T15:30,125.0999984741211,125.5,124.91000366210938,125.27999877929688,1124551
2026-03-23T17:30,125.29000091552734,125.9000015258789,124.79000091552734,125.13999938964844,1452712
2026-03-24T13:30,124.79000091552734,126.66999816894531,124.66999816894531,126.48999786376953,1254957
2026-03-24T15:30,126.48999786376953,126.87000274658203,126.29000091552734,126.37000274658203,668480
2026-03-24T17:30,126.36000061035156,126.38999938964844,124.95999908447266,125.18000030517578,1361333
2026-03-25T13:30,125.98999786376953,126.5199966430664,124.98999786376953,126.4800033569336,875287
2026-03-25T15:30,126.4800033569336,126.77999877929688,126.44000244140625,126.68000030517578,554774
2026-03-25T17:30,126.69000244140625,126.77999877929688,125.83000183105469,125.95999908447266,1180955
2026-03-26T13:30,126.12000274658203,127.04000091552734,125.69000244140625,126.33000183105469,706924
2026-03-26T15:30,126.33000183105469,127.43000030517578,126.16000366210938,127.4000015258789,545737
2026-03-26T17:30,127.4000015258789,127.63999938964844,126.87999725341797,127.11000061035156,1305520
2026-03-27T13:30,127.31999969482422,128.9499969482422,126.80000305175781,128.6999969482422,991789
2026-03-27T15:30,128.69000244140625,128.83999633789062,128.38999938964844,128.50999450683594,937272
2026-03-27T17:30,128.5,128.77000427246094,127.5,127.72000122070312,1662982
2026-03-30T13:30,129.19000244140625,130.42999267578125,128.80999755859375,130.05999755859375,888534
2026-03-30T15:30,130.07000732421875,130.2100067138672,129.6999969482422,130.05999755859375,517875
2026-03-30T17:30,130.0800018310547,130.14999389648438,129.17999267578125,129.47000122070312,1285721
2026-03-31T13:30,130.3800048828125,130.3800048828125,127.58999633789062,127.58999633789062,1516951
2026-03-31T15:30,127.56999969482422,128.9199981689453,127.5199966430664,127.66999816894531,779137
2026-03-31T17:30,127.70999908447266,128.7100067138672,127.58999633789062,128.67999267578125,1754435
2026-04-01T13:30,128.19000244140625,129.60000610351562,127.81999969482422,127.95999908447266,1092637
2026-04-01T15:30,127.97000122070312,128.63999938964844,127.62999725341797,128.32000732421875,964578
2026-04-01T17:30,128.3300018310547,129.02999877929688,128.2100067138672,128.6699981689453,1565645
2026-04-02T13:30,129.6300048828125,130.74000549316406,128.64999389648438,130.07000732421875,776561
2026-04-02T15:30,130.05999755859375,130.35000610351562,129.9499969482422,130.1699981689453,609375
2026-04-02T17:30,130.1699981689453,130.17999267578125,129.57000732421875,129.94000244140625,1313509
2026-04-06T13:30,129.36000061035156,130.4199981689453,128.75,129.6699981689453,820641
2026-04-06T15:30,129.64999389648438,129.69000244140625,129.2899932861328,129.33999633789062,471842
2026-04-06T17:30,129.32000732421875,129.42999267578125,129.02999877929688,129.16000366210938,946294
2026-04-07T13:30,129.24000549316406,130.58999633789062,128.88999938964844,130.1699981689453,614532
2026-04-07T15:30,130.17999267578125,130.39999389648438,129.9199981689453,129.97999572753906,375308
2026-04-07T17:30,129.97999572753906,130.07000732421875,129.36000061035156,129.5500030517578,951889
2026-04-08T13:30,128.0800018310547,128.88999938964844,127.2300033569336,128.36000061035156,1020058
2026-04-08T15:30,128.3699951171875,129.0399932861328,128.35000610351562,128.66000366210938,623698
2026-04-08T17:30,128.64999389648438,129.38999938964844,128.3800048828125,129.36000061035156,1270098
2026-04-09T13:30,129.02000427246094,131.82000732421875,129.02000427246094,131.47999572753906,956207
2026-04-09T15:30,131.47999572753906,131.64999389648438,131.0500030517578,131.17999267578125,493378
2026-04-09T17:30,131.19000244140625,131.24000549316406,130.6999969482422,130.6999969482422,1094883
2026-04-10T13:30,130.1300048828125,131.22000122070312,130.1300048828125,130.64999389648438,629966
2026-04-10T15:30,130.6699981689453,131.1199951171875,130.41000366210938,130.41000366210938,419386
2026-04-10T17:30,130.3699951171875,130.42999267578125,129.52000427246094,129.52999877929688,948767
2026-04-13T13:30,129.55999755859375,129.85000610351562,128.3000030517578,128.33999633789062,656117
2026-04-13T15:30,128.36000061035156,128.3800048828125,127.5999984741211,127.77999877929688,771312
2026-04-13T17:30,127.79000091552734,128.19000244140625,127.5199966430664,128.13999938964844,1284087
2026-04-14T13:30,127.62000274658203,127.86000061035156,126.16999816894531,127.5,675020
2026-04-14T15:30,127.5,127.5199966430664,126.83999633789062,126.9800033569336,377231
2026-04-14T17:30,126.94999694824219,127.72000122070312,126.73999786376953,127.55000305175781,869087
2026-04-15T13:30,127.02999877929688,127.02999877929688,125.94999694824219,126.41999816894531,552094
2026-04-15T15:30,126.44999694824219,127.01000213623047,126.26000213623047,126.77999877929688,407529
2026-04-15T17:30,126.7699966430664,126.7699966430664,125.7300033569336,125.77999877929688,1440152
2026-04-16T13:30,125.52999877929688,126.79000091552734,125.11000061035156,125.5999984741211,616173
2026-04-16T15:30,125.62000274658203,125.72000122070312,124.93000030517578,125.30999755859375,672980
2026-04-16T17:30,125.30000305175781,126.5,125.2699966430664,126.41000366210938,797853
2026-04-17T13:30,125.31999969482422,125.63999938964844,123.76000213623047,124.19000244140625,1288309
2026-04-17T15:30,124.16999816894531,125.44000244140625,124.08999633789062,125.36000061035156,445509
2026-04-17T17:30,125.3499984741211,125.98999786376953,125.30000305175781,125.81999969482422,888951
2026-04-20T13:30,125.93000030517578,126.95999908447266,125.37999725341797,126.66999816894531,533713
2026-04-20T15:30,126.66999816894531,126.75,126.43000030517578,126.47000122070312,411840
2026-04-20T17:30,126.47000122070312,126.4800033569336,125.55000305175781,125.66999816894531,1105017
2026-04-21T13:30,126.26000213623047,126.29000091552734,123.94999694824219,124.22000122070312,772863
2026-04-21T15:30,124.20999908447266,124.93000030517578,124.11000061035156,124.41000366210938,417960
2026-04-21T17:30,124.41999816894531,124.55000305175781,123.4800033569336,123.52999877929688,1010526
2026-04-22T13:30,124.56999969482422,125.06999969482422,124.02999877929688,124.13999938964844,551507
2026-04-22T15:30,124.13999938964844,124.1500015258789,123.47000122070312,123.68000030517578,370831
2026-04-22T17:30,123.69000244140625,123.73999786376953,122.75,123.08999633789062,989313
2026-04-23T13:30,124.22000122070312,125.7699966430664,123.83000183105469,125.23999786376953,545955
2026-04-23T15:30,125.30999755859375,125.72000122070312,125.18000030517578,125.70999908447266,375233
2026-04-23T17:30,125.73999786376953,126.11000061035156,125.45999908447266,125.83000183105469,1103854
2026-04-24T13:30,125.58999633789062,126.04000091552734,124.58999633789062,125.4000015258789,683712
2026-04-24T15:30,125.37999725341797,125.48999786376953,124.79000091552734,125.02999877929688,356736
2026-04-24T17:30,125.04000091552734,125.2699966430664,124.66000366210938,125.05999755859375,767108
2026-04-27T13:30,125.45999908447266,126.12999725341797,125.25,125.36000061035156,463301
2026-04-27T15:30,125.36000061035156,125.45999908447266,125.02999877929688,125.25,284374
2026-04-27T17:30,125.26000213623047,125.3499984741211,124.68000030517578,124.88999938964844,832720
2026-04-28T13:30,126.26000213623047,126.38999938964844,124.91000366210938,125.98999786376953,434315
2026-04-28T15:30,126.01000213623047,126.13999938964844,125.43000030517578,125.45999908447266,388849
2026-04-28T17:30,125.44999694824219,125.7300033569336,125.1500015258789,125.5999984741211,739409
2026-04-29T13:30,125.12000274658203,125.56999969482422,124.2699966430664,124.94000244140625,535331
2026-04-29T15:30,124.94000244140625,125.73999786376953,124.62000274658203,125.31999969482422,294359
2026-04-29T17:30,125.30000305175781,125.37000274658203,124.18000030517578,124.37000274658203,1004063
2026-04-30T13:30,124.83999633789062,126.91000366210938,123.94000244140625,125.98999786376953,687104
2026-04-30T15:30,125.9800033569336,126.4000015258789,125.66999816894531,125.68000030517578,412729
2026-04-30T17:30,125.66999816894531,127.61000061035156,125.54000091552734,127.37000274658203,1567672
2026-05-01T13:30,127.20999908447266,128.4499969482422,126.66999816894531,127.80999755859375,785320
2026-05-01T15:30,127.80000305175781,128.13999938964844,126.80999755859375,126.83999633789062,401600
2026-05-01T17:30,126.83000183105469,127.16999816894531,126.37999725341797,126.41000366210938,910074
2026-05-04T13:30,125.80000305175781,126.62000274658203,124.95999908447266,126.37999725341797,579723
2026-05-04T15:30,126.37000274658203,126.77999877929688,124.83999633789062,125.30999755859375,445652
2026-05-04T17:30,125.20999908447266,125.44999694824219,124.56999969482422,125.30999755859375,1643301
2026-05-05T13:30,126.68000030517578,127.06999969482422,125.63999938964844,125.91000366210938,964995
2026-05-05T15:30,125.91999816894531,126.7699966430664,125.69999694824219,126.52999877929688,547179
2026-05-05T17:30,126.54000091552734,127.0199966430664,125.36000061035156,125.43000030517578,1540137
2026-05-06T13:30,124.8499984741211,125.30000305175781,122.94999694824219,123.3499984741211,915935
2026-05-06T15:30,123.33999633789062,123.5999984741211,122.86000061035156,122.87000274658203,697092
2026-05-06T17:30,122.88999938964844,123.73999786376953,122.83999633789062,123.3499984741211,1468952
2026-05-07T13:30,122.8499984741211,122.94999694824219,121.91999816894531,122.58999633789062,740949
2026-05-07T15:30,122.55999755859375,122.86000061035156,122.2699966430664,122.5199966430664,467406
2026-05-07T17:30,122.54000091552734,122.76000213623047,122.06999969482422,122.72000122070312,1257453
2026-05-08T13:30,122.88999938964844,123.52999877929688,121.30000305175781,122.19000244140625,816899
2026-05-08T15:30,122.19000244140625,122.6500015258789,122.0999984741211,122.20999908447266,331756
2026-05-08T17:30,122.23999786376953,122.55999755859375,121.83999633789062,122,876241
2026-05-11T13:30,122.38999938964844,123.05999755859375,122.23999786376953,122.68000030517578,548803
2026-05-11T15:30,122.68000030517578,123.06999969482422,122.37999725341797,122.91000366210938,335163
2026-05-11T17:30,122.9000015258789,123.19999694824219,122.51000213623047,122.75,778944
2026-05-12T13:30,122.8499984741211,123.5199966430664,121.72000122070312,123.41999816894531,972181
2026-05-12T15:30,123.3499984741211,123.63999938964844,122.88999938964844,123.16000366210938,459234
2026-05-12T17:30,123.11000061035156,123.66000366210938,122.87999725341797,122.94999694824219,1176993
2026-05-13T13:30,121.86000061035156,122.38999938964844,120.7300033569336,121.55999755859375,730006
2026-05-13T15:30,121.55999755859375,122.08999633789062,121.33000183105469,121.94000244140625,546040
2026-05-13T17:30,121.95999908447266,122.22000122070312,121.61000061035156,121.76000213623047,1313044
2026-05-14T13:30,121.7699966430664,122.26000213623047,121.29000091552734,121.47000122070312,504521
2026-05-14T15:30,121.47000122070312,121.87000274658203,121.30000305175781,121.55000305175781,444571
2026-05-14T17:30,121.5199966430664,122.19999694824219,121.4000015258789,122.18000030517578,786208
2026-05-15T13:30,121.87999725341797,122.19000244140625,120.51000213623047,120.55999755859375,1109227
2026-05-15T15:30,120.55999755859375,120.73999786376953,120.04000091552734,120.08000183105469,458290
2026-05-15T17:30,120.05999755859375,120.4000015258789,119.8499984741211,119.91999816894531,1122158
2026-05-18T13:30,120.73999786376953,121.51000213623047,120.13999938964844,120.81999969482422,881167
2026-05-18T15:30,120.7699966430664,121.16999816894531,120.58000183105469,121.04000091552734,404139
2026-05-18T17:30,121.04000091552734,121.87999725341797,120.69000244140625,121.77999877929688,1076553
2026-05-19T13:30,121.73999786376953,123.05000305175781,121.44000244140625,122.73999786376953,852912
2026-05-19T15:30,122.7300033569336,123.37000274658203,122.52999877929688,123.16000366210938,878725
2026-05-19T17:30,123.16000366210938,123.56999969482422,122.66000366210938,123.45999908447266,1198417
2026-05-20T13:30,123.61000061035156,124.11000061035156,123.12000274658203,123.33999633789062,627570
2026-05-20T15:30,123.33000183105469,123.6500015258789,123.22000122070312,123.51000213623047,464132
2026-05-20T17:30,123.4800033569336,123.80000305175781,122.58999633789062,122.7300033569336,1031161
2026-05-21T13:30,122.5999984741211,123.47000122070312,122.18000030517578,123.38999938964844,365179
2026-05-21T15:30,123.37999725341797,123.58000183105469,123.22000122070312,123.3499984741211,252375
2026-05-21T17:30,123.3499984741211,123.72000122070312,122.77999877929688,123.56999969482422,697052
2026-05-22T13:30,123.36000061035156,124.23999786376953,123.13999938964844,123.63999938964844,451505
2026-05-22T15:30,123.66999816894531,124.4800033569336,123.66999816894531,124.13999938964844,360894
2026-05-22T17:30,124.1500015258789,124.79000091552734,124.05999755859375,124.55000305175781,936772
2026-05-26T13:30,124.5999984741211,124.70999908447266,123.91000366210938,124.11000061035156,580153
2026-05-26T15:30,124.12000274658203,124.66999816894531,124.04000091552734,124.48999786376953,308301
2026-05-26T17:30,124.48999786376953,124.69000244140625,123.86000061035156,123.91000366210938,792972
2026-05-27T13:30,123.43000030517578,124.55000305175781,123.04000091552734,124.12000274658203,441301
2026-05-27T15:30,124.11000061035156,124.37000274658203,123.91000366210938,124.06999969482422,315560
2026-05-27T17:30,124.06999969482422,124.47000122070312,123.93000030517578,124.27999877929688,1082925
2026-05-28T13:30,124.06999969482422,124.8499984741211,122.76000213623047,123.22000122070312,634404
2026-05-28T15:30,123.2300033569336,123.91999816894531,123.06999969482422,123.44000244140625,485735
2026-05-28T17:30,123.47000122070312,123.48999786376953,122.56999969482422,122.66999816894531,1218322
2026-05-29T13:30,122.87999725341797,123.33999633789062,121.58999633789062,122.19999694824219,598532
2026-05-29T15:30,122.19999694824219,122.41999816894531,122,122.1500015258789,373968
2026-05-29T17:30,122.16999816894531,122.16999816894531,121.22000122070312,121.6500015258789,1114252
2026-06-01T13:30,120.36000061035156,121.0999984741211,119.56999969482422,119.68000030517578,792439
2026-06-01T15:30,119.68000030517578,119.68000030517578,119.08000183105469,119.44000244140625,508408
2026-06-01T17:30,119.43000030517578,119.4800033569336,118.75,118.83999633789062,1195282
2026-06-02T13:30,119.01000213623047,119.94000244140625,118.72000122070312,119.37999725341797,561520
2026-06-02T15:30,119.37000274658203,119.87999725341797,119.1500015258789,119.73999786376953,761641
2026-06-02T17:30,119.73999786376953,120.18000030517578,119.66999816894531,120.0199966430664,975602
2026-06-03T13:30,120.27999877929688,122.38999938964844,120.18000030517578,121.48999786376953,555380
2026-06-03T15:30,121.48999786376953,121.87000274658203,121.4000015258789,121.43000030517578,454331
2026-06-03T17:30,121.4800033569336,121.52999877929688,119.94999694824219,120.05999755859375,1296026
2026-06-04T13:30,120.5199966430664,121.6500015258789,119.05000305175781,119.19999694824219,990156
2026-06-04T15:30,119.23999786376953,120.41999816894531,119.12000274658203,120.20999908447266,691747
2026-06-04T17:30,120.2300033569336,120.94000244140625,120.05000305175781,120.79000091552734,822196
2026-06-05T13:30,121.43000030517578,123.04000091552734,121.19999694824219,122.91000366210938,547788
2026-06-05T15:30,122.91999816894531,123.36000061035156,122.41999816894531,123.11000061035156,449512
2026-06-05T17:30,123.12999725341797,124.20999908447266,122.98999786376953,123.16000366210938,1416058
2026-06-08T13:30,122.79000091552734,123.47000122070312,121.45999908447266,121.62999725341797,605166
2026-06-08T15:30,121.63999938964844,121.6500015258789,120.91000366210938,120.98999786376953,429613
2026-06-08T17:30,121,121.44999694824219,120.83999633789062,121,1148926
2026-06-09T13:30,121.31999969482422,122.55999755859375,120.55000305175781,122.55000305175781,692169
2026-06-09T15:30,122.52999877929688,123.80999755859375,122.44000244140625,122.91000366210938,754446
2026-06-09T17:30,122.8499984741211,122.93000030517578,122.26000213623047,122.72000122070312,847270
2026-06-10T13:30,123.9000015258789,124.51000213623047,122.37000274658203,124.23999786376953,749966
2026-06-10T15:30,124.25,124.45999908447266,123.91999816894531,124.29000091552734,477832
2026-06-10T17:30,124.29000091552734,124.31999969482422,123.76000213623047,123.94999694824219,1085454
2026-06-11T13:30,124.44999694824219,125.1500015258789,124.18000030517578,124.4800033569336,640258
2026-06-11T15:30,124.45999908447266,124.51000213623047,123.94000244140625,123.97000122070312,513149
2026-06-11T17:30,123.97000122070312,124.29000091552734,123,123.0999984741211,1157827
2026-06-12T13:30,123.5999984741211,124.4000015258789,123.43000030517578,123.5199966430664,649494
2026-06-12T15:30,123.54000091552734,124.01000213623047,123.1500015258789,123.36000061035156,477628
2026-06-12T17:30,123.3499984741211,124.08000183105469,123.27999877929688,123.87000274658203,831402
2026-06-15T13:30,122.91999816894531,124.55999755859375,121.98999786376953,124.0199966430664,830233
2026-06-15T15:30,124.0199966430664,124.91999816894531,124.01000213623047,124.9000015258789,421058
2026-06-15T17:30,124.88999938964844,124.9000015258789,123.94000244140625,124.19999694824219,916905
2026-06-16T13:30,123.93000030517578,125.70999908447266,123.91000366210938,125.33000183105469,1059375
2026-06-16T15:30,125.33999633789062,125.86000061035156,124.41999816894531,124.55000305175781,499622
2026-06-16T17:30,124.5199966430664,124.95999908447266,124.16999816894531,124.95999908447266,1103781
2026-06-17T13:30,124.11000061035156,124.70999908447266,123.44000244140625,123.58000183105469,583415
2026-06-17T15:30,123.56999969482422,123.69000244140625,123.0199966430664,123.11000061035156,423315
2026-06-17T17:30,123.08000183105469,123.20999908447266,121.94000244140625,122.63999938964844,1217482
2026-06-18T13:30,121.93000030517578,123.68000030517578,121.93000030517578,123.62000274658203,1468428
2026-06-18T15:30,123.62999725341797,124.16000366210938,123.2300033569336,123.43000030517578,782268
2026-06-18T17:30,123.43000030517578,123.43000030517578,121.76000213623047,122.73999786376953,1821352
2026-06-22T13:30,122.4000015258789,123.62999725341797,122.2699966430664,123.4000015258789,635729
2026-06-22T15:30,123.4000015258789,123.45999908447266,123.05000305175781,123.20999908447266,366871
2026-06-22T17:30,123.19999694824219,123.44000244140625,122.33000183105469,122.44999694824219,1339807
2026-06-23T13:30,123.66000366210938,124.41000366210938,122.37000274658203,124.08000183105469,870975
2026-06-23T15:30,124.0999984741211,124.33999633789062,123.61000061035156,123.69000244140625,452866
2026-06-23T17:30,123.66999816894531,124.48999786376953,123.61000061035156,123.97000122070312,1401769
2026-06-24T13:30,124.76000213623047,124.9000015258789,123.66999816894531,124.19999694824219,840522
2026-06-24T15:30,124.2300033569336,124.52999877929688,123.63999938964844,123.95999908447266,423612
2026-06-24T17:30,123.97000122070312,125.44000244140625,123.94000244140625,125.4000015258789,1810963
2026-06-25T13:30,125.58999633789062,127.04000091552734,124.62000274658203,126.08000183105469,740503
2026-06-25T15:30,126.01000213623047,126.01000213623047,125.19000244140625,125.5999984741211,399214
2026-06-25T17:30,125.58999633789062,126.47000122070312,125.5,126.02999877929688,1196010
2026-06-26T13:30,126.73999786376953,127.16000366210938,126.38999938964844,127.05999755859375,455697
2026-06-26T15:30,127.04000091552734,127.29000091552734,126.70999908447266,126.80999755859375,441584
2026-06-26T17:30,126.81999969482422,127.36000061035156,126.43000030517578,127.2300033569336,1274598
2026-06-29T13:30,127.1500015258789,127.52999877929688,126.48999786376953,127.02999877929688,641622
2026-06-29T15:30,127.02999877929688,127.51000213623047,126.70999908447266,126.93000030517578,342605
2026-06-29T17:30,126.94000244140625,127.30000305175781,126.76000213623047,127.18000030517578,779336
2026-06-30T13:30,126.54000091552734,126.69000244140625,125.29000091552734,126.4000015258789,625230
2026-06-30T15:30,126.37999725341797,126.79000091552734,126.33999633789062,126.72000122070312,383376
2026-06-30T17:30,126.72000122070312,126.81999969482422,125.37999725341797,125.44999694824219,1201128
2026-07-01T13:30,125.4800033569336,125.69999694824219,124.47000122070312,124.69000244140625,780461
2026-07-01T15:30,124.68000030517578,125.23999786376953,124.5999984741211,124.77999877929688,665909
2026-07-01T17:30,124.7699966430664,124.94999694824219,124.13999938964844,124.69999694824219,1929505
2026-07-02T13:30,125.4000015258789,126.83000183105469,125.19999694824219,126.70999908447266,1186099
2026-07-02T15:30,126.69999694824219,127.19000244140625,126.16000366210938,126.8499984741211,1496237
2026-07-02T17:30,126.86000061035156,128.52999877929688,126.63999938964844,128.4199981689453,1697423
2026-07-06T13:30,128.0399932861328,128.30999755859375,125.76000213623047,125.77999877929688,1012052
2026-07-06T15:30,125.77999877929688,125.91000366210938,125.20999908447266,125.55999755859375,620444
2026-07-06T17:30,125.58000183105469,125.79000091552734,124.68000030517578,124.87000274658203,3019186
2026-07-07T13:30,126.33999633789062,129.22999572753906,125.80999755859375,128.1199951171875,717206
2026-07-07T15:30,128.1199951171875,128.27000427246094,127.16999816894531,127.22000122070312,486736
2026-07-07T17:30,127.2300033569336,127.93000030517578,126.87000274658203,127.0999984741211,1086606
2026-07-08T13:30,127.12999725341797,127.58999633789062,126.30999755859375,127.20999908447266,514040
2026-07-08T15:30,127.16999816894531,127.54000091552734,126.12000274658203,126.12000274658203,378305
2026-07-08T17:30,126.11000061035156,126.16999816894531,125.44000244140625,125.66999816894531,959537
2026-07-09T13:30,125.41999816894531,126.08999633789062,124.37000274658203,124.86000061035156,612446
2026-07-09T15:30,124.8499984741211,124.91000366210938,124.0199966430664,124.04000091552734,917544
2026-07-09T17:30,124.04000091552734,124.36000061035156,123.69000244140625,124.1500015258789,1511070
2026-07-10T13:30,124.06999969482422,125.05999755859375,124.06999969482422,124.33999633789062,506582
2026-07-10T15:30,124.33999633789062,124.55999755859375,123.5999984741211,123.93000030517578,493737
2026-07-10T17:30,123.95999908447266,124.54000091552734,123.81999969482422,124.37999725341797,1338822
2026-07-13T13:30,124.51000213623047,126.11000061035156,124.41000366210938,124.93000030517578,545602
2026-07-13T15:30,124.91000366210938,125.77999877929688,124.87999725341797,125.7300033569336,372900
2026-07-13T17:30,125.70999908447266,126.16999816894531,125.6500015258789,125.75,920268
2026-07-14T13:30,126.06999969482422,126.62000274658203,125.0999984741211,125.5999984741211,459283
2026-07-14T15:30,125.62999725341797,125.87000274658203,124.80000305175781,124.80999755859375,410801
2026-07-14T17:30,124.81999969482422,125.5199966430664,124.77999877929688,125.2699966430664,926578
2026-07-15T13:30,125.11000061035156,125.6500015258789,123.9000015258789,124.97000122070312,717334
2026-07-15T15:30,124.95999908447266,124.97000122070312,124.19000244140625,124.23999786376953,590238
2026-07-15T17:30,124.26000213623047,124.30999755859375,123.0199966430664,123.26000213623047,1288061
2026-07-16T13:30,123.61000061035156,125.1500015258789,123.2699966430664,124.76000213623047,708706
2026-07-16T15:30,124.75,124.87000274658203,124.12999725341797,124.30000305175781,552074
2026-07-16T17:30,124.29000091552734,125.05999755859375,124.26000213623047,124.94999694824219,1388895
2026-07-17T13:30,126.83999633789062,128.1300048828125,125.69999694824219,126.11000061035156,1048120
2026-07-17T15:30,126.12000274658203,126.18000030517578,123.68000030517578,123.9000015258789,986685
2026-07-17T17:30,123.88999938964844,124.16999816894531,123.56999969482422,123.91999816894531,1737598
2026-07-20T13:30,124.80999755859375,126.41000366210938,124.41000366210938,124.72000122070312,973712
2026-07-20T15:30,124.72000122070312,124.7699966430664,123.91999816894531,124.27999877929688,690806
2026-07-20T17:30,124.2699966430664,124.87999725341797,124.18000030517578,124.77999877929688,1554564
2026-07-21T13:30,124.01000213623047,124.69999694824219,123.55999755859375,123.75,903613
2026-07-21T15:30,123.75,124.41000366210938,123.52999877929688,124.27999877929688,628606
2026-07-21T17:30,124.2699966430664,124.81999969482422,124.23999786376953,124.77999877929688,1373744
2026-07-22T13:30,126.02999877929688,126.5999984741211,125.3499984741211,125.91999816894531,1011827
2026-07-22T15:30,125.94000244140625,126.5999984741211,125.83999633789062,126.29000091552734,437308
2026-07-22T17:30,126.27999877929688,126.86000061035156,126.16000366210938,126.80999755859375,1258904
2026-07-23T13:30,127.7300033569336,128.5800018310547,126.44999694824219,128.35000610351562,985396
2026-07-23T15:30,128.35000610351562,128.41000366210938,127.55999755859375,127.68000030517578,447250
2026-07-23T17:30,127.69999694824219,128.47999572753906,127.66000366210938,128.1300048828125,1224304
2026-07-24T13:30,128.2100067138672,129.86000061035156,128.1300048828125,129.08999633789062,768868
2026-07-24T15:30,129.08999633789062,129.13999938964844,128.39999389648438,128.58999633789062,355347
2026-07-24T17:30,128.57000732421875,129.5,128.52000427246094,129.36000061035156,1097754
2026-07-27T13:30,128.6199951171875,129.72999572753906,128.22999572753906,128.6199951171875,683831
2026-07-27T15:30,128.6300048828125,128.94000244140625,127.94000244140625,127.94999694824219,421661
2026-07-27T17:30,127.95999908447266,128.11000061035156,127.5199966430664,127.70999908447266,1090671
2026-07-28T13:30,128.69000244140625,131.49000549316406,128.50999450683594,130.25,1082175
2026-07-28T15:30,130.30999755859375,130.47000122070312,129.1999969482422,129.27999877929688,394084
2026-07-28T17:30,129.22999572753906,129.4499969482422,128.08999633789062,128.19000244140625,1232141
2026-07-29T13:30,128.6199951171875,129.14999389648438,127.80999755859375,128.55999755859375,825495
2026-07-29T15:30,128.5500030517578,129.08999633789062,128.22999572753906,128.49000549316406,671191
2026-07-29T17:30,128.47999572753906,128.83999633789062,127.23999786376953,127.97000122070312,1479697
2026-07-30T13:30,128.02999877929688,128.1699981689453,124.1500015258789,124.30999755859375,1596457
2026-07-30T15:30,124.31999969482422,125.66999816894531,124.29000091552734,125.23999786376953,674945
2026-07-30T17:30,125.23999786376953,125.69000244140625,125.06999969482422,125.18000030517578,1775800
2026-07-31T13:30,124.55000305175781,125.12999725341797,123.54000091552734,125.02999877929688,898813
2026-07-31T15:30,125.01000213623047,125.27999877929688,124.0999984741211,124.26000213623047,706931
2026-07-31T17:30,124.25,124.87999725341797,124.08000183105469,124.26000213623047,1430005
2026-08-03T13:30,123.91000366210938,124.91000366210938,123.30000305175781,123.77999877929688,1220632
2026-08-03T15:30,123.76000213623047,123.77999877929688,122.8499984741211,122.91000366210938,735913
2026-08-03T17:30,122.91000366210938,123.33000183105469,122.41999816894531,123.16999816894531,1810428
2026-08-04T13:30,122.43000030517578,122.95999908447266,120.73999786376953,122.94000244140625,1396046
2026-08-04T15:30,122.91000366210938,123.16999816894531,122.66999816894531,123.13999938964844,717437
2026-08-04T17:30,123.1500015258789,123.77999877929688,123.12999725341797,123.20999908447266,1792172
2026-08-05T13:30,123.2699966430664,123.2699966430664,121.30999755859375,121.44000244140625,1253046
2026-08-05T15:30,121.41999816894531,122.55000305175781,121.30000305175781,122.11000061035156,1028336
2026-08-05T17:30,122.0999984741211,122.33000183105469,121.6500015258789,122.2699966430664,1307839
2026-08-06T13:30,123.8499984741211,124.0199966430664,121.63999938964844,122.11000061035156,736949
2026-08-06T15:30,122.11000061035156,122.52999877929688,121.5199966430664,121.76000213623047,802385
2026-08-06T17:30,121.76000213623047,122.83999633789062,121.69000244140625,122.80000305175781,1577226
2026-08-07T13:30,121.93000030517578,123.9800033569336,121.2699966430664,123.4800033569336,958282
2026-08-07T15:30,123.44000244140625,124.25,123.33000183105469,124.0999984741211,513437
2026-08-07T17:30,124.08000183105469,124.30999755859375,123.66000366210938,123.77999877929688,1389591
2026-08-10T13:30,122.91999816894531,122.91999816894531,120.43000030517578,120.68000030517578,2361306
2026-08-10T15:30,120.69000244140625,121.36000061035156,120.55999755859375,121.16000366210938,1475138
2026-08-10T17:30,121.16999816894531,121.22000122070312,119.68000030517578,120.12000274658203,4383498
2026-08-11T13:30,120.19000244140625,121.23999786376953,119.80999755859375,120.80999755859375,2099368
2026-08-11T15:30,120.80000305175781,121.81999969482422,120.80000305175781,121.69999694824219,1415753
2026-08-11T17:30,121.69999694824219,122.2699966430664,121.5999984741211,122.12000274658203,2402304
2026-08-12T13:30,121.63999938964844,122.48999786376953,121.43000030517578,122.31999969482422,809729
2026-08-12T15:30,122.30999755859375,122.63999938964844,121.83999633789062,122.26000213623047,494219
2026-08-12T17:30,122.2699966430664,122.66000366210938,121.86000061035156,122.38999938964844,1284536
2026-08-13T13:30,122.69000244140625,123.56999969482422,122.54000091552734,122.98999786376953,693483
2026-08-13T15:30,122.98999786376953,123.33000183105469,122.86000061035156,123.02999877929688,609747
2026-08-13T17:30,123.0199966430664,123.48999786376953,122.80000305175781,123.41000366210938,1404170
2026-08-14T13:30,123.18000030517578,123.69999694824219,123.01000213623047,123.5999984741211,774776
2026-08-14T15:30,123.62000274658203,124.13700103759766,123.58999633789062,124.04499816894531,781791
2026-08-14T17:30,124.05999755859375,124.43000030517578,123.69999694824219,123.91999816894531,1332561
2026-08-17T13:30,123.25,123.79889678955078,122.8550033569336,123.06500244140625,558115
2026-08-17T15:30,123.06500244140625,123.73999786376953,122.9800033569336,123.63999938964844,544360
2026-08-17T17:30,123.6500015258789,124.05000305175781,123.54000091552734,123.5999984741211,1017804
2026-08-18T13:30,124.95999908447266,125.66000366210938,124.0199966430664,124.73500061035156,907931
2026-08-18T15:30,124.76000213623047,124.91999816894531,124.47000122070312,124.79499816894531,724190
2026-08-18T17:30,124.80999755859375,124.8499984741211,123.91000366210938,124.02999877929688,1572176
2026-08-19T13:30,124.7300033569336,125.11000061035156,123.45500183105469,123.55000305175781,690995
2026-08-19T15:30,123.54000091552734,123.7300033569336,123,123.66999816894531,409682
2026-08-19T17:30,123.67500305175781,124.125,123.54000091552734,123.61000061035156,1284030
2026-08-20T13:30,123.25,124.27999877929688,122.97000122070312,123.87999725341797,741285
2026-08-20T15:30,123.9000015258789,124.16999816894531,123.08999633789062,123.26000213623047,504171
2026-08-20T17:30,123.30000305175781,123.69999694824219,122.66000366210938,122.71499633789062,1347974
2026-08-21T13:30,122.83999633789062,123.04000091552734,120.41000366210938,120.47000122070312,1361930
2026-08-21T15:30,120.45999908447266,120.72989654541016,120.18000030517578,120.45999908447266,679893
2026-08-21T17:30,120.43000030517578,120.7699966430664,119.73999786376953,119.8499984741211,1523797
2026-08-24T13:30,120.19999694824219,121.20999908447266,119.98999786376953,120.78500366210938,767797
2026-08-24T15:30,120.73999786376953,122.08000183105469,120.69999694824219,121.80500030517578,674774
2026-08-24T17:30,121.79000091552734,122.20999908447266,121.70500183105469,121.97000122070312,1186787
2026-08-25T13:30,121.69999694824219,121.94000244140625,121.16000366210938,121.69000244140625,614120
2026-08-25T15:30,121.70999908447266,121.8550033569336,121.34010314941406,121.50499725341797,304290
2026-08-25T17:30,121.51000213623047,122.19999694824219,121.51000213623047,121.5999984741211,764792
2026-08-26T13:30,121.5999984741211,122.57450103759766,121.58999633789062,122.01000213623047,627137
2026-08-26T15:30,122,122.2300033569336,121.87999725341797,122.08499908447266,430211
2026-08-26T17:30,122.08499908447266,122.20999908447266,121.69999694824219,121.88999938964844,1051546
2026-08-27T13:30,120.80000305175781,121.17990112304688,120.0999984741211,120.5,744040
2026-08-27T15:30,120.45999908447266,121.11990356445312,120.45999908447266,120.88500213623047,494615
2026-08-27T17:30,120.88500213623047,121.08000183105469,120.73999786376953,120.87999725341797,1022306
2026-08-28T13:30,121.41000366210938,121.58499908447266,120.7699966430664,120.87000274658203,561206
2026-08-28T15:30,120.8499984741211,120.87999725341797,120.04000091552734,120.19000244140625,682864
2026-08-28T17:30,120.2249984741211,120.33999633789062,119.72000122070312,120.2300033569336,1031822
2026-08-31T13:30,119.5999984741211,120.08999633789062,119.04010009765625,120.03500366210938,898161
2026-08-31T15:30,120.05999755859375,120.5199966430664,119.69000244140625,119.95999908447266,503451
2026-08-31T17:30,119.97000122070312,120.30999755859375,119.87000274658203,119.88999938964844,1350337
2026-09-01T13:30,120.4800033569336,121.25,119.95999908447266,120.47000122070312,723821
2026-09-01T15:30,120.46499633789062,120.46499633789062,119.76000213623047,119.92500305175781,632246
2026-09-01T17:30,119.9104995727539,120.55999755859375,119.83999633789062,120.33000183105469,1108341
